observation_date,crude_name,refinery_id,gasoline_yield,diesel_yield,jet_fuel_yield,fuel_oil_yield,lpg_yield,naphtha_yield,other_yield,processing_volume_bpd
2024-04-09,WTI,REF_001,32.06,30.66,16.64,9.68,5.77,4.19,1.01,97179
2024-04-16,WTI,REF_001,30.07,29.59,15.59,8.86,3.68,3.0,9.2,47259
2024-04-23,WTI,REF_001,32.76,30.0,17.01,13.67,6.53,4.79,-4.75,77791
2024-04-30,WTI,REF_001,32.3,30.96,16.09,14.53,4.51,2.13,-0.52,78647
2024-05-07,WTI,REF_001,31.44,32.47,15.22,12.35,3.99,4.71,-0.18,19891
2024-05-14,WTI,REF_001,32.52,29.57,15.12,9.65,4.33,3.88,4.94,21855
2024-05-21,WTI,REF_001,30.89,30.03,16.78,8.31,4.42,3.89,5.67,92177
2024-05-28,WTI,REF_001,32.62,32.79,15.19,13.89,6.12,4.71,-5.32,38041
2024-06-04,WTI,REF_001,32.79,30.82,16.34,10.97,4.71,3.64,0.73,42033
2024-06-11,WTI,REF_001,32.31,31.75,16.45,9.62,6.88,3.98,-0.99,27747
2024-06-18,WTI,REF_001,32.15,29.91,15.19,11.69,5.21,2.57,3.28,41354
2024-06-25,WTI,REF_001,32.93,30.35,15.38,14.95,4.21,4.04,-1.86,30840
2024-07-02,WTI,REF_001,31.34,30.76,16.99,11.03,5.34,4.83,-0.29,99031
2024-07-09,WTI,REF_001,29.55,32.55,15.83,12.16,4.5,3.2,2.2,24297
2024-07-16,WTI,REF_001,31.43,31.4,15.45,11.79,6.89,4.14,-1.11,53288
2024-07-23,WTI,REF_001,32.81,31.51,15.34,11.83,3.72,4.3,0.48,97045
2024-07-30,WTI,REF_001,30.59,30.95,15.91,10.0,6.18,3.85,2.52,15764
2024-08-06,WTI,REF_001,32.5,29.96,17.03,10.64,5.47,2.23,2.18,41019
2024-08-13,WTI,REF_001,32.35,31.12,16.88,12.03,6.71,4.95,-4.04,50850
2024-08-20,WTI,REF_001,31.4,32.55,15.51,14.03,5.37,4.18,-3.04,17186
2024-08-27,WTI,REF_001,32.21,30.46,16.68,11.56,4.1,4.86,0.14,78855
2024-09-03,WTI,REF_001,33.09,30.67,16.37,12.28,5.75,2.11,-0.27,36254
2024-09-10,WTI,REF_001,32.78,30.91,16.99,9.49,6.99,4.09,-1.26,79875
2024-09-17,WTI,REF_001,30.73,32.84,16.16,12.77,3.38,3.9,0.23,89117
2024-09-24,WTI,REF_001,29.86,32.16,15.12,14.48,6.93,3.06,-1.62,19636
2024-10-01,WTI,REF_001,31.78,29.33,16.03,9.9,4.89,2.05,6.01,14645
2024-10-08,WTI,REF_001,29.21,31.69,16.19,9.63,5.59,4.65,3.04,34958
2024-10-15,WTI,REF_001,32.47,31.86,15.14,10.63,5.03,4.2,0.68,35841
2024-10-22,WTI,REF_001,33.07,31.95,15.81,8.68,3.73,3.46,3.29,54522
2024-10-29,WTI,REF_001,32.21,32.12,15.47,12.16,3.08,3.2,1.75,78769
2024-11-05,WTI,REF_001,30.74,32.56,17.02,12.25,3.58,3.14,0.71,10853
2024-11-12,WTI,REF_001,31.55,32.5,16.33,13.5,6.2,4.55,-4.64,33999
2024-11-19,WTI,REF_001,32.63,31.83,15.65,14.91,6.8,3.72,-5.54,85888
2024-11-26,WTI,REF_001,30.19,30.88,15.44,11.64,4.98,2.64,4.23,70552
2024-12-03,WTI,REF_001,29.61,29.46,15.84,10.87,4.28,2.77,7.17,40489
2024-12-10,WTI,REF_001,29.8,30.83,16.88,9.57,5.74,2.43,4.77,41851
2024-12-17,WTI,REF_001,30.43,32.96,15.92,12.83,5.41,2.42,0.02,94558
2024-12-24,WTI,REF_001,30.53,29.39,15.67,10.35,3.37,3.86,6.83,41208
2024-12-31,WTI,REF_001,31.66,29.24,17.03,9.19,5.64,4.15,3.09,25444
2025-01-07,WTI,REF_001,29.59,29.82,15.56,9.18,5.7,3.26,6.89,58401
2025-01-14,WTI,REF_001,29.33,32.66,15.41,10.52,3.29,2.41,6.38,69921
2025-01-21,WTI,REF_001,31.91,31.92,16.17,14.67,5.03,3.35,-3.05,32279
2025-01-28,WTI,REF_001,29.54,31.41,15.7,11.67,3.82,4.51,3.35,99972
2025-02-04,WTI,REF_001,30.43,32.58,16.81,14.97,4.37,4.27,-3.44,30592
2025-02-11,WTI,REF_001,31.64,32.03,16.55,9.45,6.39,3.26,0.67,29473
2025-02-18,WTI,REF_001,31.31,32.67,17.0,13.24,3.02,2.4,0.35,16864
2025-02-25,WTI,REF_001,29.55,30.75,15.74,8.8,6.53,3.85,4.79,81681
2025-03-04,WTI,REF_001,30.63,30.85,15.7,11.07,5.44,3.48,2.82,85412
2025-03-11,WTI,REF_001,32.74,31.09,15.55,14.62,5.94,3.92,-3.86,77087
2025-03-18,WTI,REF_001,29.45,29.48,15.37,9.03,4.68,2.47,9.51,86907
2025-03-25,WTI,REF_001,31.46,30.69,15.21,12.14,3.47,4.23,2.82,82248
2025-04-01,WTI,REF_001,31.32,29.81,16.64,10.15,3.89,3.41,4.77,93038
2025-04-08,WTI,REF_001,30.33,32.84,15.17,8.58,5.79,2.57,4.71,38495
2025-04-15,WTI,REF_001,29.69,30.54,15.63,13.15,5.81,4.86,0.31,75197
2025-04-22,WTI,REF_001,31.92,31.99,16.83,10.07,4.2,4.22,0.76,30583
2025-04-29,WTI,REF_001,32.79,31.35,15.67,13.43,4.25,4.89,-2.38,98469
2025-05-06,WTI,REF_001,31.81,29.67,15.59,11.61,6.41,2.55,2.36,19396
2025-05-13,WTI,REF_001,29.44,31.24,16.84,8.3,3.85,4.08,6.26,84327
2025-05-20,WTI,REF_001,32.37,32.35,15.33,10.78,6.94,4.97,-2.74,64218
2025-05-27,WTI,REF_001,31.98,33.02,15.97,8.96,5.68,4.88,-0.48,72748
2025-06-03,WTI,REF_001,32.36,30.9,15.26,9.18,6.93,3.48,1.89,11081
2025-06-10,WTI,REF_001,32.96,31.2,16.74,11.84,3.41,3.85,-0.0,99766
2025-06-17,WTI,REF_001,29.28,32.58,15.54,10.76,4.49,4.7,2.65,55403
2025-06-24,WTI,REF_001,30.93,32.49,15.17,8.61,3.09,4.06,5.66,57305
2025-07-01,WTI,REF_001,32.65,31.21,15.51,13.64,4.18,4.81,-1.99,32538
2025-07-08,WTI,REF_001,29.81,31.19,15.17,8.25,4.98,2.65,7.95,10841
2025-07-15,WTI,REF_001,30.33,31.12,15.86,8.95,5.32,4.13,4.3,70798
2025-07-22,WTI,REF_001,30.72,29.76,16.07,14.23,4.87,2.59,1.76,18374
2025-07-29,WTI,REF_001,32.92,32.19,15.69,10.07,6.58,2.53,0.02,58153
2025-08-05,WTI,REF_001,32.0,30.8,15.15,9.59,6.61,3.57,2.29,83389
2025-08-12,WTI,REF_001,31.37,32.99,16.89,11.38,4.27,3.81,-0.7,70739
2025-08-19,WTI,REF_001,31.14,32.5,15.43,10.34,5.75,2.74,2.1,49586
2025-08-26,WTI,REF_001,33.0,31.72,16.97,13.06,5.9,3.78,-4.41,22798
2025-09-02,WTI,REF_001,31.22,30.22,17.06,9.87,3.92,3.87,3.83,55985
2025-09-09,WTI,REF_001,29.23,29.73,16.69,11.39,3.58,3.4,5.98,32783
2025-09-16,WTI,REF_001,30.04,33.04,15.79,8.33,6.88,4.38,1.54,32897
2025-09-23,WTI,REF_001,30.78,32.66,15.78,11.97,5.14,3.2,0.46,67555
2025-09-30,WTI,REF_001,31.04,29.3,16.7,8.79,4.86,3.74,5.58,73495
2025-10-07,WTI,REF_001,30.79,32.16,15.33,12.57,6.31,4.67,-1.82,62160
2025-10-14,WTI,REF_001,30.39,29.87,15.76,11.78,3.79,4.86,3.56,90742
2025-10-21,WTI,REF_001,29.28,31.46,16.65,9.72,5.1,3.22,4.59,27689
2025-10-28,WTI,REF_001,31.6,33.19,15.8,11.87,4.31,4.63,-1.4,87814
2025-11-04,WTI,REF_001,29.86,32.81,15.37,8.67,5.61,3.16,4.52,57766
2025-11-11,WTI,REF_001,31.75,29.42,15.65,11.23,4.07,2.15,5.73,17800
2025-11-18,WTI,REF_001,32.35,32.86,15.37,9.74,5.61,4.86,-0.8,36963
2025-11-25,WTI,REF_001,32.56,31.24,16.98,8.95,6.89,3.32,0.05,95764
2025-12-02,WTI,REF_001,30.98,31.33,16.68,13.06,5.48,3.25,-0.78,81319
2025-12-09,WTI,REF_001,32.94,29.25,16.24,14.06,5.61,4.4,-2.51,90555
2025-12-16,WTI,REF_001,32.15,32.08,17.0,14.05,6.26,2.26,-3.79,31512
2025-12-23,WTI,REF_001,31.37,32.05,15.67,8.65,4.24,4.31,3.69,88966
2025-12-30,WTI,REF_001,32.79,30.73,15.81,10.85,4.5,4.0,1.31,42249
2026-01-06,WTI,REF_001,29.22,30.97,15.52,8.2,4.88,2.62,8.59,50746
2026-01-13,WTI,REF_001,30.25,31.63,17.05,11.83,5.59,4.76,-1.11,43660
2026-01-20,WTI,REF_001,29.81,30.34,15.87,12.52,3.02,4.56,3.88,16848
2026-01-27,WTI,REF_001,32.75,33.01,17.05,13.67,3.57,4.12,-4.16,28298
2026-02-03,WTI,REF_001,32.73,30.48,15.72,14.42,3.05,2.58,1.01,47973
2026-02-10,WTI,REF_001,31.95,31.8,16.41,14.16,3.48,3.57,-1.37,75292
2026-02-17,WTI,REF_001,31.69,31.01,15.1,8.42,3.48,3.03,7.28,20588
2026-02-24,WTI,REF_001,30.85,29.93,16.63,14.1,4.56,3.53,0.41,95814
2026-03-03,WTI,REF_001,31.29,33.19,15.35,14.04,4.99,2.07,-0.92,97500
2026-03-10,WTI,REF_001,33.0,30.75,16.98,8.99,5.72,2.58,1.99,32198
2026-03-17,WTI,REF_001,32.26,30.72,15.08,10.9,3.91,4.05,3.07,27500
2026-03-24,WTI,REF_001,32.51,30.28,15.85,10.09,5.58,2.3,3.39,53028
2026-03-31,WTI,REF_001,30.48,32.75,15.21,13.81,3.67,2.27,1.81,28209
2026-04-07,WTI,REF_001,29.55,31.3,17.04,8.24,4.84,3.16,5.86,40564
2024-04-09,WTI,REF_002,31.42,36.17,11.88,10.94,4.22,2.28,3.08,20289
2024-04-16,WTI,REF_002,29.52,38.45,11.38,13.2,4.16,4.65,-1.35,48549
2024-04-23,WTI,REF_002,29.01,39.1,11.47,11.97,5.28,3.12,0.05,95633
2024-04-30,WTI,REF_002,31.7,38.48,13.06,11.2,3.39,4.3,-2.12,44273
2024-05-07,WTI,REF_002,29.08,37.09,12.97,9.2,6.39,3.25,2.01,22312
2024-05-14,WTI,REF_002,31.72,39.04,11.7,10.12,4.56,4.44,-1.58,10937
2024-05-21,WTI,REF_002,29.22,37.98,11.93,10.31,6.49,4.75,-0.68,95318
2024-05-28,WTI,REF_002,29.41,38.81,12.59,9.08,5.44,2.08,2.59,73754
2024-06-04,WTI,REF_002,31.26,38.32,11.46,12.4,3.72,4.84,-1.99,70750
2024-06-11,WTI,REF_002,28.7,35.91,12.44,11.34,5.95,2.84,2.82,69212
2024-06-18,WTI,REF_002,29.03,37.33,13.03,12.4,3.2,4.97,0.04,24117
2024-06-25,WTI,REF_002,31.2,37.29,11.7,9.24,3.71,4.58,2.28,88562
2024-07-02,WTI,REF_002,30.18,35.57,12.88,11.41,4.76,3.22,1.97,42851
2024-07-09,WTI,REF_002,30.43,37.58,12.05,14.28,4.27,3.73,-2.33,36995
2024-07-16,WTI,REF_002,31.34,35.57,11.49,13.61,3.73,3.88,0.39,97321
2024-07-23,WTI,REF_002,30.41,35.91,11.76,13.76,4.41,4.17,-0.42,79961
2024-07-30,WTI,REF_002,30.33,38.29,11.75,11.61,5.75,2.5,-0.23,34625
2024-08-06,WTI,REF_002,30.93,37.78,12.1,13.57,4.93,4.64,-3.95,76231
2024-08-13,WTI,REF_002,29.58,36.74,12.45,14.26,3.71,3.54,-0.29,20690
2024-08-20,WTI,REF_002,29.44,37.9,11.27,12.64,6.6,4.91,-2.76,29496
2024-08-27,WTI,REF_002,31.32,38.87,11.3,10.9,6.68,2.61,-1.66,94038
2024-09-03,WTI,REF_002,30.43,35.56,12.01,10.28,4.13,3.62,3.96,53523
2024-09-10,WTI,REF_002,30.25,35.51,12.72,11.37,6.28,4.47,-0.61,38542
2024-09-17,WTI,REF_002,28.34,38.81,12.64,8.75,5.81,2.06,3.6,12498
2024-09-24,WTI,REF_002,30.43,35.54,13.04,14.26,5.6,2.19,-1.06,39235
2024-10-01,WTI,REF_002,29.81,37.08,11.45,12.04,4.74,4.84,0.03,94257
2024-10-08,WTI,REF_002,30.58,37.74,11.39,9.56,6.6,4.1,0.02,27048
2024-10-15,WTI,REF_002,30.6,38.9,11.8,9.3,6.77,3.38,-0.76,47551
2024-10-22,WTI,REF_002,29.39,38.73,12.81,10.82,3.12,3.34,1.79,26277
2024-10-29,WTI,REF_002,28.89,36.73,11.31,14.7,3.19,3.2,1.97,24643
2024-11-05,WTI,REF_002,31.08,35.48,12.21,13.41,6.8,4.1,-3.07,18954
2024-11-12,WTI,REF_002,28.68,38.09,11.54,11.13,6.91,4.46,-0.81,86193
2024-11-19,WTI,REF_002,31.77,37.64,12.6,10.51,6.99,2.84,-2.35,63100
2024-11-26,WTI,REF_002,29.45,35.61,12.25,10.47,5.33,3.68,3.21,58803
2024-12-03,WTI,REF_002,28.82,36.92,12.74,10.21,4.78,3.48,3.06,87645
2024-12-10,WTI,REF_002,30.95,35.56,12.84,13.82,6.01,3.4,-2.59,78179
2024-12-17,WTI,REF_002,30.24,38.11,12.87,14.23,4.82,4.58,-4.85,19131
2024-12-24,WTI,REF_002,28.73,37.35,12.42,9.07,4.89,2.28,5.26,64188
2024-12-31,WTI,REF_002,31.74,38.11,11.87,14.96,5.65,4.45,-6.78,70272
2025-01-07,WTI,REF_002,32.28,38.45,12.15,10.57,5.73,3.77,-2.95,66641
2025-01-14,WTI,REF_002,29.7,36.88,12.23,13.87,6.05,2.36,-1.08,32099
2025-01-21,WTI,REF_002,28.43,35.19,11.56,13.6,6.62,3.18,1.43,60687
2025-01-28,WTI,REF_002,31.15,38.97,12.94,8.4,3.99,2.15,2.4,65488
2025-02-04,WTI,REF_002,31.17,36.39,12.82,11.17,6.99,2.0,-0.54,19854
2025-02-11,WTI,REF_002,29.53,35.26,12.68,8.37,6.0,2.16,6.01,32745
2025-02-18,WTI,REF_002,31.69,38.96,11.94,14.79,5.51,3.25,-6.14,82252
2025-02-25,WTI,REF_002,29.5,36.22,12.43,10.73,3.54,2.2,5.37,80905
2025-03-04,WTI,REF_002,31.03,36.81,12.91,10.88,5.84,4.73,-2.18,85664
2025-03-11,WTI,REF_002,30.37,37.88,11.94,12.53,4.03,3.3,-0.06,28859
2025-03-18,WTI,REF_002,28.48,37.51,12.84,8.18,3.78,3.38,5.82,69930
2025-03-25,WTI,REF_002,29.01,35.39,12.15,13.73,3.14,3.05,3.53,69716
2025-04-01,WTI,REF_002,28.85,36.1,12.18,14.67,4.15,3.46,0.58,45993
2025-04-08,WTI,REF_002,31.91,35.45,12.25,13.92,6.95,4.1,-4.58,44194
2025-04-15,WTI,REF_002,29.97,36.57,12.32,13.18,6.28,3.25,-1.56,74503
2025-04-22,WTI,REF_002,31.99,38.84,12.52,12.46,5.13,2.55,-3.49,21126
2025-04-29,WTI,REF_002,30.27,35.8,12.27,12.52,5.1,2.11,1.94,15195
2025-05-06,WTI,REF_002,28.78,35.77,13.09,10.41,4.17,2.16,5.62,67178
2025-05-13,WTI,REF_002,30.93,35.86,12.95,13.6,3.92,3.46,-0.73,51255
2025-05-20,WTI,REF_002,29.72,38.43,11.33,10.91,4.71,3.41,1.49,87521
2025-05-27,WTI,REF_002,29.2,35.57,12.35,9.22,3.3,3.28,7.09,29768
2025-06-03,WTI,REF_002,29.77,36.2,11.3,11.92,3.11,4.9,2.8,40719
2025-06-10,WTI,REF_002,31.1,38.4,11.67,13.24,6.33,2.72,-3.47,99324
2025-06-17,WTI,REF_002,28.41,36.03,12.67,9.36,5.79,4.57,3.17,96329
2025-06-24,WTI,REF_002,30.22,39.04,11.94,9.53,5.06,3.95,0.27,51216
2025-07-01,WTI,REF_002,30.59,36.83,12.16,14.67,5.0,2.76,-2.01,78287
2025-07-08,WTI,REF_002,29.67,38.42,11.23,10.33,3.38,2.26,4.72,69255
2025-07-15,WTI,REF_002,29.86,38.65,12.15,10.07,5.88,3.87,-0.48,81963
2025-07-22,WTI,REF_002,30.9,35.83,12.45,10.74,4.85,4.76,0.46,42396
2025-07-29,WTI,REF_002,30.77,36.61,11.3,11.17,5.39,3.22,1.53,45159
2025-08-05,WTI,REF_002,31.6,35.28,11.71,13.68,6.68,3.24,-2.19,89991
2025-08-12,WTI,REF_002,29.12,36.05,12.81,14.32,3.89,2.18,1.64,18129
2025-08-19,WTI,REF_002,29.37,38.21,12.13,11.19,5.34,4.67,-0.9,18138
2025-08-26,WTI,REF_002,31.1,38.87,11.54,13.86,5.79,2.04,-3.21,30845
2025-09-02,WTI,REF_002,30.75,37.17,12.17,9.62,5.7,2.8,1.79,45049
2025-09-09,WTI,REF_002,29.8,37.85,11.29,9.44,3.8,2.33,5.49,28683
2025-09-16,WTI,REF_002,30.75,38.09,12.43,11.33,3.21,4.88,-0.69,25126
2025-09-23,WTI,REF_002,31.0,38.81,12.51,9.53,4.26,2.09,1.8,65148
2025-09-30,WTI,REF_002,30.78,38.06,11.14,13.72,5.95,2.42,-2.08,41286
2025-10-07,WTI,REF_002,30.88,37.14,11.34,8.61,6.13,2.47,3.43,25488
2025-10-14,WTI,REF_002,31.65,37.61,12.32,11.36,5.28,3.81,-2.02,97104
2025-10-21,WTI,REF_002,29.21,36.02,11.23,12.61,5.2,2.33,3.4,42808
2025-10-28,WTI,REF_002,29.04,36.49,13.02,12.78,3.03,2.76,2.89,10932
2025-11-04,WTI,REF_002,31.18,37.04,13.1,13.14,5.07,4.41,-3.94,73432
2025-11-11,WTI,REF_002,29.3,37.28,12.23,11.16,3.72,2.67,3.65,35294
2025-11-18,WTI,REF_002,28.36,38.83,12.49,12.83,5.29,4.07,-1.86,98367
2025-11-25,WTI,REF_002,29.86,38.01,11.83,13.98,6.43,4.71,-4.83,10491
2025-12-02,WTI,REF_002,29.52,35.7,12.02,11.47,4.02,4.17,3.1,34279
2025-12-09,WTI,REF_002,31.74,35.87,11.85,12.36,5.42,2.23,0.53,86163
2025-12-16,WTI,REF_002,30.72,38.64,12.85,11.82,6.64,4.55,-5.21,96231
2025-12-23,WTI,REF_002,31.73,38.44,12.05,9.48,6.64,4.17,-2.52,35357
2025-12-30,WTI,REF_002,29.69,37.9,12.07,8.57,3.57,4.24,3.97,39571
2026-01-06,WTI,REF_002,30.35,38.23,12.62,9.17,3.39,3.77,2.47,76746
2026-01-13,WTI,REF_002,28.92,36.65,12.85,14.61,4.82,2.24,-0.09,33192
2026-01-20,WTI,REF_002,29.25,36.12,12.1,12.08,3.49,4.67,2.29,65797
2026-01-27,WTI,REF_002,30.71,39.11,12.37,14.5,4.15,2.72,-3.56,56486
2026-02-03,WTI,REF_002,30.36,36.07,12.51,8.21,5.76,3.37,3.72,72010
2026-02-10,WTI,REF_002,30.23,39.07,11.78,14.88,3.26,4.05,-3.27,50879
2026-02-17,WTI,REF_002,31.61,38.32,12.71,8.66,6.29,2.64,-0.24,12311
2026-02-24,WTI,REF_002,29.19,37.08,12.6,9.53,3.45,3.94,4.21,98550
2026-03-03,WTI,REF_002,30.73,37.92,12.24,13.48,6.9,3.63,-4.9,47511
2026-03-10,WTI,REF_002,31.76,39.04,11.37,12.05,6.17,3.6,-3.99,46827
2026-03-17,WTI,REF_002,30.94,36.24,11.81,14.95,5.55,4.62,-4.11,82699
2026-03-24,WTI,REF_002,30.93,38.52,11.69,12.46,5.36,3.87,-2.83,25176
2026-03-31,WTI,REF_002,29.43,36.31,12.32,14.81,6.82,2.68,-2.36,37436
2026-04-07,WTI,REF_002,28.47,36.76,12.78,14.41,3.95,2.8,0.84,29876
2024-04-09,WTI,REF_003,31.59,36.77,15.4,9.6,3.04,4.34,-0.74,86240
2024-04-16,WTI,REF_003,31.52,34.74,16.41,8.32,3.42,3.32,2.27,52853
2024-04-23,WTI,REF_003,31.72,37.16,15.19,9.58,4.14,2.37,-0.16,35888
2024-04-30,WTI,REF_003,31.37,35.4,16.55,11.29,4.29,3.24,-2.14,73854
2024-05-07,WTI,REF_003,30.52,34.47,16.73,8.46,6.75,2.08,0.99,79388
2024-05-14,WTI,REF_003,30.59,36.46,15.03,9.67,6.11,4.67,-2.53,57620
2024-05-21,WTI,REF_003,29.86,34.68,16.25,9.95,3.22,4.0,2.05,53714
2024-05-28,WTI,REF_003,28.5,34.88,16.28,8.45,6.46,2.93,2.5,17979
2024-06-04,WTI,REF_003,31.49,36.54,15.49,10.84,3.09,3.99,-1.44,42919
2024-06-11,WTI,REF_003,31.31,36.95,16.18,13.55,5.52,3.26,-6.77,45093
2024-06-18,WTI,REF_003,28.93,37.56,16.4,9.72,6.45,3.77,-2.83,53081
2024-06-25,WTI,REF_003,28.52,35.97,16.16,8.63,4.84,4.98,0.9,74488
2024-07-02,WTI,REF_003,30.64,36.57,14.97,14.7,6.71,4.05,-7.64,18911
2024-07-09,WTI,REF_003,29.28,35.17,15.92,9.45,5.78,3.64,0.75,11589
2024-07-16,WTI,REF_003,31.43,35.19,16.53,10.49,4.35,2.04,-0.03,98895
2024-07-23,WTI,REF_003,30.9,36.13,15.07,12.89,4.13,4.96,-4.09,95549
2024-07-30,WTI,REF_003,31.39,38.32,15.09,9.96,4.01,2.22,-1.0,97500
2024-08-06,WTI,REF_003,28.69,37.86,16.42,10.63,3.08,2.02,1.3,28359
2024-08-13,WTI,REF_003,30.43,36.27,16.05,13.4,4.51,2.48,-3.14,82004
2024-08-20,WTI,REF_003,29.78,35.59,16.41,14.54,6.66,2.41,-5.39,55284
2024-08-27,WTI,REF_003,28.82,38.28,15.31,9.38,6.56,4.9,-3.26,72786
2024-09-03,WTI,REF_003,28.93,36.38,16.51,12.01,3.53,2.52,0.12,87772
2024-09-10,WTI,REF_003,30.56,37.26,15.63,11.73,6.91,2.99,-5.07,70730
2024-09-17,WTI,REF_003,29.14,34.93,16.45,13.91,5.67,2.47,-2.57,31652
2024-09-24,WTI,REF_003,32.1,35.59,16.52,10.0,6.76,4.74,-5.71,13893
2024-10-01,WTI,REF_003,31.53,35.12,15.31,11.22,5.31,2.98,-1.46,61784
2024-10-08,WTI,REF_003,29.13,34.53,16.02,11.62,5.76,3.95,-1.01,90773
2024-10-15,WTI,REF_003,30.29,34.47,16.14,12.73,5.09,4.07,-2.78,39122
2024-10-22,WTI,REF_003,29.05,37.1,15.37,11.19,4.97,3.43,-1.11,63860
2024-10-29,WTI,REF_003,28.57,38.4,16.31,10.98,3.77,2.24,-0.26,70497
2024-11-05,WTI,REF_003,29.72,35.36,15.64,12.15,5.69,3.94,-2.49,87693
2024-11-12,WTI,REF_003,29.33,36.99,15.08,11.84,5.34,2.65,-1.21,45252
2024-11-19,WTI,REF_003,31.76,35.03,15.75,14.53,5.02,4.18,-6.26,84417
2024-11-26,WTI,REF_003,29.27,35.31,16.4,13.27,3.24,2.97,-0.46,45867
2024-12-03,WTI,REF_003,31.77,36.13,16.73,14.98,6.12,4.0,-9.72,45270
2024-12-10,WTI,REF_003,28.72,36.73,15.6,10.46,5.75,3.39,-0.65,77688
2024-12-17,WTI,REF_003,30.04,35.04,15.8,14.66,6.21,2.62,-4.37,45217
2024-12-24,WTI,REF_003,32.16,34.93,15.39,9.84,5.28,3.23,-0.84,17188
2024-12-31,WTI,REF_003,30.97,34.83,16.09,11.55,4.97,2.2,-0.62,67529
2025-01-07,WTI,REF_003,30.18,36.08,16.07,12.24,3.06,2.38,-0.01,31286
2025-01-14,WTI,REF_003,31.16,36.75,16.4,13.18,6.41,3.13,-7.03,41055
2025-01-21,WTI,REF_003,31.77,35.39,15.8,9.36,6.66,3.22,-2.21,29123
2025-01-28,WTI,REF_003,31.22,35.42,16.77,10.57,5.66,3.04,-2.67,82652
2025-02-04,WTI,REF_003,32.04,37.59,16.58,8.71,6.7,3.87,-5.49,88229
2025-02-11,WTI,REF_003,31.19,35.25,16.1,8.64,5.78,3.23,-0.18,23655
2025-02-18,WTI,REF_003,32.37,38.04,16.67,13.52,5.77,3.97,-10.33,19548
2025-02-25,WTI,REF_003,32.05,37.96,16.38,14.49,5.21,3.34,-9.44,97115
2025-03-04,WTI,REF_003,30.31,37.0,15.63,12.45,5.88,3.87,-5.15,56310
2025-03-11,WTI,REF_003,29.65,37.01,16.7,8.05,3.54,2.36,2.69,93088
2025-03-18,WTI,REF_003,31.1,38.25,16.05,11.23,6.17,2.48,-5.28,44320
2025-03-25,WTI,REF_003,30.32,35.63,15.62,8.55,3.79,3.01,3.08,81630
2025-04-01,WTI,REF_003,29.18,35.82,15.01,11.9,5.45,4.6,-1.96,83720
2025-04-08,WTI,REF_003,29.59,34.99,15.19,14.78,5.69,2.13,-2.37,22310
2025-04-15,WTI,REF_003,30.39,35.27,16.49,12.01,5.45,3.39,-3.0,33045
2025-04-22,WTI,REF_003,30.81,37.31,15.62,11.53,6.36,2.45,-4.08,59070
2025-04-29,WTI,REF_003,29.84,37.25,14.92,12.69,3.41,2.19,-0.31,75216
2025-05-06,WTI,REF_003,31.01,38.02,15.92,11.71,5.83,2.97,-5.46,13322
2025-05-13,WTI,REF_003,29.37,35.39,15.55,14.6,6.22,4.81,-5.94,99874
2025-05-20,WTI,REF_003,30.19,35.35,16.0,14.17,4.86,3.52,-4.08,22099
2025-05-27,WTI,REF_003,30.13,35.99,15.58,14.21,3.24,4.92,-4.07,10742
2025-06-03,WTI,REF_003,32.23,36.63,16.29,9.31,5.62,4.65,-4.72,22553
2025-06-10,WTI,REF_003,28.96,35.65,15.2,8.77,5.71,2.64,3.05,70031
2025-06-17,WTI,REF_003,31.9,37.05,15.12,12.02,4.57,3.03,-3.68,38667
2025-06-24,WTI,REF_003,32.17,37.41,15.15,11.33,4.27,4.93,-5.26,98022
2025-07-01,WTI,REF_003,29.73,35.85,16.08,11.36,3.85,3.98,-0.84,40071
2025-07-08,WTI,REF_003,31.07,35.97,16.28,12.67,5.04,4.11,-5.14,51486
2025-07-15,WTI,REF_003,28.92,35.17,15.37,8.44,5.85,3.1,3.15,18417
2025-07-22,WTI,REF_003,31.73,37.17,15.79,9.73,3.61,3.38,-1.4,89672
2025-07-29,WTI,REF_003,29.2,36.71,16.8,12.46,4.76,4.15,-4.09,84212
2025-08-05,WTI,REF_003,30.81,37.93,15.91,13.81,6.81,3.5,-8.77,64450
2025-08-12,WTI,REF_003,30.89,37.56,16.53,8.19,5.93,4.35,-3.45,73038
2025-08-19,WTI,REF_003,31.31,34.6,15.77,13.73,6.74,2.69,-4.83,62127
2025-08-26,WTI,REF_003,31.67,37.45,16.12,8.13,5.9,4.32,-3.58,75056
2025-09-02,WTI,REF_003,31.51,36.16,16.87,13.4,5.31,4.8,-8.06,91737
2025-09-09,WTI,REF_003,31.71,36.69,15.94,10.3,4.0,3.54,-2.18,62000
2025-09-16,WTI,REF_003,29.43,38.13,16.0,11.69,4.74,2.17,-2.16,89416
2025-09-23,WTI,REF_003,29.72,37.01,16.1,12.09,5.1,2.54,-2.56,35254
2025-09-30,WTI,REF_003,30.55,37.6,15.75,9.43,3.35,3.99,-0.66,48100
2025-10-07,WTI,REF_003,28.95,37.14,15.3,11.56,4.22,4.8,-1.97,30545
2025-10-14,WTI,REF_003,30.13,38.28,15.52,12.51,4.27,2.33,-3.04,66479
2025-10-21,WTI,REF_003,32.11,36.25,16.13,12.26,4.66,3.84,-5.26,33338
2025-10-28,WTI,REF_003,29.96,36.21,16.61,10.44,5.54,2.64,-1.4,32731
2025-11-04,WTI,REF_003,31.04,37.49,15.81,10.35,6.64,2.41,-3.73,74864
2025-11-11,WTI,REF_003,31.21,37.2,16.75,13.1,4.21,3.06,-5.53,45199
2025-11-18,WTI,REF_003,28.57,38.09,15.03,12.9,5.92,4.53,-5.04,59802
2025-11-25,WTI,REF_003,31.35,35.65,16.37,10.4,6.61,2.49,-2.88,38418
2025-12-02,WTI,REF_003,30.45,37.54,16.38,9.48,3.58,2.91,-0.33,53537
2025-12-09,WTI,REF_003,30.61,36.15,16.21,10.99,6.79,2.78,-3.53,66463
2025-12-16,WTI,REF_003,30.9,35.56,15.7,10.56,3.69,3.43,0.15,44799
2025-12-23,WTI,REF_003,29.16,36.24,15.72,8.92,3.52,3.94,2.49,73592
2025-12-30,WTI,REF_003,32.22,34.79,15.12,8.36,5.13,3.87,0.52,46317
2026-01-06,WTI,REF_003,31.64,37.18,16.85,8.97,3.23,2.82,-0.7,11714
2026-01-13,WTI,REF_003,32.18,35.65,15.99,10.23,3.98,2.46,-0.49,38832
2026-01-20,WTI,REF_003,30.91,38.32,16.0,11.73,3.14,4.52,-4.62,14035
2026-01-27,WTI,REF_003,32.08,36.59,15.22,11.16,6.98,2.92,-4.94,34251
2026-02-03,WTI,REF_003,28.92,36.83,15.06,13.36,6.68,4.8,-5.64,19712
2026-02-10,WTI,REF_003,30.68,34.83,16.03,13.7,5.15,4.62,-5.01,82150
2026-02-17,WTI,REF_003,29.56,36.96,14.9,10.77,3.95,4.81,-0.95,46485
2026-02-24,WTI,REF_003,31.07,37.37,16.43,13.15,4.16,4.06,-6.23,59410
2026-03-03,WTI,REF_003,30.84,34.44,15.4,14.51,4.16,3.31,-2.67,26800
2026-03-10,WTI,REF_003,29.01,35.27,15.99,14.43,4.3,2.97,-1.97,60772
2026-03-17,WTI,REF_003,29.88,38.08,15.64,11.43,5.13,4.35,-4.51,60751
2026-03-24,WTI,REF_003,29.41,34.93,16.76,13.61,3.09,4.46,-2.27,63153
2026-03-31,WTI,REF_003,30.53,34.49,16.44,9.39,5.91,2.05,1.2,81671
2026-04-07,WTI,REF_003,28.54,35.38,15.42,9.1,4.92,2.85,3.78,99395
2024-04-09,WTI,REF_004,31.69,33.03,13.85,10.32,6.01,3.12,1.99,98988
2024-04-16,WTI,REF_004,30.74,32.54,13.51,14.67,5.59,2.26,0.69,58643
2024-04-23,WTI,REF_004,33.7,32.56,12.66,13.7,6.58,4.12,-3.31,99240
2024-04-30,WTI,REF_004,30.42,34.71,13.7,12.92,6.17,4.75,-2.68,42547
2024-05-07,WTI,REF_004,30.23,33.98,13.67,9.49,6.24,2.66,3.72,10905
2024-05-14,WTI,REF_004,32.09,35.44,13.02,13.24,4.75,2.52,-1.07,18150
2024-05-21,WTI,REF_004,32.9,34.07,14.15,11.78,4.39,3.05,-0.35,21829
2024-05-28,WTI,REF_004,32.43,34.86,13.93,9.41,4.16,2.29,2.92,36580
2024-06-04,WTI,REF_004,31.77,36.39,13.63,13.48,4.3,2.43,-2.01,33104
2024-06-11,WTI,REF_004,31.09,34.86,13.01,14.0,6.95,3.03,-2.94,73455
2024-06-18,WTI,REF_004,32.69,33.31,14.16,9.4,5.95,3.04,1.45,43037
2024-06-25,WTI,REF_004,31.88,35.99,12.61,8.38,4.61,2.17,4.37,71884
2024-07-02,WTI,REF_004,33.1,35.95,13.81,14.41,5.99,4.81,-8.08,27379
2024-07-09,WTI,REF_004,32.06,36.51,13.69,14.15,3.12,4.62,-4.14,72794
2024-07-16,WTI,REF_004,30.74,32.63,12.85,14.41,5.67,4.76,-1.06,50153
2024-07-23,WTI,REF_004,33.81,34.38,12.73,9.06,6.98,3.0,0.04,24404
2024-07-30,WTI,REF_004,30.09,33.67,14.1,11.74,5.53,4.77,0.09,56155
2024-08-06,WTI,REF_004,33.41,33.83,14.28,8.55,5.9,3.98,0.05,27250
2024-08-13,WTI,REF_004,31.62,33.78,12.51,12.09,6.97,3.68,-0.66,59073
2024-08-20,WTI,REF_004,30.22,33.09,13.35,14.9,6.51,3.02,-1.08,58870
2024-08-27,WTI,REF_004,32.27,35.27,13.7,13.53,3.1,4.83,-2.7,16305
2024-09-03,WTI,REF_004,31.96,36.21,13.3,8.45,3.92,3.74,2.43,17907
2024-09-10,WTI,REF_004,31.75,33.85,13.96,8.77,5.73,3.22,2.72,62897
2024-09-17,WTI,REF_004,30.88,34.97,13.67,8.49,6.3,4.58,1.1,15719
2024-09-24,WTI,REF_004,32.47,34.91,12.35,10.4,6.88,3.67,-0.67,93989
2024-10-01,WTI,REF_004,32.76,32.65,12.48,13.06,5.22,2.38,1.46,65265
2024-10-08,WTI,REF_004,33.3,35.54,12.82,9.81,6.87,4.66,-3.0,38650
2024-10-15,WTI,REF_004,33.36,33.18,12.72,9.27,3.35,4.56,3.56,62092
2024-10-22,WTI,REF_004,31.1,35.93,13.93,8.71,5.58,4.17,0.6,74424
2024-10-29,WTI,REF_004,32.95,33.21,12.96,13.91,6.59,2.84,-2.46,12071
2024-11-05,WTI,REF_004,33.5,34.04,12.98,10.43,4.66,3.13,1.25,60978
2024-11-12,WTI,REF_004,30.38,36.42,14.2,14.54,6.52,3.98,-6.03,29899
2024-11-19,WTI,REF_004,30.26,32.93,12.97,11.53,6.97,3.31,2.03,57218
2024-11-26,WTI,REF_004,32.84,33.25,14.19,11.7,4.11,4.81,-0.9,66290
2024-12-03,WTI,REF_004,31.99,34.85,13.82,9.08,6.46,4.88,-1.09,61029
2024-12-10,WTI,REF_004,32.79,35.97,13.07,14.95,5.72,3.27,-5.78,70960
2024-12-17,WTI,REF_004,32.15,32.98,13.92,11.95,6.18,2.46,0.36,58452
2024-12-24,WTI,REF_004,33.13,36.49,14.09,14.05,3.99,4.51,-6.26,25235
2024-12-31,WTI,REF_004,30.85,32.97,14.04,8.76,3.55,2.74,7.09,61539
2025-01-07,WTI,REF_004,33.58,34.2,13.42,9.17,4.06,2.4,3.17,46892
2025-01-14,WTI,REF_004,32.42,33.67,14.02,14.87,3.48,2.05,-0.51,81079
2025-01-21,WTI,REF_004,30.82,33.94,13.11,14.42,5.64,2.12,-0.05,11332
2025-01-28,WTI,REF_004,30.86,33.8,13.29,13.86,4.26,3.13,0.79,39640
2025-02-04,WTI,REF_004,30.1,36.35,12.6,10.01,3.52,3.47,3.95,93894
2025-02-11,WTI,REF_004,30.46,34.3,12.37,13.4,5.56,4.1,-0.19,52510
2025-02-18,WTI,REF_004,33.69,34.17,13.35,12.87,5.08,2.57,-1.73,38536
2025-02-25,WTI,REF_004,30.43,34.26,13.54,8.83,5.52,4.68,2.73,40395
2025-03-04,WTI,REF_004,30.95,36.1,13.71,8.74,4.63,4.02,1.85,61694
2025-03-11,WTI,REF_004,32.53,34.8,13.92,10.24,5.83,4.97,-2.31,45096
2025-03-18,WTI,REF_004,33.22,33.52,12.89,14.54,3.1,2.65,0.07,53462
2025-03-25,WTI,REF_004,31.67,35.05,12.71,8.49,4.48,3.57,4.03,60580
2025-04-01,WTI,REF_004,32.47,34.73,12.82,13.35,3.35,2.6,0.69,76544
2025-04-08,WTI,REF_004,31.18,34.51,12.98,11.55,4.39,4.98,0.42,42172
2025-04-15,WTI,REF_004,32.57,36.09,13.6,11.96,5.28,3.49,-2.98,82682
2025-04-22,WTI,REF_004,30.26,36.07,13.5,13.94,3.04,4.61,-1.42,20812
2025-04-29,WTI,REF_004,32.94,34.2,13.69,12.4,3.65,3.54,-0.42,34950
2025-05-06,WTI,REF_004,32.3,35.48,12.49,11.61,5.47,2.89,-0.24,95770
2025-05-13,WTI,REF_004,32.14,33.26,12.54,11.79,4.5,2.58,3.19,12762
2025-05-20,WTI,REF_004,32.33,34.93,12.61,12.21,6.81,4.93,-3.82,89964
2025-05-27,WTI,REF_004,33.29,33.37,12.64,11.11,5.48,4.55,-0.44,30876
2025-06-03,WTI,REF_004,31.98,35.12,13.22,11.18,3.9,4.96,-0.36,52767
2025-06-10,WTI,REF_004,32.19,33.41,13.35,9.79,3.81,2.83,4.63,10248
2025-06-17,WTI,REF_004,32.34,34.08,14.12,8.28,3.17,4.66,3.34,21398
2025-06-24,WTI,REF_004,30.07,33.25,13.97,13.62,4.36,4.0,0.73,55652
2025-07-01,WTI,REF_004,33.68,32.76,13.95,9.19,4.57,2.58,3.28,73235
2025-07-08,WTI,REF_004,32.77,34.72,13.72,12.48,6.11,2.72,-2.52,48602
2025-07-15,WTI,REF_004,30.67,34.25,13.73,12.84,5.84,2.93,-0.25,69599
2025-07-22,WTI,REF_004,31.53,36.31,13.01,12.22,6.0,4.72,-3.79,49413
2025-07-29,WTI,REF_004,31.5,34.25,12.97,12.58,6.73,2.38,-0.41,60482
2025-08-05,WTI,REF_004,33.65,32.93,13.31,14.06,6.6,3.54,-4.1,12245
2025-08-12,WTI,REF_004,30.48,34.88,12.57,9.05,6.09,4.25,2.68,85849
2025-08-19,WTI,REF_004,30.48,33.32,13.99,13.05,6.22,4.97,-2.04,87798
2025-08-26,WTI,REF_004,32.14,33.77,13.46,12.47,4.34,4.31,-0.51,18347
2025-09-02,WTI,REF_004,33.18,32.66,13.32,14.03,3.35,3.55,-0.09,24345
2025-09-09,WTI,REF_004,33.64,35.86,14.19,14.12,5.95,2.55,-6.32,37225
2025-09-16,WTI,REF_004,32.05,34.89,13.89,9.59,3.51,3.45,2.63,24205
2025-09-23,WTI,REF_004,32.83,34.83,13.81,8.44,6.86,2.0,1.22,39289
2025-09-30,WTI,REF_004,32.78,32.71,12.49,8.54,5.33,4.69,3.47,59989
2025-10-07,WTI,REF_004,32.47,33.92,12.36,8.15,6.55,2.31,4.24,99981
2025-10-14,WTI,REF_004,30.72,35.23,14.22,10.54,5.94,3.05,0.3,37444
2025-10-21,WTI,REF_004,30.87,35.82,12.84,9.98,7.0,2.98,0.52,48049
2025-10-28,WTI,REF_004,34.02,34.01,13.06,13.79,4.25,2.7,-1.83,48088
2025-11-04,WTI,REF_004,32.86,32.7,13.07,10.42,3.98,3.96,2.99,36099
2025-11-11,WTI,REF_004,32.49,34.55,12.76,9.87,3.68,2.17,4.49,65726
2025-11-18,WTI,REF_004,32.75,33.2,13.56,14.87,3.3,3.47,-1.15,75973
2025-11-25,WTI,REF_004,30.24,35.64,14.28,8.62,6.29,3.14,1.78,22970
2025-12-02,WTI,REF_004,32.03,32.82,13.37,8.14,5.91,3.46,4.27,51304
2025-12-09,WTI,REF_004,30.84,33.98,12.69,13.15,3.8,3.85,1.7,35164
2025-12-16,WTI,REF_004,32.69,34.69,13.17,12.71,4.66,4.46,-2.39,75663
2025-12-23,WTI,REF_004,32.22,36.04,13.98,11.72,3.27,3.7,-0.94,41973
2025-12-30,WTI,REF_004,32.22,35.12,13.61,12.71,5.72,2.33,-1.72,27254
2026-01-06,WTI,REF_004,32.58,34.16,13.85,8.87,3.77,3.68,3.09,55067
2026-01-13,WTI,REF_004,31.13,34.17,12.4,8.26,3.38,3.73,6.94,87734
2026-01-20,WTI,REF_004,31.1,32.67,13.74,13.99,3.55,3.16,1.79,24286
2026-01-27,WTI,REF_004,30.49,35.12,14.26,12.75,6.94,3.3,-2.86,90808
2026-02-03,WTI,REF_004,30.88,33.0,13.73,10.6,4.27,4.01,3.5,40013
2026-02-10,WTI,REF_004,32.35,33.73,13.89,10.19,5.14,2.07,2.63,81255
2026-02-17,WTI,REF_004,32.54,33.3,12.76,9.84,5.31,3.64,2.61,34647
2026-02-24,WTI,REF_004,32.84,36.09,12.41,10.92,5.37,3.76,-1.39,11758
2026-03-03,WTI,REF_004,30.9,32.78,13.46,12.52,3.64,3.0,3.7,39682
2026-03-10,WTI,REF_004,33.34,33.31,13.42,13.48,6.32,4.0,-3.87,36957
2026-03-17,WTI,REF_004,33.35,35.5,13.73,8.47,3.17,4.09,1.68,95031
2026-03-24,WTI,REF_004,33.15,35.86,13.42,10.13,5.71,4.14,-2.41,70782
2026-03-31,WTI,REF_004,33.85,34.0,12.4,14.36,3.64,4.09,-2.34,88588
2026-04-07,WTI,REF_004,31.3,35.85,12.99,13.56,3.28,3.97,-0.95,70942
2024-04-09,WTI,REF_005,32.38,37.34,17.44,11.7,4.05,4.96,-7.86,14962
2024-04-16,WTI,REF_005,30.87,34.69,17.31,14.42,4.47,4.75,-6.52,48100
2024-04-23,WTI,REF_005,32.86,35.58,17.16,11.15,4.7,2.78,-4.23,36067
2024-04-30,WTI,REF_005,30.19,34.84,17.79,10.71,5.85,4.96,-4.33,43939
2024-05-07,WTI,REF_005,31.29,34.15,17.32,13.09,3.87,2.55,-2.27,43873
2024-05-14,WTI,REF_005,32.71,35.99,18.45,14.33,3.6,2.13,-7.22,45918
2024-05-21,WTI,REF_005,31.53,35.56,16.81,8.87,3.19,4.55,-0.51,95296
2024-05-28,WTI,REF_005,29.9,34.35,16.72,14.14,6.83,2.79,-4.73,37322
2024-06-04,WTI,REF_005,30.89,35.51,17.9,11.53,6.8,2.3,-4.94,81874
2024-06-11,WTI,REF_005,30.78,35.01,17.96,14.51,5.86,4.33,-8.44,77570
2024-06-18,WTI,REF_005,30.72,36.52,18.11,11.73,5.15,4.28,-6.52,83532
2024-06-25,WTI,REF_005,30.79,36.7,18.17,9.64,5.87,2.56,-3.73,18374
2024-07-02,WTI,REF_005,31.74,37.13,16.61,13.79,5.03,4.58,-8.87,85912
2024-07-09,WTI,REF_005,32.94,36.57,18.23,9.23,4.22,2.73,-3.91,76818
2024-07-16,WTI,REF_005,30.05,34.23,18.3,12.94,6.5,2.42,-4.44,45908
2024-07-23,WTI,REF_005,30.57,33.54,17.11,10.66,3.37,3.7,1.06,44485
2024-07-30,WTI,REF_005,29.63,36.31,18.0,13.84,4.94,4.91,-7.63,92265
2024-08-06,WTI,REF_005,31.65,35.28,16.55,12.98,5.26,4.81,-6.52,63480
2024-08-13,WTI,REF_005,33.41,36.91,18.45,10.29,3.6,4.39,-7.05,80757
2024-08-20,WTI,REF_005,30.29,36.56,17.7,8.77,5.01,4.79,-3.11,55581
2024-08-27,WTI,REF_005,32.59,33.61,18.0,14.63,5.0,3.01,-6.84,68198
2024-09-03,WTI,REF_005,33.11,34.2,17.35,9.09,4.99,3.62,-2.36,94978
2024-09-10,WTI,REF_005,31.09,35.76,18.31,10.25,5.7,4.27,-5.38,39747
2024-09-17,WTI,REF_005,30.1,35.51,17.25,9.87,6.89,3.51,-3.12,87082
2024-09-24,WTI,REF_005,30.22,37.25,18.13,13.66,4.56,3.46,-7.28,63401
2024-10-01,WTI,REF_005,32.6,36.89,16.7,14.33,6.75,3.78,-11.04,26807
2024-10-08,WTI,REF_005,32.71,35.69,18.17,13.7,3.35,3.82,-7.45,53482
2024-10-15,WTI,REF_005,33.22,34.68,16.95,14.28,3.59,4.06,-6.79,37001
2024-10-22,WTI,REF_005,31.71,35.96,17.37,14.82,3.53,3.17,-6.57,48735
2024-10-29,WTI,REF_005,31.96,35.13,16.73,14.63,4.66,3.03,-6.15,50204
2024-11-05,WTI,REF_005,30.31,33.9,16.84,9.17,3.79,3.26,2.74,66150
2024-11-12,WTI,REF_005,31.96,33.5,18.38,13.76,6.86,3.08,-7.53,69831
2024-11-19,WTI,REF_005,30.11,36.76,16.86,10.28,4.96,3.78,-2.77,60366
2024-11-26,WTI,REF_005,29.85,35.18,18.38,14.11,5.36,3.72,-6.6,20050
2024-12-03,WTI,REF_005,30.24,34.51,17.52,13.12,4.84,2.38,-2.6,49541
2024-12-10,WTI,REF_005,30.09,36.5,16.87,11.38,5.77,2.68,-3.3,16842
2024-12-17,WTI,REF_005,31.69,33.71,17.71,13.27,4.32,3.47,-4.18,93588
2024-12-24,WTI,REF_005,31.32,37.48,16.85,12.96,5.61,4.62,-8.85,18319
2024-12-31,WTI,REF_005,30.56,34.03,18.41,10.99,6.64,2.88,-3.5,21373
2025-01-07,WTI,REF_005,30.63,35.89,18.23,10.7,6.66,2.73,-4.83,72418
2025-01-14,WTI,REF_005,32.38,34.59,16.59,10.56,3.18,4.7,-2.01,95817
2025-01-21,WTI,REF_005,32.38,36.4,17.02,8.52,6.21,3.68,-4.21,71346
2025-01-28,WTI,REF_005,32.56,35.13,16.83,13.57,4.82,4.48,-7.38,49392
2025-02-04,WTI,REF_005,30.31,34.18,18.03,12.02,4.62,3.48,-2.63,59467
2025-02-11,WTI,REF_005,30.4,35.01,17.12,10.72,5.0,2.52,-0.77,45416
2025-02-18,WTI,REF_005,30.98,34.64,18.54,8.52,5.57,2.52,-0.77,85557
2025-02-25,WTI,REF_005,33.1,35.1,18.19,9.75,3.56,2.95,-2.64,40750
2025-03-04,WTI,REF_005,31.03,34.99,17.36,12.97,3.98,2.06,-2.39,54071
2025-03-11,WTI,REF_005,31.23,33.74,16.81,11.57,3.94,4.63,-1.92,25596
2025-03-18,WTI,REF_005,29.52,35.29,18.51,12.44,4.42,2.05,-2.22,53645
2025-03-25,WTI,REF_005,30.27,36.09,17.71,9.86,3.28,4.27,-1.46,62691
2025-04-01,WTI,REF_005,32.81,34.54,17.84,8.83,4.17,3.97,-2.16,84302
2025-04-08,WTI,REF_005,30.72,36.69,17.89,10.44,6.51,3.53,-5.78,68342
2025-04-15,WTI,REF_005,31.42,35.31,18.24,10.06,3.15,4.64,-2.81,84252
2025-04-22,WTI,REF_005,30.91,34.24,17.89,8.55,4.7,2.26,1.46,63811
2025-04-29,WTI,REF_005,29.55,36.01,17.89,11.41,3.7,2.3,-0.86,38196
2025-05-06,WTI,REF_005,31.3,36.07,16.54,12.98,5.85,3.33,-6.07,40906
2025-05-13,WTI,REF_005,32.81,36.64,18.51,10.6,6.63,2.26,-7.44,47031
2025-05-20,WTI,REF_005,31.3,35.26,17.79,9.19,6.47,3.66,-3.66,91378
2025-05-27,WTI,REF_005,29.45,36.02,17.36,11.54,5.98,2.68,-3.02,28440
2025-06-03,WTI,REF_005,32.25,35.58,17.01,11.39,4.84,4.07,-5.14,10239
2025-06-10,WTI,REF_005,31.79,35.92,18.03,14.22,4.76,3.03,-7.75,19208
2025-06-17,WTI,REF_005,30.79,33.77,18.14,13.65,4.67,2.78,-3.8,20621
2025-06-24,WTI,REF_005,32.84,37.01,17.07,12.35,4.03,2.68,-5.99,11908
2025-07-01,WTI,REF_005,31.75,34.1,16.56,8.73,4.26,4.01,0.59,28236
2025-07-08,WTI,REF_005,32.99,34.65,17.2,9.53,4.02,2.22,-0.61,36529
2025-07-15,WTI,REF_005,32.88,36.25,18.29,8.73,4.82,2.69,-3.66,74909
2025-07-22,WTI,REF_005,33.32,36.76,16.61,10.22,3.11,2.12,-2.14,17156
2025-07-29,WTI,REF_005,30.55,34.71,17.34,10.83,6.09,2.42,-1.94,24196
2025-08-05,WTI,REF_005,31.95,35.78,16.85,13.97,4.32,3.1,-5.96,47841
2025-08-12,WTI,REF_005,30.73,35.73,17.32,9.82,6.62,2.93,-3.13,72864
2025-08-19,WTI,REF_005,30.83,35.24,17.01,13.27,5.95,2.07,-4.36,15417
2025-08-26,WTI,REF_005,33.13,37.05,17.55,11.45,6.25,2.42,-7.85,68832
2025-09-02,WTI,REF_005,31.34,36.47,16.6,12.15,5.23,4.52,-6.31,70915
2025-09-09,WTI,REF_005,32.96,37.05,17.36,8.96,5.52,4.62,-6.47,16745
2025-09-16,WTI,REF_005,31.67,33.96,16.59,12.76,5.73,3.8,-4.51,87330
2025-09-23,WTI,REF_005,29.76,33.92,18.27,11.52,4.09,4.21,-1.78,90496
2025-09-30,WTI,REF_005,32.2,36.66,17.1,10.02,6.46,3.84,-6.29,31074
2025-10-07,WTI,REF_005,31.54,36.24,16.98,12.58,3.17,2.91,-3.42,70657
2025-10-14,WTI,REF_005,30.04,34.39,18.3,12.72,5.0,2.63,-3.07,40726
2025-10-21,WTI,REF_005,31.74,34.12,17.5,10.86,4.91,2.32,-1.44,19584
2025-10-28,WTI,REF_005,33.3,37.41,17.39,13.52,5.62,2.35,-9.6,36701
2025-11-04,WTI,REF_005,30.69,35.88,17.7,14.46,6.16,4.57,-9.47,90210
2025-11-11,WTI,REF_005,32.65,34.83,16.97,12.0,5.76,3.16,-5.36,86350
2025-11-18,WTI,REF_005,33.28,35.77,17.45,13.9,3.1,2.39,-5.89,86109
2025-11-25,WTI,REF_005,32.37,35.16,18.32,10.46,5.54,3.9,-5.74,26589
2025-12-02,WTI,REF_005,30.58,37.16,16.91,9.22,4.92,2.28,-1.06,90516
2025-12-09,WTI,REF_005,29.84,35.96,17.22,13.63,5.36,3.16,-5.18,98548
2025-12-16,WTI,REF_005,29.7,35.81,18.52,12.84,5.96,2.1,-4.92,11922
2025-12-23,WTI,REF_005,29.58,37.46,18.5,10.34,4.16,2.44,-2.49,39622
2025-12-30,WTI,REF_005,30.92,36.49,18.27,13.23,5.59,4.3,-8.79,76464
2026-01-06,WTI,REF_005,31.34,34.84,17.1,12.76,6.84,3.74,-6.62,92127
2026-01-13,WTI,REF_005,29.5,36.67,18.25,12.42,6.74,3.77,-7.34,31648
2026-01-20,WTI,REF_005,30.3,35.72,18.35,8.51,5.42,4.31,-2.61,20386
2026-01-27,WTI,REF_005,29.91,34.96,17.09,9.39,3.79,2.39,2.47,64976
2026-02-03,WTI,REF_005,32.19,36.31,17.6,14.67,6.52,4.87,-12.17,44991
2026-02-10,WTI,REF_005,32.95,36.55,17.22,8.75,5.73,2.41,-3.6,36439
2026-02-17,WTI,REF_005,31.44,36.22,18.39,12.15,5.69,2.93,-6.82,71856
2026-02-24,WTI,REF_005,31.19,36.92,17.32,11.28,4.73,4.43,-5.88,95832
2026-03-03,WTI,REF_005,30.75,35.4,17.95,14.27,4.97,2.33,-5.67,43180
2026-03-10,WTI,REF_005,31.64,35.17,16.91,8.26,5.75,4.98,-2.71,92728
2026-03-17,WTI,REF_005,32.17,36.86,17.05,12.36,3.24,4.12,-5.81,97288
2026-03-24,WTI,REF_005,32.88,35.63,18.12,14.61,3.86,4.38,-9.49,34286
2026-03-31,WTI,REF_005,32.95,33.89,16.9,13.04,3.7,2.47,-2.95,59992
2026-04-07,WTI,REF_005,32.78,34.57,18.22,13.66,5.32,3.94,-8.48,13639
2024-04-09,Brent,REF_001,30.13,31.53,13.36,12.19,6.65,2.44,3.71,15377
2024-04-16,Brent,REF_001,30.71,30.11,13.48,11.54,4.95,3.09,6.12,43747
2024-04-23,Brent,REF_001,30.29,30.17,12.07,11.54,3.6,4.34,7.99,34703
2024-04-30,Brent,REF_001,28.96,31.05,12.61,8.25,3.57,2.97,12.59,37943
2024-05-07,Brent,REF_001,31.77,33.48,12.29,8.87,5.54,4.41,3.64,96735
2024-05-14,Brent,REF_001,28.6,31.76,13.37,13.8,3.25,4.04,5.18,36004
2024-05-21,Brent,REF_001,28.87,32.06,12.22,13.16,5.97,4.53,3.2,43981
2024-05-28,Brent,REF_001,28.62,31.15,12.84,12.86,4.53,3.61,6.4,57183
2024-06-04,Brent,REF_001,29.23,32.6,12.78,13.66,5.76,2.33,3.64,53988
2024-06-11,Brent,REF_001,31.38,30.46,13.49,9.55,5.01,4.82,5.29,61420
2024-06-18,Brent,REF_001,30.27,30.13,12.17,12.05,4.98,3.09,7.32,93089
2024-06-25,Brent,REF_001,29.9,32.26,13.04,11.69,4.91,3.01,5.19,91788
2024-07-02,Brent,REF_001,30.37,32.22,13.21,8.47,6.13,3.54,6.06,69145
2024-07-09,Brent,REF_001,31.66,33.6,12.68,13.68,4.04,3.98,0.36,19243
2024-07-16,Brent,REF_001,28.65,30.49,12.54,8.22,5.52,2.95,11.63,76273
2024-07-23,Brent,REF_001,28.75,30.97,12.72,10.68,3.52,4.98,8.37,35599
2024-07-30,Brent,REF_001,31.45,30.99,13.66,10.71,6.6,3.03,3.56,10777
2024-08-06,Brent,REF_001,30.64,32.21,12.14,9.64,6.13,2.11,7.13,54057
2024-08-13,Brent,REF_001,30.69,32.86,11.97,12.1,3.01,2.8,6.56,54971
2024-08-20,Brent,REF_001,32.22,30.61,12.24,12.68,4.5,3.87,3.88,99770
2024-08-27,Brent,REF_001,32.52,31.52,12.91,14.33,3.37,3.36,1.99,43981
2024-09-03,Brent,REF_001,29.75,34.08,13.37,10.72,6.32,3.47,2.29,88554
2024-09-10,Brent,REF_001,29.64,31.0,12.39,11.77,4.17,2.44,8.59,99516
2024-09-17,Brent,REF_001,32.17,32.65,13.68,14.55,5.7,3.56,-2.31,89380
2024-09-24,Brent,REF_001,30.84,30.61,12.63,11.12,6.74,3.98,4.07,88774
2024-10-01,Brent,REF_001,31.6,31.35,13.34,9.37,4.63,4.42,5.3,65073
2024-10-08,Brent,REF_001,31.87,31.13,13.4,9.42,5.18,3.3,5.7,60082
2024-10-15,Brent,REF_001,29.11,31.55,13.23,11.91,5.2,3.53,5.46,94949
2024-10-22,Brent,REF_001,32.31,31.55,12.6,11.88,3.38,2.91,5.36,30778
2024-10-29,Brent,REF_001,29.46,32.66,12.67,9.2,6.55,4.62,4.84,87621
2024-11-05,Brent,REF_001,30.13,30.34,12.11,9.93,3.88,4.62,8.98,98772
2024-11-12,Brent,REF_001,31.84,33.03,13.08,13.39,6.79,3.8,-1.92,23915
2024-11-19,Brent,REF_001,29.23,32.44,12.57,14.37,5.45,4.03,1.92,10523
2024-11-26,Brent,REF_001,30.57,31.83,13.31,10.68,6.91,4.01,2.7,69392
2024-12-03,Brent,REF_001,32.25,34.09,12.3,13.67,3.65,3.37,0.67,19016
2024-12-10,Brent,REF_001,31.06,31.98,13.16,12.75,5.48,2.88,2.69,85326
2024-12-17,Brent,REF_001,30.78,32.07,13.87,9.98,5.11,4.05,4.14,21270
2024-12-24,Brent,REF_001,29.99,33.31,12.37,11.45,5.52,4.01,3.34,75547
2024-12-31,Brent,REF_001,32.03,31.68,13.31,13.13,4.2,4.9,0.74,87869
2025-01-07,Brent,REF_001,29.73,32.81,13.34,11.02,6.45,4.07,2.58,69233
2025-01-14,Brent,REF_001,29.45,31.74,12.77,13.14,5.47,2.26,5.17,37692
2025-01-21,Brent,REF_001,30.46,33.05,13.39,11.43,3.47,2.88,5.32,32922
2025-01-28,Brent,REF_001,31.69,30.83,12.83,12.7,6.86,5.0,0.1,95762
2025-02-04,Brent,REF_001,31.44,33.09,13.42,14.04,6.81,3.34,-2.14,47485
2025-02-11,Brent,REF_001,30.41,32.75,13.45,14.09,4.82,3.09,1.38,98501
2025-02-18,Brent,REF_001,29.5,31.0,13.33,9.26,4.6,2.88,9.44,25183
2025-02-25,Brent,REF_001,30.89,31.6,12.82,9.37,6.07,2.94,6.3,40844
2025-03-04,Brent,REF_001,29.58,31.84,12.83,11.71,6.87,4.71,2.46,64845
2025-03-11,Brent,REF_001,28.73,32.56,12.08,12.97,4.56,4.51,4.59,94827
2025-03-18,Brent,REF_001,30.24,31.95,13.08,9.38,6.71,3.3,5.34,25013
2025-03-25,Brent,REF_001,31.62,30.98,12.19,11.94,5.69,3.71,3.87,69085
2025-04-01,Brent,REF_001,29.03,32.01,12.61,14.81,3.2,2.89,5.44,94767
2025-04-08,Brent,REF_001,32.5,33.41,12.05,11.93,4.6,4.42,1.09,14952
2025-04-15,Brent,REF_001,29.36,32.06,12.22,12.85,6.28,4.11,3.12,49625
2025-04-22,Brent,REF_001,32.08,30.66,12.42,11.43,3.25,2.29,7.88,45769
2025-04-29,Brent,REF_001,32.35,33.74,12.83,9.0,3.71,3.13,5.24,28906
2025-05-06,Brent,REF_001,28.9,32.8,13.06,10.04,6.12,4.33,4.75,54190
2025-05-13,Brent,REF_001,28.96,33.78,13.24,9.73,5.44,3.22,5.64,67181
2025-05-20,Brent,REF_001,30.47,32.05,13.37,12.3,3.32,2.2,6.3,37450
2025-05-27,Brent,REF_001,30.29,31.21,13.2,9.37,5.82,4.32,5.8,21188
2025-06-03,Brent,REF_001,31.17,33.95,12.29,14.37,5.42,3.77,-0.97,14673
2025-06-10,Brent,REF_001,31.56,32.02,13.34,13.66,5.1,2.79,1.52,22741
2025-06-17,Brent,REF_001,29.21,33.57,12.15,10.69,4.34,4.6,5.44,52992
2025-06-24,Brent,REF_001,32.56,33.06,13.6,8.69,4.01,2.41,5.68,51725
2025-07-01,Brent,REF_001,31.44,30.78,12.16,12.3,3.92,3.44,5.95,14600
2025-07-08,Brent,REF_001,31.29,32.27,13.19,9.93,4.11,4.4,4.79,74670
2025-07-15,Brent,REF_001,30.89,32.62,12.09,13.99,6.08,3.77,0.56,92673
2025-07-22,Brent,REF_001,29.24,32.85,13.83,10.17,3.06,4.2,6.64,10628
2025-07-29,Brent,REF_001,32.06,30.33,13.21,10.64,3.81,4.69,5.25,77162
2025-08-05,Brent,REF_001,29.93,31.24,13.37,13.86,5.86,3.92,1.81,30513
2025-08-12,Brent,REF_001,31.98,33.11,12.93,11.58,5.28,4.48,0.64,76803
2025-08-19,Brent,REF_001,31.99,32.14,13.15,13.98,3.93,3.33,1.48,65858
2025-08-26,Brent,REF_001,32.23,30.17,12.33,9.64,4.31,2.85,8.48,63112
2025-09-02,Brent,REF_001,32.11,32.66,12.38,14.05,5.53,2.66,0.62,42549
2025-09-09,Brent,REF_001,31.73,33.06,13.05,9.01,6.21,2.92,4.0,79443
2025-09-16,Brent,REF_001,31.16,31.16,12.32,8.92,3.97,2.47,9.99,65534
2025-09-23,Brent,REF_001,30.97,32.45,13.18,13.7,6.65,2.69,0.35,62899
2025-09-30,Brent,REF_001,28.88,30.59,13.21,11.41,6.03,3.28,6.6,21483
2025-10-07,Brent,REF_001,32.06,30.44,12.28,9.94,6.98,3.25,5.05,55153
2025-10-14,Brent,REF_001,31.65,32.65,13.58,11.41,6.89,4.39,-0.57,46122
2025-10-21,Brent,REF_001,30.1,33.83,13.27,12.35,6.03,3.68,0.75,24325
2025-10-28,Brent,REF_001,29.85,32.34,11.94,11.06,6.02,2.49,6.3,15810
2025-11-04,Brent,REF_001,31.91,32.58,12.25,13.64,5.63,3.0,0.98,43857
2025-11-11,Brent,REF_001,29.19,33.45,12.92,11.9,6.53,2.05,3.96,16023
2025-11-18,Brent,REF_001,29.22,30.23,13.22,12.44,3.84,2.45,8.61,23111
2025-11-25,Brent,REF_001,32.38,32.88,13.07,10.26,4.73,2.27,4.41,99833
2025-12-02,Brent,REF_001,31.59,32.59,13.08,11.53,4.03,2.68,4.5,59457
2025-12-09,Brent,REF_001,28.85,30.41,13.02,14.44,6.66,2.03,4.59,19665
2025-12-16,Brent,REF_001,30.9,33.5,13.81,14.02,5.71,2.6,-0.55,16535
2025-12-23,Brent,REF_001,28.76,32.56,11.97,13.17,5.85,2.24,5.45,91596
2025-12-30,Brent,REF_001,30.66,33.72,13.7,9.38,4.52,2.4,5.61,79748
2026-01-06,Brent,REF_001,30.59,33.82,12.32,12.82,6.96,4.0,-0.5,16189
2026-01-13,Brent,REF_001,30.92,30.83,11.96,10.34,4.06,4.37,7.51,43631
2026-01-20,Brent,REF_001,31.5,30.17,11.93,8.21,3.88,3.12,11.19,64706
2026-01-27,Brent,REF_001,32.51,31.52,12.01,9.36,6.59,4.1,3.9,81118
2026-02-03,Brent,REF_001,29.07,30.65,12.12,14.0,3.84,3.93,6.39,56454
2026-02-10,Brent,REF_001,30.75,30.89,13.17,8.3,6.97,2.08,7.84,14514
2026-02-17,Brent,REF_001,29.87,33.43,12.41,11.3,3.07,2.24,7.67,64716
2026-02-24,Brent,REF_001,29.35,32.88,13.47,13.95,3.54,3.37,3.44,95237
2026-03-03,Brent,REF_001,31.66,30.58,12.91,14.46,4.76,4.51,1.13,54625
2026-03-10,Brent,REF_001,29.0,30.7,11.99,9.37,6.57,3.95,8.42,76497
2026-03-17,Brent,REF_001,31.06,31.65,12.33,14.48,5.06,3.44,1.97,99649
2026-03-24,Brent,REF_001,30.11,33.52,13.62,9.63,3.38,4.93,4.81,48330
2026-03-31,Brent,REF_001,28.58,32.1,13.14,13.43,6.77,4.75,1.23,94612
2026-04-07,Brent,REF_001,28.7,32.95,12.35,9.31,6.2,3.25,7.23,92494
2024-04-09,Brent,REF_002,27.0,36.33,12.61,11.4,6.76,3.97,1.92,36127
2024-04-16,Brent,REF_002,26.99,36.1,12.72,12.21,4.06,4.3,3.61,18861
2024-04-23,Brent,REF_002,28.54,36.91,12.23,13.78,5.46,3.94,-0.87,54796
2024-04-30,Brent,REF_002,29.94,37.19,12.58,9.67,3.28,2.5,4.84,99341
2024-05-07,Brent,REF_002,27.92,38.01,12.16,10.98,6.84,2.27,1.81,63458
2024-05-14,Brent,REF_002,29.97,38.22,13.51,13.99,5.61,2.66,-3.96,75761
2024-05-21,Brent,REF_002,30.21,36.52,12.34,12.01,5.76,2.62,0.52,74727
2024-05-28,Brent,REF_002,28.65,36.87,12.43,9.09,5.49,3.76,3.71,40421
2024-06-04,Brent,REF_002,27.48,35.81,12.8,14.82,6.05,4.56,-1.52,55508
2024-06-11,Brent,REF_002,28.4,35.23,13.26,10.95,5.97,3.23,2.95,19766
2024-06-18,Brent,REF_002,26.99,37.66,12.34,9.85,6.72,3.97,2.47,20287
2024-06-25,Brent,REF_002,26.87,35.51,13.01,13.27,4.1,4.61,2.63,19826
2024-07-02,Brent,REF_002,27.13,38.3,12.09,14.22,5.82,2.22,0.23,53533
2024-07-09,Brent,REF_002,28.37,38.15,12.66,11.13,3.45,3.92,2.32,28980
2024-07-16,Brent,REF_002,26.61,38.41,12.36,8.99,5.8,4.47,3.38,15766
2024-07-23,Brent,REF_002,26.72,34.78,11.91,12.62,5.35,3.99,4.63,55510
2024-07-30,Brent,REF_002,29.57,36.6,13.66,11.4,6.16,3.22,-0.61,49170
2024-08-06,Brent,REF_002,29.69,34.85,12.95,13.08,6.0,3.77,-0.35,50325
2024-08-13,Brent,REF_002,27.34,38.06,12.56,13.59,3.13,2.7,2.63,41102
2024-08-20,Brent,REF_002,28.98,35.69,11.9,9.22,4.04,2.53,7.64,28335
2024-08-27,Brent,REF_002,29.37,36.07,12.63,14.77,4.79,4.78,-2.41,36915
2024-09-03,Brent,REF_002,27.9,36.0,12.91,12.09,3.99,4.38,2.72,54687
2024-09-10,Brent,REF_002,26.33,36.78,13.42,9.75,3.15,4.42,6.15,97864
2024-09-17,Brent,REF_002,26.6,38.17,12.54,14.59,5.6,4.67,-2.17,80724
2024-09-24,Brent,REF_002,26.41,34.68,12.87,8.91,4.84,4.86,7.42,36528
2024-10-01,Brent,REF_002,28.25,35.95,13.08,9.36,4.04,4.58,4.74,83020
2024-10-08,Brent,REF_002,29.45,37.5,12.74,13.1,4.55,2.3,0.35,45403
2024-10-15,Brent,REF_002,26.93,35.98,12.42,12.19,4.45,4.12,3.91,56093
2024-10-22,Brent,REF_002,29.98,34.78,13.2,12.71,6.8,3.11,-0.58,37489
2024-10-29,Brent,REF_002,26.99,35.48,12.82,13.86,4.14,2.47,4.24,34491
2024-11-05,Brent,REF_002,26.7,38.12,13.57,10.16,3.99,4.72,2.75,10159
2024-11-12,Brent,REF_002,28.7,38.08,12.84,8.02,3.88,4.77,3.72,11532
2024-11-19,Brent,REF_002,27.88,37.58,13.5,11.34,3.93,3.8,1.98,33740
2024-11-26,Brent,REF_002,27.32,37.65,12.13,8.04,4.35,3.47,7.05,73457
2024-12-03,Brent,REF_002,29.42,37.07,13.07,12.66,4.09,3.15,0.54,65479
2024-12-10,Brent,REF_002,26.56,35.6,12.63,11.73,4.95,4.15,4.37,52608
2024-12-17,Brent,REF_002,29.91,35.94,12.87,8.02,4.24,4.6,4.41,40021
2024-12-24,Brent,REF_002,27.31,36.59,11.98,11.72,4.21,3.15,5.03,81222
2024-12-31,Brent,REF_002,28.94,36.2,12.98,13.37,5.98,2.56,-0.03,37082
2025-01-07,Brent,REF_002,27.69,35.17,11.85,9.22,6.23,3.64,6.21,40749
2025-01-14,Brent,REF_002,28.73,37.38,12.53,11.26,3.26,3.79,3.05,42076
2025-01-21,Brent,REF_002,28.03,36.11,13.09,12.01,4.69,2.05,4.03,65886
2025-01-28,Brent,REF_002,29.82,37.5,13.78,8.97,3.89,3.62,2.42,31229
2025-02-04,Brent,REF_002,26.44,36.03,12.4,9.85,6.81,2.72,5.77,21648
2025-02-11,Brent,REF_002,26.8,37.64,13.25,8.91,3.88,4.24,5.28,34715
2025-02-18,Brent,REF_002,30.22,36.58,12.21,14.01,4.28,2.87,-0.16,39469
2025-02-25,Brent,REF_002,29.37,35.11,12.58,8.22,6.31,3.02,5.39,32335
2025-03-04,Brent,REF_002,28.62,37.24,13.45,10.43,6.25,3.39,0.62,19102
2025-03-11,Brent,REF_002,29.68,36.61,13.03,14.56,5.24,2.02,-1.13,88355
2025-03-18,Brent,REF_002,27.44,36.42,12.23,10.08,5.75,3.29,4.79,66441
2025-03-25,Brent,REF_002,29.59,35.78,12.96,13.44,5.86,3.62,-1.25,44504
2025-04-01,Brent,REF_002,27.93,36.15,12.52,12.89,3.5,4.9,2.11,80108
2025-04-08,Brent,REF_002,27.49,34.59,13.24,13.14,6.85,2.76,1.92,17445
2025-04-15,Brent,REF_002,29.96,35.45,13.26,8.42,6.04,2.38,4.48,72602
2025-04-22,Brent,REF_002,28.43,38.24,11.89,10.04,3.28,4.64,3.48,63451
2025-04-29,Brent,REF_002,28.44,34.94,12.8,10.79,4.26,4.32,4.45,15514
2025-05-06,Brent,REF_002,28.88,37.71,13.64,13.22,4.13,3.8,-1.38,22726
2025-05-13,Brent,REF_002,26.77,36.97,13.52,8.47,3.42,3.7,7.15,29639
2025-05-20,Brent,REF_002,28.74,35.28,12.05,11.82,6.45,4.06,1.6,83685
2025-05-27,Brent,REF_002,27.36,37.96,12.58,13.97,4.88,2.8,0.45,33423
2025-06-03,Brent,REF_002,28.57,34.73,13.68,9.9,4.34,2.7,6.08,10270
2025-06-10,Brent,REF_002,29.07,36.78,13.44,8.29,6.71,2.99,2.72,92176
2025-06-17,Brent,REF_002,26.73,37.39,12.98,10.51,3.32,3.81,5.26,12379
2025-06-24,Brent,REF_002,28.3,36.83,13.29,14.94,4.04,2.97,-0.37,40703
2025-07-01,Brent,REF_002,29.22,38.14,13.77,14.62,6.52,4.97,-7.25,43835
2025-07-08,Brent,REF_002,30.09,37.46,12.16,8.32,3.86,4.34,3.78,66852
2025-07-15,Brent,REF_002,27.19,37.39,12.1,13.75,6.18,4.92,-1.53,23525
2025-07-22,Brent,REF_002,29.92,35.78,12.65,11.28,5.51,4.98,-0.13,63996
2025-07-29,Brent,REF_002,30.0,35.44,12.62,11.53,4.29,4.93,1.19,75311
2025-08-05,Brent,REF_002,28.21,37.42,12.76,8.12,5.17,3.88,4.44,98308
2025-08-12,Brent,REF_002,26.46,36.47,12.02,9.04,5.44,2.69,7.88,77425
2025-08-19,Brent,REF_002,28.35,35.29,12.81,8.01,6.45,2.04,7.05,10630
2025-08-26,Brent,REF_002,28.74,38.31,13.53,9.76,3.79,3.88,1.98,84037
2025-09-02,Brent,REF_002,27.75,36.15,12.05,9.07,5.27,2.31,7.4,28184
2025-09-09,Brent,REF_002,27.24,36.19,11.91,11.5,6.71,2.07,4.37,66788
2025-09-16,Brent,REF_002,29.64,35.67,12.08,8.3,5.58,3.66,5.07,30636
2025-09-23,Brent,REF_002,29.62,37.36,12.37,13.27,3.98,4.03,-0.64,20669
2025-09-30,Brent,REF_002,29.07,35.37,12.97,9.21,5.9,2.18,5.3,24887
2025-10-07,Brent,REF_002,27.03,34.58,13.31,14.87,6.11,4.58,-0.49,10540
2025-10-14,Brent,REF_002,26.77,36.65,13.78,12.62,4.5,2.44,3.24,23755
2025-10-21,Brent,REF_002,27.75,37.27,11.88,13.97,6.77,4.67,-2.3,92172
2025-10-28,Brent,REF_002,26.36,38.33,12.55,14.08,3.75,3.34,1.59,13974
2025-11-04,Brent,REF_002,26.46,38.19,13.44,11.71,5.1,4.25,0.85,40750
2025-11-11,Brent,REF_002,29.34,36.36,13.1,14.75,4.89,3.26,-1.69,91517
2025-11-18,Brent,REF_002,29.91,38.39,12.92,10.41,3.96,2.1,2.31,75405
2025-11-25,Brent,REF_002,27.23,36.84,13.65,14.65,3.02,2.95,1.65,85364
2025-12-02,Brent,REF_002,28.44,37.65,13.53,11.1,4.44,3.37,1.48,68751
2025-12-09,Brent,REF_002,27.77,37.52,13.63,9.98,6.86,3.87,0.38,89035
2025-12-16,Brent,REF_002,26.71,35.42,12.46,10.12,3.69,4.6,6.99,47675
2025-12-23,Brent,REF_002,30.15,36.75,12.1,11.82,6.97,3.7,-1.49,10168
2025-12-30,Brent,REF_002,30.03,35.36,13.2,11.61,4.3,2.85,2.66,93588
2026-01-06,Brent,REF_002,29.94,36.47,12.34,8.72,3.63,3.57,5.34,37704
2026-01-13,Brent,REF_002,26.47,36.24,13.31,14.24,5.34,4.17,0.23,42766
2026-01-20,Brent,REF_002,28.28,37.34,13.28,10.97,5.17,4.77,0.19,66879
2026-01-27,Brent,REF_002,28.87,37.56,12.05,11.66,6.84,3.08,-0.06,36543
2026-02-03,Brent,REF_002,28.7,35.3,12.93,9.09,5.32,3.81,4.85,47656
2026-02-10,Brent,REF_002,27.83,35.4,12.48,11.49,3.99,4.35,4.46,73813
2026-02-17,Brent,REF_002,27.37,34.81,11.82,12.18,3.85,2.04,7.94,42317
2026-02-24,Brent,REF_002,30.15,37.18,13.54,9.01,3.29,2.03,4.8,96009
2026-03-03,Brent,REF_002,27.5,36.26,12.61,13.11,4.24,3.61,2.68,99602
2026-03-10,Brent,REF_002,28.07,36.62,12.83,13.62,4.07,2.51,2.28,77868
2026-03-17,Brent,REF_002,27.96,38.07,13.11,11.95,3.28,4.19,1.44,71743
2026-03-24,Brent,REF_002,28.86,35.49,13.71,10.25,3.61,4.96,3.12,77162
2026-03-31,Brent,REF_002,27.96,38.16,12.0,8.61,5.73,2.53,5.0,92542
2026-04-07,Brent,REF_002,29.66,35.64,13.6,8.3,5.19,4.81,2.8,86984
2024-04-09,Brent,REF_003,30.55,31.85,12.33,10.89,6.32,3.33,4.72,25225
2024-04-16,Brent,REF_003,32.31,30.53,13.86,9.36,4.69,3.47,5.78,55057
2024-04-23,Brent,REF_003,30.56,30.36,13.3,11.37,3.83,4.96,5.61,87900
2024-04-30,Brent,REF_003,32.04,32.21,12.58,11.98,6.29,2.12,2.79,54625
2024-05-07,Brent,REF_003,30.08,30.31,13.02,14.88,5.89,2.9,2.92,64481
2024-05-14,Brent,REF_003,29.48,31.91,14.06,11.9,5.93,3.36,3.37,57171
2024-05-21,Brent,REF_003,31.27,32.71,13.58,14.84,6.28,4.33,-3.02,86059
2024-05-28,Brent,REF_003,29.62,31.19,13.39,11.24,6.39,2.08,6.09,28825
2024-06-04,Brent,REF_003,32.02,29.7,12.72,10.46,6.0,3.68,5.42,95914
2024-06-11,Brent,REF_003,29.4,32.95,12.83,9.72,4.99,2.21,7.89,44587
2024-06-18,Brent,REF_003,29.92,30.1,13.98,10.7,6.93,4.7,3.67,27532
2024-06-25,Brent,REF_003,30.51,31.87,13.9,14.2,5.5,2.11,1.91,53314
2024-07-02,Brent,REF_003,32.03,32.32,14.0,12.72,3.18,4.9,0.85,92621
2024-07-09,Brent,REF_003,29.0,29.91,13.34,13.3,4.53,2.41,7.51,55950
2024-07-16,Brent,REF_003,29.84,30.87,13.55,14.2,5.23,4.06,2.24,69395
2024-07-23,Brent,REF_003,30.7,30.71,13.02,10.21,6.67,4.48,4.22,62141
2024-07-30,Brent,REF_003,32.14,33.01,14.12,9.55,5.87,3.83,1.48,76044
2024-08-06,Brent,REF_003,29.55,32.24,13.08,13.84,6.18,2.63,2.47,26546
2024-08-13,Brent,REF_003,31.36,31.66,13.38,13.27,6.42,2.72,1.19,59998
2024-08-20,Brent,REF_003,31.81,32.95,12.84,8.73,3.93,4.84,4.9,51623
2024-08-27,Brent,REF_003,30.17,29.52,12.37,12.68,5.36,3.73,6.19,19929
2024-09-03,Brent,REF_003,29.9,32.71,12.61,14.18,3.49,2.51,4.6,52997
2024-09-10,Brent,REF_003,32.27,30.78,13.58,12.12,3.6,2.74,4.9,93713
2024-09-17,Brent,REF_003,29.23,32.24,14.19,8.84,4.6,2.67,8.23,29940
2024-09-24,Brent,REF_003,28.97,32.06,13.76,12.74,6.7,2.44,3.34,38786
2024-10-01,Brent,REF_003,29.87,30.39,12.55,11.41,6.34,4.86,4.58,21640
2024-10-08,Brent,REF_003,31.79,32.76,13.04,8.77,6.96,3.97,2.72,98397
2024-10-15,Brent,REF_003,30.43,31.04,12.76,14.89,4.01,2.07,4.8,56122
2024-10-22,Brent,REF_003,30.0,30.51,13.53,10.55,4.61,2.07,8.73,63016
2024-10-29,Brent,REF_003,28.98,30.32,13.7,10.19,3.65,3.73,9.43,29341
2024-11-05,Brent,REF_003,29.58,31.95,13.74,13.18,4.93,3.36,3.26,80888
2024-11-12,Brent,REF_003,29.26,30.07,13.59,10.87,5.84,2.77,7.59,39238
2024-11-19,Brent,REF_003,32.08,31.15,13.45,8.75,3.72,2.11,8.76,48193
2024-11-26,Brent,REF_003,32.45,32.96,13.53,14.03,5.38,3.11,-1.45,25619
2024-12-03,Brent,REF_003,31.1,30.24,13.1,13.78,3.52,2.39,5.88,30196
2024-12-10,Brent,REF_003,30.7,30.47,13.27,10.11,5.02,2.83,7.59,98201
2024-12-17,Brent,REF_003,30.46,32.44,13.66,11.43,3.96,3.53,4.51,71287
2024-12-24,Brent,REF_003,30.33,29.79,12.3,10.3,3.6,4.72,8.96,25824
2024-12-31,Brent,REF_003,30.07,32.31,13.89,11.34,3.72,2.81,5.84,47707
2025-01-07,Brent,REF_003,29.95,30.86,12.53,14.39,3.12,3.32,5.83,98228
2025-01-14,Brent,REF_003,31.13,30.88,12.56,14.75,3.06,4.04,3.58,89212
2025-01-21,Brent,REF_003,28.59,32.36,14.26,12.48,4.66,4.62,3.02,59876
2025-01-28,Brent,REF_003,31.49,31.81,12.34,9.49,3.32,2.32,9.23,11386
2025-02-04,Brent,REF_003,30.18,30.18,13.97,13.25,5.29,3.47,3.66,33028
2025-02-11,Brent,REF_003,30.39,32.03,13.83,8.57,5.83,4.23,5.12,60307
2025-02-18,Brent,REF_003,29.35,31.62,13.27,11.33,4.84,2.33,7.26,26460
2025-02-25,Brent,REF_003,28.88,30.43,12.79,9.72,3.84,4.21,10.13,83670
2025-03-04,Brent,REF_003,29.8,30.68,13.95,12.37,4.17,4.14,4.88,41013
2025-03-11,Brent,REF_003,30.84,33.43,12.87,14.51,4.28,3.62,0.44,51398
2025-03-18,Brent,REF_003,31.63,29.71,13.52,13.32,4.89,2.32,4.62,32032
2025-03-25,Brent,REF_003,31.21,33.04,13.11,11.92,3.91,3.24,3.56,40311
2025-04-01,Brent,REF_003,31.11,33.4,13.89,9.35,5.31,2.2,4.74,32222
2025-04-08,Brent,REF_003,29.18,30.81,13.62,11.5,6.73,2.64,5.53,42778
2025-04-15,Brent,REF_003,29.81,30.41,14.25,10.71,6.76,3.17,4.89,28368
2025-04-22,Brent,REF_003,28.97,32.89,12.33,14.75,4.67,2.74,3.65,65570
2025-04-29,Brent,REF_003,29.02,29.75,13.92,10.97,5.07,2.53,8.73,15528
2025-05-06,Brent,REF_003,29.96,31.49,13.79,11.51,6.13,2.35,4.77,15756
2025-05-13,Brent,REF_003,29.13,32.55,13.78,8.99,3.12,4.06,8.37,86975
2025-05-20,Brent,REF_003,31.51,30.27,13.43,13.3,4.02,3.58,3.88,38301
2025-05-27,Brent,REF_003,29.39,33.34,14.09,11.12,3.55,4.18,4.32,33013
2025-06-03,Brent,REF_003,29.17,30.99,13.32,8.68,5.29,2.05,10.51,90268
2025-06-10,Brent,REF_003,32.18,32.4,13.2,9.78,5.98,4.8,1.68,24268
2025-06-17,Brent,REF_003,30.36,30.72,12.98,10.84,6.81,2.78,5.52,54340
2025-06-24,Brent,REF_003,32.3,31.37,13.99,8.41,6.81,2.56,4.56,98194
2025-07-01,Brent,REF_003,29.19,31.24,12.88,11.03,4.0,4.9,6.75,37515
2025-07-08,Brent,REF_003,31.11,30.01,13.91,11.8,6.92,3.27,2.98,27590
2025-07-15,Brent,REF_003,29.88,32.41,13.58,13.45,3.29,3.74,3.65,93895
2025-07-22,Brent,REF_003,28.92,29.84,13.7,10.21,5.63,3.64,8.06,98745
2025-07-29,Brent,REF_003,32.05,32.18,12.79,9.83,6.53,3.76,2.87,81035
2025-08-05,Brent,REF_003,30.29,29.88,12.93,9.13,6.13,4.1,7.55,17957
2025-08-12,Brent,REF_003,30.98,32.96,13.66,11.58,4.25,4.66,1.92,48052
2025-08-19,Brent,REF_003,31.91,32.59,13.9,14.93,6.0,2.1,-1.43,28489
2025-08-26,Brent,REF_003,28.63,30.22,12.39,11.51,3.11,3.42,10.72,90895
2025-09-02,Brent,REF_003,31.49,33.24,12.72,11.72,4.27,3.48,3.08,60136
2025-09-09,Brent,REF_003,28.64,30.4,13.67,13.41,5.28,2.81,5.79,46457
2025-09-16,Brent,REF_003,28.88,33.28,14.0,8.46,3.67,3.74,7.98,30918
2025-09-23,Brent,REF_003,32.23,32.49,12.81,8.04,6.2,3.27,4.96,67813
2025-09-30,Brent,REF_003,29.64,30.03,13.61,11.15,3.94,2.41,9.21,62243
2025-10-07,Brent,REF_003,31.39,30.6,13.73,9.28,4.35,4.23,6.4,69412
2025-10-14,Brent,REF_003,29.57,29.95,12.35,13.87,3.3,2.34,8.62,31393
2025-10-21,Brent,REF_003,30.28,32.62,12.76,11.8,3.36,3.39,5.78,25987
2025-10-28,Brent,REF_003,29.34,30.93,13.79,13.21,4.66,2.36,5.72,35262
2025-11-04,Brent,REF_003,30.51,32.94,14.2,12.46,4.4,4.08,1.4,40260
2025-11-11,Brent,REF_003,30.99,30.44,12.8,8.53,4.68,3.85,8.71,80991
2025-11-18,Brent,REF_003,31.73,33.43,12.44,11.45,5.09,4.41,1.44,33972
2025-11-25,Brent,REF_003,28.77,30.72,14.23,14.3,4.58,4.63,2.78,12947
2025-12-02,Brent,REF_003,29.75,32.37,12.71,9.39,6.45,3.85,5.49,99012
2025-12-09,Brent,REF_003,29.03,30.89,12.89,14.16,4.02,3.06,5.95,22855
2025-12-16,Brent,REF_003,31.59,30.41,12.4,11.05,4.57,2.53,7.45,22023
2025-12-23,Brent,REF_003,32.08,29.73,12.46,9.72,6.81,2.26,6.94,83441
2025-12-30,Brent,REF_003,32.06,30.97,12.85,12.74,5.81,4.34,1.22,84751
2026-01-06,Brent,REF_003,29.57,32.21,12.53,11.58,5.45,2.49,6.18,16885
2026-01-13,Brent,REF_003,29.27,31.15,14.04,11.72,5.99,2.52,5.3,19538
2026-01-20,Brent,REF_003,29.45,30.72,13.36,14.17,4.7,3.56,4.04,10415
2026-01-27,Brent,REF_003,28.63,29.8,13.66,11.4,3.77,3.78,8.96,59015
2026-02-03,Brent,REF_003,28.85,32.02,13.8,10.01,5.75,2.6,6.98,78105
2026-02-10,Brent,REF_003,32.14,31.23,12.75,10.79,4.0,2.0,7.08,68541
2026-02-17,Brent,REF_003,28.66,30.3,13.71,12.66,3.29,3.98,7.39,93751
2026-02-24,Brent,REF_003,28.79,31.13,13.72,12.67,3.91,2.49,7.29,80582
2026-03-03,Brent,REF_003,32.32,32.53,14.19,12.23,6.72,4.07,-2.06,91799
2026-03-10,Brent,REF_003,29.14,32.73,12.66,8.19,5.07,2.95,9.26,13917
2026-03-17,Brent,REF_003,32.41,32.13,14.07,14.99,4.57,2.76,-0.94,26549
2026-03-24,Brent,REF_003,30.55,31.89,13.21,10.71,3.67,3.33,6.64,17671
2026-03-31,Brent,REF_003,31.95,29.65,13.02,8.7,6.1,2.94,7.63,20179
2026-04-07,Brent,REF_003,30.62,33.13,14.08,9.75,5.88,2.09,4.46,21866
2024-04-09,Brent,REF_004,33.22,29.85,16.26,11.08,5.25,4.75,-0.4,90269
2024-04-16,Brent,REF_004,32.04,30.86,17.36,9.42,6.86,2.02,1.44,61279
2024-04-23,Brent,REF_004,29.85,31.46,17.06,12.83,6.14,3.78,-1.12,32618
2024-04-30,Brent,REF_004,33.05,33.07,16.11,13.79,6.89,3.91,-6.83,35362
2024-05-07,Brent,REF_004,31.92,31.2,17.14,11.81,6.72,3.85,-2.65,29258
2024-05-14,Brent,REF_004,32.4,31.03,16.33,10.74,3.05,4.91,1.54,57909
2024-05-21,Brent,REF_004,32.59,30.86,17.28,11.97,4.7,4.91,-2.31,54445
2024-05-28,Brent,REF_004,32.13,29.89,16.39,14.22,6.04,3.61,-2.28,91014
2024-06-04,Brent,REF_004,31.44,32.1,16.55,12.34,4.28,3.16,0.14,96969
2024-06-11,Brent,REF_004,29.94,30.25,15.88,10.24,4.59,2.28,6.81,59421
2024-06-18,Brent,REF_004,31.83,32.83,17.74,12.34,3.45,2.27,-0.45,79979
2024-06-25,Brent,REF_004,32.1,30.48,16.3,13.25,5.26,3.76,-1.14,28900
2024-07-02,Brent,REF_004,32.01,32.91,17.56,13.16,5.31,4.02,-4.97,53660
2024-07-09,Brent,REF_004,30.4,33.36,16.85,12.16,6.96,4.96,-4.69,62767
2024-07-16,Brent,REF_004,29.63,31.41,17.66,10.02,7.0,2.25,2.02,61130
2024-07-23,Brent,REF_004,31.56,30.85,17.69,12.33,3.92,3.15,0.5,74910
2024-07-30,Brent,REF_004,30.69,33.35,16.12,9.85,3.58,2.31,4.1,37028
2024-08-06,Brent,REF_004,33.49,30.21,16.22,9.9,5.48,4.24,0.47,77674
2024-08-13,Brent,REF_004,29.53,32.44,17.05,11.62,4.52,4.39,0.45,40949
2024-08-20,Brent,REF_004,30.42,31.07,16.67,9.5,5.43,4.65,2.26,63591
2024-08-27,Brent,REF_004,31.28,33.02,17.29,10.57,5.42,4.19,-1.76,32091
2024-09-03,Brent,REF_004,30.96,30.25,17.76,8.6,3.67,3.44,5.31,87874
2024-09-10,Brent,REF_004,30.92,32.9,17.14,12.47,6.38,2.04,-1.86,93623
2024-09-17,Brent,REF_004,32.81,33.58,17.38,14.15,3.81,2.96,-4.69,38369
2024-09-24,Brent,REF_004,29.93,32.75,16.06,8.37,6.1,4.71,2.07,78771
2024-10-01,Brent,REF_004,32.8,32.21,17.57,11.48,6.95,2.31,-3.32,82826
2024-10-08,Brent,REF_004,32.06,32.15,17.24,13.88,6.45,2.53,-4.32,27733
2024-10-15,Brent,REF_004,29.56,30.36,16.32,13.05,4.9,4.27,1.54,53788
2024-10-22,Brent,REF_004,31.72,30.27,17.34,13.31,4.23,2.99,0.14,29771
2024-10-29,Brent,REF_004,32.75,32.82,17.01,9.67,3.69,2.15,1.91,14105
2024-11-05,Brent,REF_004,30.24,30.23,16.9,10.51,4.78,3.78,3.55,69319
2024-11-12,Brent,REF_004,32.09,30.87,17.41,14.42,4.26,2.05,-1.11,90923
2024-11-19,Brent,REF_004,33.19,30.03,15.8,13.71,4.21,4.74,-1.69,29506
2024-11-26,Brent,REF_004,32.94,30.1,16.31,14.81,3.92,2.4,-0.49,87134
2024-12-03,Brent,REF_004,29.97,30.22,16.44,12.45,5.84,4.64,0.44,58682
2024-12-10,Brent,REF_004,31.07,31.27,17.48,13.07,6.62,4.89,-4.4,37004
2024-12-17,Brent,REF_004,31.62,32.36,16.12,8.37,6.47,3.61,1.46,61369
2024-12-24,Brent,REF_004,31.72,32.85,16.08,12.3,4.88,4.69,-2.51,56765
2024-12-31,Brent,REF_004,33.27,31.24,17.72,14.13,5.34,3.06,-4.76,43833
2025-01-07,Brent,REF_004,32.59,32.15,16.59,12.45,5.93,2.07,-1.79,18087
2025-01-14,Brent,REF_004,29.87,30.76,16.64,13.63,4.4,2.05,2.64,53502
2025-01-21,Brent,REF_004,33.48,31.23,17.71,8.71,3.69,4.17,1.0,55109
2025-01-28,Brent,REF_004,32.56,33.28,16.29,12.78,5.43,4.58,-4.93,48709
2025-02-04,Brent,REF_004,29.7,32.13,17.71,8.1,3.96,2.95,5.45,78925
2025-02-11,Brent,REF_004,30.79,30.79,17.09,8.32,3.68,3.22,6.11,42003
2025-02-18,Brent,REF_004,30.88,30.26,16.51,13.59,4.66,3.76,0.34,24722
2025-02-25,Brent,REF_004,29.78,33.35,16.45,10.45,6.51,4.12,-0.66,78063
2025-03-04,Brent,REF_004,32.22,30.25,17.71,14.36,3.94,4.41,-2.9,46845
2025-03-11,Brent,REF_004,32.23,30.49,16.87,8.89,5.14,2.73,3.65,50721
2025-03-18,Brent,REF_004,32.17,33.34,16.12,14.25,4.56,4.53,-4.97,56129
2025-03-25,Brent,REF_004,32.95,32.48,16.81,10.19,6.88,4.4,-3.7,44306
2025-04-01,Brent,REF_004,30.16,32.95,17.77,9.95,6.66,2.38,0.13,95698
2025-04-08,Brent,REF_004,32.48,31.22,16.4,12.5,5.37,4.76,-2.73,78961
2025-04-15,Brent,REF_004,31.66,33.54,16.98,13.95,6.36,4.76,-7.24,16084
2025-04-22,Brent,REF_004,31.83,31.7,16.77,11.22,6.35,2.96,-0.83,51647
2025-04-29,Brent,REF_004,30.3,30.84,17.11,8.82,3.75,3.58,5.6,13939
2025-05-06,Brent,REF_004,30.0,33.28,17.48,10.43,4.39,4.81,-0.41,12325
2025-05-13,Brent,REF_004,31.82,32.22,17.37,14.66,4.42,3.31,-3.8,70416
2025-05-20,Brent,REF_004,33.37,33.39,17.12,14.0,3.34,3.13,-4.35,11178
2025-05-27,Brent,REF_004,30.21,32.35,17.56,12.43,5.66,2.31,-0.52,69837
2025-06-03,Brent,REF_004,31.31,32.44,16.44,12.07,4.7,3.68,-0.63,23238
2025-06-10,Brent,REF_004,31.08,31.33,17.26,12.94,6.64,3.9,-3.15,38309
2025-06-17,Brent,REF_004,32.63,31.82,16.18,13.23,3.53,2.53,0.08,78288
2025-06-24,Brent,REF_004,32.58,32.99,16.38,14.07,5.89,4.5,-6.4,73774
2025-07-01,Brent,REF_004,31.81,30.27,17.21,12.83,4.25,4.21,-0.58,59540
2025-07-08,Brent,REF_004,31.73,31.3,16.02,9.52,6.08,2.81,2.53,10202
2025-07-15,Brent,REF_004,33.48,30.67,17.1,14.49,5.4,4.4,-5.54,97873
2025-07-22,Brent,REF_004,32.94,32.06,16.52,11.38,6.37,4.56,-3.82,86126
2025-07-29,Brent,REF_004,31.89,31.74,16.41,8.02,6.06,2.83,3.05,39671
2025-08-05,Brent,REF_004,32.87,30.04,17.64,8.01,6.76,3.36,1.32,19191
2025-08-12,Brent,REF_004,32.19,33.41,16.67,12.84,6.92,2.72,-4.75,83840
2025-08-19,Brent,REF_004,30.68,31.54,16.35,11.12,3.02,2.91,4.38,50076
2025-08-26,Brent,REF_004,32.03,32.38,16.96,10.05,6.79,3.18,-1.38,29520
2025-09-02,Brent,REF_004,31.71,32.83,15.81,9.93,6.3,3.52,-0.11,46763
2025-09-09,Brent,REF_004,33.22,30.19,17.02,10.4,3.28,2.64,3.25,66513
2025-09-16,Brent,REF_004,29.61,32.2,17.7,13.57,4.38,2.41,0.13,51855
2025-09-23,Brent,REF_004,31.07,33.72,17.77,10.87,3.6,4.73,-1.76,81418
2025-09-30,Brent,REF_004,31.54,31.29,16.69,14.31,3.74,4.42,-1.99,11637
2025-10-07,Brent,REF_004,33.18,31.83,16.24,8.02,5.24,2.73,2.76,66813
2025-10-14,Brent,REF_004,30.62,30.18,16.8,11.95,4.81,3.37,2.26,63068
2025-10-21,Brent,REF_004,31.6,30.36,16.18,8.99,5.77,3.59,3.5,48686
2025-10-28,Brent,REF_004,32.69,31.13,16.93,8.52,5.98,4.09,0.67,82214
2025-11-04,Brent,REF_004,33.03,32.86,17.48,10.42,4.37,4.83,-3.0,92311
2025-11-11,Brent,REF_004,31.69,31.3,17.52,10.26,3.61,3.92,1.69,13835
2025-11-18,Brent,REF_004,31.01,33.06,16.38,14.52,6.82,4.45,-6.24,98887
2025-11-25,Brent,REF_004,31.62,32.11,17.46,11.45,4.63,3.84,-1.11,69189
2025-12-02,Brent,REF_004,32.5,32.5,17.28,12.72,4.92,2.4,-2.33,80689
2025-12-09,Brent,REF_004,29.62,33.8,17.45,12.7,6.87,3.84,-4.27,15078
2025-12-16,Brent,REF_004,31.73,30.94,16.53,11.22,6.1,3.51,-0.03,52721
2025-12-23,Brent,REF_004,30.7,31.99,16.29,9.83,6.03,3.03,2.14,14625
2025-12-30,Brent,REF_004,30.87,32.38,17.42,14.73,5.98,3.29,-4.68,36920
2026-01-06,Brent,REF_004,30.01,32.34,16.81,12.74,3.95,2.97,1.17,36288
2026-01-13,Brent,REF_004,32.69,30.51,17.01,8.36,5.2,2.19,4.04,25828
2026-01-20,Brent,REF_004,29.95,31.22,16.48,13.78,3.9,2.26,2.41,64316
2026-01-27,Brent,REF_004,32.25,31.01,17.0,13.43,4.39,3.58,-1.65,23196
2026-02-03,Brent,REF_004,29.59,33.76,16.39,9.95,6.89,4.18,-0.77,62676
2026-02-10,Brent,REF_004,32.29,32.67,17.32,8.47,4.65,2.89,1.71,16351
2026-02-17,Brent,REF_004,31.15,32.29,16.15,10.14,5.56,3.74,0.98,88190
2026-02-24,Brent,REF_004,32.66,33.69,16.98,12.89,6.44,4.52,-7.19,74684
2026-03-03,Brent,REF_004,31.5,30.92,17.54,13.44,6.35,2.42,-2.17,38333
2026-03-10,Brent,REF_004,31.2,33.18,17.58,9.99,5.75,2.23,0.07,46861
2026-03-17,Brent,REF_004,31.44,32.89,17.57,10.36,5.11,3.94,-1.32,39581
2026-03-24,Brent,REF_004,33.44,33.33,16.38,11.56,3.92,3.54,-2.18,71499
2026-03-31,Brent,REF_004,29.84,33.31,16.98,14.93,3.1,4.49,-2.65,81276
2026-04-07,Brent,REF_004,30.03,31.17,17.56,11.63,4.61,4.72,0.29,18401
2024-04-09,Brent,REF_005,30.37,35.47,16.07,12.09,5.74,2.77,-2.51,84956
2024-04-16,Brent,REF_005,31.11,37.17,14.7,10.66,3.72,3.67,-1.03,31888
2024-04-23,Brent,REF_005,32.26,36.75,15.07,9.12,6.5,3.08,-2.79,49112
2024-04-30,Brent,REF_005,30.2,34.92,15.11,12.66,5.0,4.36,-2.25,38145
2024-05-07,Brent,REF_005,31.33,34.26,16.52,11.65,3.69,2.82,-0.28,17461
2024-05-14,Brent,REF_005,29.42,35.32,15.33,14.75,3.69,4.38,-2.88,38437
2024-05-21,Brent,REF_005,30.21,37.1,16.26,12.41,5.79,4.97,-6.74,63388
2024-05-28,Brent,REF_005,29.72,33.48,15.98,12.6,5.99,2.33,-0.1,95041
2024-06-04,Brent,REF_005,31.52,35.82,14.72,14.73,5.25,3.69,-5.72,94919
2024-06-11,Brent,REF_005,33.03,34.1,16.51,13.16,3.08,2.72,-2.59,47168
2024-06-18,Brent,REF_005,31.64,36.02,15.07,13.86,6.38,3.9,-6.88,92898
2024-06-25,Brent,REF_005,32.56,34.11,16.25,14.67,3.55,4.94,-6.08,12249
2024-07-02,Brent,REF_005,31.4,36.31,16.23,13.14,5.12,3.95,-6.16,72993
2024-07-09,Brent,REF_005,31.29,35.6,16.34,10.19,5.09,2.03,-0.54,71869
2024-07-16,Brent,REF_005,30.09,35.14,15.07,8.16,4.93,3.27,3.32,48263
2024-07-23,Brent,REF_005,30.15,37.01,14.66,14.24,5.95,2.52,-4.52,52497
2024-07-30,Brent,REF_005,33.27,35.79,14.91,11.2,4.87,4.41,-4.45,92454
2024-08-06,Brent,REF_005,29.64,34.48,15.25,14.97,5.24,4.64,-4.21,48342
2024-08-13,Brent,REF_005,32.2,34.37,16.47,11.19,6.21,2.77,-3.21,72424
2024-08-20,Brent,REF_005,30.93,33.34,15.48,11.85,3.61,2.55,2.24,51837
2024-08-27,Brent,REF_005,30.68,34.98,15.57,8.98,3.72,4.54,1.51,24644
2024-09-03,Brent,REF_005,31.98,34.89,16.59,8.46,6.32,3.47,-1.71,10481
2024-09-10,Brent,REF_005,30.37,34.85,15.28,10.54,6.67,3.08,-0.78,47694
2024-09-17,Brent,REF_005,32.36,36.39,14.82,12.93,4.93,2.4,-3.83,33823
2024-09-24,Brent,REF_005,29.49,34.66,15.16,10.67,5.32,4.2,0.49,64481
2024-10-01,Brent,REF_005,32.03,36.68,16.4,14.03,3.61,2.75,-5.5,55209
2024-10-08,Brent,REF_005,30.75,33.75,15.23,14.83,4.39,3.26,-2.19,10576
2024-10-15,Brent,REF_005,32.19,34.87,14.86,14.78,6.11,4.18,-6.99,96208
2024-10-22,Brent,REF_005,30.94,36.09,15.06,12.88,3.06,2.38,-0.41,48273
2024-10-29,Brent,REF_005,29.36,35.07,15.7,12.35,3.4,2.54,1.58,65195
2024-11-05,Brent,REF_005,31.94,33.32,15.73,13.49,3.28,3.24,-1.01,39386
2024-11-12,Brent,REF_005,32.97,33.96,15.29,14.29,4.32,3.59,-4.42,12973
2024-11-19,Brent,REF_005,33.25,36.52,15.92,8.43,3.3,3.63,-1.05,35655
2024-11-26,Brent,REF_005,31.8,35.61,16.33,9.97,5.31,4.33,-3.36,54169
2024-12-03,Brent,REF_005,32.63,33.74,16.12,14.6,4.33,3.1,-4.52,17519
2024-12-10,Brent,REF_005,31.88,35.43,14.73,13.27,6.32,4.72,-6.34,59116
2024-12-17,Brent,REF_005,31.12,36.72,15.45,12.59,5.46,3.12,-4.46,17820
2024-12-24,Brent,REF_005,29.4,34.93,15.61,13.76,4.66,2.84,-1.2,51588
2024-12-31,Brent,REF_005,30.26,33.58,14.88,10.23,3.05,2.66,5.33,80877
2025-01-07,Brent,REF_005,30.25,33.66,16.55,12.36,3.24,2.19,1.75,65090
2025-01-14,Brent,REF_005,31.47,33.49,15.1,14.5,5.29,3.32,-3.18,32513
2025-01-21,Brent,REF_005,29.85,34.83,16.5,8.34,6.96,2.62,0.9,46789
2025-01-28,Brent,REF_005,29.49,35.56,15.62,12.67,5.17,3.19,-1.7,76398
2025-02-04,Brent,REF_005,29.41,35.38,14.88,11.05,6.16,2.43,0.68,94222
2025-02-11,Brent,REF_005,32.87,34.88,14.66,13.53,6.52,2.52,-4.98,92457
2025-02-18,Brent,REF_005,32.97,35.1,16.25,11.11,5.26,2.96,-3.65,24352
2025-02-25,Brent,REF_005,32.3,33.22,15.81,14.05,3.89,3.0,-2.27,62873
2025-03-04,Brent,REF_005,30.3,36.61,15.38,12.07,3.9,2.12,-0.39,25633
2025-03-11,Brent,REF_005,29.5,35.09,15.82,8.31,3.36,3.46,4.45,81926
2025-03-18,Brent,REF_005,31.82,33.64,16.43,14.42,4.3,3.85,-4.46,54309
2025-03-25,Brent,REF_005,33.08,35.25,16.57,9.4,4.38,4.34,-3.03,80524
2025-04-01,Brent,REF_005,32.24,36.66,16.06,12.45,4.84,3.4,-5.64,46554
2025-04-08,Brent,REF_005,31.79,34.85,14.95,8.75,6.7,2.07,0.9,19492
2025-04-15,Brent,REF_005,31.09,34.27,15.46,8.82,3.52,4.4,2.43,78319
2025-04-22,Brent,REF_005,29.73,35.89,15.87,12.99,4.9,2.81,-2.19,69731
2025-04-29,Brent,REF_005,30.8,34.09,15.47,13.34,4.9,2.9,-1.51,84868
2025-05-06,Brent,REF_005,32.84,34.95,15.4,12.29,3.23,4.07,-2.79,80405
2025-05-13,Brent,REF_005,30.9,33.92,14.71,12.46,4.08,3.39,0.54,44771
2025-05-20,Brent,REF_005,30.01,35.25,15.57,12.37,4.01,2.64,0.15,83291
2025-05-27,Brent,REF_005,32.12,36.31,14.9,9.57,5.3,4.57,-2.77,90290
2025-06-03,Brent,REF_005,32.64,33.39,16.29,14.29,3.23,3.25,-3.09,58294
2025-06-10,Brent,REF_005,30.24,35.29,16.42,14.07,6.76,3.45,-6.23,46951
2025-06-17,Brent,REF_005,31.98,34.89,14.74,13.04,4.12,2.15,-0.91,11855
2025-06-24,Brent,REF_005,33.04,34.23,15.55,14.65,4.87,2.24,-4.57,59674
2025-07-01,Brent,REF_005,29.66,33.6,16.35,10.03,5.71,3.53,1.11,30009
2025-07-08,Brent,REF_005,31.38,33.49,15.35,11.66,3.91,3.98,0.22,14663
2025-07-15,Brent,REF_005,31.25,36.08,15.51,14.12,5.53,4.88,-7.37,35570
2025-07-22,Brent,REF_005,33.07,35.65,16.14,14.32,5.2,4.59,-8.96,58752
2025-07-29,Brent,REF_005,31.71,35.0,14.94,11.87,6.91,4.36,-4.8,77274
2025-08-05,Brent,REF_005,31.89,34.61,14.99,9.57,3.03,4.02,1.9,83068
2025-08-12,Brent,REF_005,30.39,33.59,15.32,10.04,4.8,2.79,3.06,40575
2025-08-19,Brent,REF_005,32.94,34.56,16.22,12.38,4.35,4.45,-4.91,63556
2025-08-26,Brent,REF_005,29.35,33.49,16.16,11.13,4.62,2.44,2.82,24158
2025-09-02,Brent,REF_005,32.5,36.54,15.77,10.07,6.73,3.87,-5.48,81697
2025-09-09,Brent,REF_005,29.32,35.02,16.39,10.37,5.91,3.97,-0.99,23699
2025-09-16,Brent,REF_005,32.41,33.67,16.11,14.94,6.83,4.4,-8.36,58106
2025-09-23,Brent,REF_005,32.01,36.13,14.67,8.72,5.39,2.02,1.06,91801
2025-09-30,Brent,REF_005,31.27,34.25,15.44,13.96,6.71,2.35,-3.97,80016
2025-10-07,Brent,REF_005,31.62,35.56,16.21,9.56,5.12,2.96,-1.04,18506
2025-10-14,Brent,REF_005,29.73,33.76,15.88,8.74,5.28,3.76,2.84,91350
2025-10-21,Brent,REF_005,31.82,37.16,14.71,12.93,3.11,4.19,-3.92,44726
2025-10-28,Brent,REF_005,31.76,34.46,14.97,13.06,6.62,2.55,-3.42,92863
2025-11-04,Brent,REF_005,29.87,36.16,16.57,9.03,4.74,3.01,0.61,44962
2025-11-11,Brent,REF_005,32.32,35.86,16.59,9.3,5.17,3.35,-2.6,92697
2025-11-18,Brent,REF_005,29.35,37.18,15.61,12.38,4.44,4.56,-3.52,60578
2025-11-25,Brent,REF_005,31.96,35.81,15.38,8.53,6.23,2.87,-0.79,86403
2025-12-02,Brent,REF_005,31.75,34.63,15.84,12.52,5.83,4.47,-5.03,24377
2025-12-09,Brent,REF_005,33.09,34.86,16.37,9.54,3.12,3.72,-0.7,39219
2025-12-16,Brent,REF_005,33.25,33.64,14.75,8.32,3.87,3.74,2.45,55500
2025-12-23,Brent,REF_005,30.71,33.57,15.12,9.29,5.98,4.34,0.98,79931
2025-12-30,Brent,REF_005,33.19,36.76,15.65,10.9,6.66,3.83,-6.99,36495
2026-01-06,Brent,REF_005,31.57,37.19,16.35,9.97,6.81,4.94,-6.83,30805
2026-01-13,Brent,REF_005,32.89,36.75,14.73,12.69,4.22,4.02,-5.31,92220
2026-01-20,Brent,REF_005,31.31,34.88,16.49,14.82,3.25,4.77,-5.51,17449
2026-01-27,Brent,REF_005,30.66,36.27,16.21,13.08,3.16,2.4,-1.77,94259
2026-02-03,Brent,REF_005,29.64,33.53,16.32,12.49,4.41,2.5,1.11,89575
2026-02-10,Brent,REF_005,33.27,33.42,15.76,9.83,6.33,3.04,-1.64,74316
2026-02-17,Brent,REF_005,31.47,35.39,16.37,11.29,6.38,3.09,-3.99,25730
2026-02-24,Brent,REF_005,31.13,35.21,15.61,13.66,5.26,4.67,-5.54,56276
2026-03-03,Brent,REF_005,30.21,33.74,16.39,8.39,3.47,2.19,5.61,48136
2026-03-10,Brent,REF_005,31.44,33.3,15.68,10.76,6.09,4.49,-1.76,71647
2026-03-17,Brent,REF_005,31.21,34.08,16.35,10.39,4.43,4.75,-1.2,97803
2026-03-24,Brent,REF_005,32.9,37.21,16.39,12.93,4.18,4.86,-8.47,88896
2026-03-31,Brent,REF_005,30.27,35.18,14.79,14.67,5.29,2.74,-2.94,36315
2026-04-07,Brent,REF_005,33.23,35.68,15.49,11.5,3.39,2.23,-1.53,63343
2024-04-09,Dubai,REF_001,23.36,32.29,12.42,8.5,3.68,2.29,17.46,26074
2024-04-16,Dubai,REF_001,24.74,31.47,12.38,11.05,6.72,2.89,10.77,81524
2024-04-23,Dubai,REF_001,23.7,29.23,12.74,9.64,6.61,2.15,15.92,63754
2024-04-30,Dubai,REF_001,25.49,28.78,13.3,11.28,5.89,4.48,10.78,39060
2024-05-07,Dubai,REF_001,25.01,29.56,12.23,8.0,6.85,3.32,15.02,11176
2024-05-14,Dubai,REF_001,23.11,29.67,11.86,10.62,3.25,2.12,19.38,70244
2024-05-21,Dubai,REF_001,26.7,30.15,13.5,8.2,6.11,2.19,13.14,85459
2024-05-28,Dubai,REF_001,26.6,31.66,13.47,11.93,4.06,3.93,8.35,49558
2024-06-04,Dubai,REF_001,23.09,30.42,13.13,8.1,5.49,3.96,15.81,24229
2024-06-11,Dubai,REF_001,24.8,32.37,13.6,10.88,4.4,2.37,11.59,13167
2024-06-18,Dubai,REF_001,24.26,32.28,13.75,13.69,4.4,2.43,9.19,63598
2024-06-25,Dubai,REF_001,25.66,30.21,13.21,13.23,6.13,3.51,8.05,81247
2024-07-02,Dubai,REF_001,23.17,31.24,12.3,9.89,3.37,2.58,17.45,99280
2024-07-09,Dubai,REF_001,24.73,32.23,12.16,9.43,5.23,3.05,13.18,67952
2024-07-16,Dubai,REF_001,24.76,31.76,12.69,12.01,4.28,4.11,10.38,68926
2024-07-23,Dubai,REF_001,24.66,29.62,13.06,14.6,3.53,4.4,10.13,58869
2024-07-30,Dubai,REF_001,25.17,32.36,13.04,13.81,5.06,2.75,7.8,72504
2024-08-06,Dubai,REF_001,26.76,31.88,12.23,10.22,5.07,3.71,10.13,27443
2024-08-13,Dubai,REF_001,23.99,31.55,13.29,13.87,6.73,2.92,7.64,87363
2024-08-20,Dubai,REF_001,25.74,32.35,12.37,9.89,5.82,4.79,9.05,84210
2024-08-27,Dubai,REF_001,25.98,30.06,13.27,13.61,6.01,4.03,7.04,14241
2024-09-03,Dubai,REF_001,25.71,30.43,13.75,12.25,5.43,4.98,7.44,18422
2024-09-10,Dubai,REF_001,24.18,31.14,12.46,10.42,6.57,3.74,11.49,19257
2024-09-17,Dubai,REF_001,24.32,28.82,12.94,9.21,6.43,3.73,14.55,15343
2024-09-24,Dubai,REF_001,24.28,30.98,12.5,11.59,6.64,3.05,10.96,40228
2024-10-01,Dubai,REF_001,26.35,29.79,11.99,9.27,6.8,4.8,11.01,30233
2024-10-08,Dubai,REF_001,25.29,29.06,13.18,9.3,3.2,4.47,15.5,39286
2024-10-15,Dubai,REF_001,23.51,31.85,13.36,12.79,6.64,3.47,8.39,21525
2024-10-22,Dubai,REF_001,23.32,29.79,12.0,11.75,3.06,3.33,16.75,26061
2024-10-29,Dubai,REF_001,24.55,31.21,12.53,10.39,6.96,4.16,10.2,56247
2024-11-05,Dubai,REF_001,25.39,30.99,11.88,8.56,5.6,3.09,14.48,14989
2024-11-12,Dubai,REF_001,24.26,29.04,13.66,9.42,3.57,3.88,16.17,56972
2024-11-19,Dubai,REF_001,25.38,30.26,12.76,13.45,3.88,3.19,11.08,96204
2024-11-26,Dubai,REF_001,23.83,29.69,12.21,8.14,4.08,2.14,19.9,23921
2024-12-03,Dubai,REF_001,24.52,28.6,13.34,13.57,4.65,4.95,10.38,71109
2024-12-10,Dubai,REF_001,26.05,29.28,13.51,14.62,3.95,4.06,8.54,77224
2024-12-17,Dubai,REF_001,24.29,30.41,12.03,9.21,3.25,3.68,17.13,66273
2024-12-24,Dubai,REF_001,26.74,30.68,12.35,8.42,6.54,3.44,11.84,76358
2024-12-31,Dubai,REF_001,23.13,30.47,12.48,8.21,6.1,3.54,16.07,39986
2025-01-07,Dubai,REF_001,26.3,30.3,11.84,14.61,4.02,4.49,8.44,83477
2025-01-14,Dubai,REF_001,23.72,30.41,11.91,10.48,5.92,2.71,14.84,20541
2025-01-21,Dubai,REF_001,25.1,30.66,13.18,13.31,5.78,4.54,7.42,30061
2025-01-28,Dubai,REF_001,25.35,29.95,13.75,11.08,6.84,4.31,8.71,74661
2025-02-04,Dubai,REF_001,25.04,30.29,12.88,10.06,6.62,4.38,10.73,82125
2025-02-11,Dubai,REF_001,24.8,28.8,13.2,10.62,6.48,4.34,11.76,23079
2025-02-18,Dubai,REF_001,25.48,31.28,12.97,11.6,3.91,2.71,12.05,79120
2025-02-25,Dubai,REF_001,23.15,31.63,12.88,14.55,6.99,3.99,6.81,47103
2025-03-04,Dubai,REF_001,24.97,29.33,12.03,12.05,6.22,2.79,12.61,47768
2025-03-11,Dubai,REF_001,25.29,32.15,12.11,9.66,6.67,2.12,12.0,69050
2025-03-18,Dubai,REF_001,25.63,30.05,12.77,13.98,3.66,2.69,11.22,56111
2025-03-25,Dubai,REF_001,24.71,30.81,13.67,14.42,3.92,2.91,9.56,24586
2025-04-01,Dubai,REF_001,26.78,30.11,12.73,13.62,5.05,2.36,9.35,49406
2025-04-08,Dubai,REF_001,25.59,31.39,13.12,8.83,4.22,4.2,12.64,89217
2025-04-15,Dubai,REF_001,23.26,28.68,13.12,11.84,3.62,3.64,15.84,97703
2025-04-22,Dubai,REF_001,25.6,30.31,13.49,9.49,4.66,3.58,12.88,55408
2025-04-29,Dubai,REF_001,26.76,29.68,11.94,14.41,3.87,3.14,10.2,57780
2025-05-06,Dubai,REF_001,26.98,30.66,12.73,12.09,6.88,4.45,6.22,25207
2025-05-13,Dubai,REF_001,26.29,31.88,13.21,12.6,4.76,3.93,7.34,76381
2025-05-20,Dubai,REF_001,23.56,29.54,12.22,13.89,5.72,3.35,11.71,84345
2025-05-27,Dubai,REF_001,25.94,32.17,11.98,11.56,5.83,2.62,9.89,39441
2025-06-03,Dubai,REF_001,24.75,31.69,12.82,11.45,4.72,2.69,11.88,93076
2025-06-10,Dubai,REF_001,24.34,30.78,12.13,11.04,6.62,4.99,10.1,42557
2025-06-17,Dubai,REF_001,23.69,29.77,12.49,12.51,4.98,4.31,12.25,73117
2025-06-24,Dubai,REF_001,24.08,31.65,13.53,12.19,6.71,4.35,7.5,63585
2025-07-01,Dubai,REF_001,26.7,30.92,12.87,10.49,6.53,2.37,10.12,52615
2025-07-08,Dubai,REF_001,25.22,30.73,13.13,11.54,4.03,4.57,10.77,69177
2025-07-15,Dubai,REF_001,26.5,29.62,13.1,13.0,4.53,4.44,8.8,10225
2025-07-22,Dubai,REF_001,25.45,30.97,12.9,12.41,3.67,4.05,10.55,40221
2025-07-29,Dubai,REF_001,24.88,29.85,12.78,12.35,6.35,3.45,10.34,39090
2025-08-05,Dubai,REF_001,25.02,31.27,12.52,10.9,5.25,2.88,12.15,28817
2025-08-12,Dubai,REF_001,23.63,29.92,11.93,12.08,3.7,3.13,15.59,34230
2025-08-19,Dubai,REF_001,25.59,31.92,13.1,11.8,5.68,2.09,9.83,21056
2025-08-26,Dubai,REF_001,23.45,28.91,12.35,11.72,3.46,4.81,15.3,86883
2025-09-02,Dubai,REF_001,26.96,28.68,13.53,13.63,6.61,3.58,7.01,80910
2025-09-09,Dubai,REF_001,23.28,28.82,12.07,14.4,3.24,2.3,15.89,93736
2025-09-16,Dubai,REF_001,23.5,31.99,13.41,8.28,3.09,3.6,16.12,99745
2025-09-23,Dubai,REF_001,26.59,29.75,12.6,10.72,5.94,3.02,11.38,23301
2025-09-30,Dubai,REF_001,26.06,30.35,11.98,13.53,5.34,3.47,9.27,70600
2025-10-07,Dubai,REF_001,25.09,31.11,13.57,12.29,5.64,3.84,8.46,57806
2025-10-14,Dubai,REF_001,23.76,29.86,13.22,10.98,4.62,4.28,13.29,10501
2025-10-21,Dubai,REF_001,25.79,30.47,12.58,10.38,3.69,3.0,14.08,45227
2025-10-28,Dubai,REF_001,24.82,31.2,12.74,13.57,5.56,2.57,9.54,34945
2025-11-04,Dubai,REF_001,23.39,32.3,13.6,8.59,5.3,4.88,11.94,77242
2025-11-11,Dubai,REF_001,25.04,29.48,12.39,13.15,6.12,3.59,10.23,20885
2025-11-18,Dubai,REF_001,26.81,31.89,12.11,8.4,5.14,2.85,12.79,35492
2025-11-25,Dubai,REF_001,23.42,32.33,13.49,8.8,6.51,4.05,11.41,39289
2025-12-02,Dubai,REF_001,26.56,30.91,13.53,11.28,5.0,2.87,9.85,44892
2025-12-09,Dubai,REF_001,25.34,32.3,13.03,9.03,3.03,4.55,12.71,42789
2025-12-16,Dubai,REF_001,24.33,31.72,13.72,13.24,3.7,3.17,10.12,78345
2025-12-23,Dubai,REF_001,26.7,32.51,12.85,13.76,3.19,2.86,8.14,43436
2025-12-30,Dubai,REF_001,26.97,28.53,12.45,14.51,4.23,2.68,10.64,75707
2026-01-06,Dubai,REF_001,26.05,30.4,13.72,9.42,6.65,4.27,9.48,43138
2026-01-13,Dubai,REF_001,26.3,29.05,12.09,14.51,3.38,2.01,12.66,45012
2026-01-20,Dubai,REF_001,23.49,31.97,13.68,11.38,4.7,3.62,11.17,30357
2026-01-27,Dubai,REF_001,24.26,28.92,12.72,12.28,6.72,4.22,10.87,75075
2026-02-03,Dubai,REF_001,24.3,32.07,13.72,14.53,3.16,3.81,8.41,67890
2026-02-10,Dubai,REF_001,24.25,32.48,12.41,9.52,4.94,2.97,13.43,93162
2026-02-17,Dubai,REF_001,24.83,30.15,13.08,8.57,6.03,4.31,13.03,52662
2026-02-24,Dubai,REF_001,26.89,30.83,13.22,14.47,5.67,3.3,5.62,12229
2026-03-03,Dubai,REF_001,25.99,32.37,12.77,10.38,5.08,4.19,9.23,10062
2026-03-10,Dubai,REF_001,26.62,32.06,12.91,8.86,5.69,2.41,11.45,55679
2026-03-17,Dubai,REF_001,23.45,30.87,12.47,13.82,6.2,5.0,8.2,33175
2026-03-24,Dubai,REF_001,23.32,30.29,12.0,9.25,5.39,3.78,15.98,13899
2026-03-31,Dubai,REF_001,24.84,30.63,12.37,14.1,3.64,2.76,11.64,24129
2026-04-07,Dubai,REF_001,23.54,32.03,12.39,13.06,4.71,3.91,10.37,93535
2024-04-09,Dubai,REF_002,26.87,27.88,14.57,14.65,3.38,4.3,8.34,28315
2024-04-16,Dubai,REF_002,26.59,29.98,14.32,8.47,5.03,4.37,11.24,57599
2024-04-23,Dubai,REF_002,25.74,28.26,15.07,12.61,5.92,4.36,8.04,18162
2024-04-30,Dubai,REF_002,27.39,27.99,13.5,9.42,6.12,2.48,13.09,38117
2024-05-07,Dubai,REF_002,26.21,26.68,14.15,13.36,3.09,2.34,14.18,74816
2024-05-14,Dubai,REF_002,27.44,29.34,13.69,13.63,4.92,3.83,7.15,18293
2024-05-21,Dubai,REF_002,25.89,29.58,13.67,8.65,5.39,3.64,13.18,64710
2024-05-28,Dubai,REF_002,27.54,28.48,14.21,14.47,5.14,3.85,6.31,34027
2024-06-04,Dubai,REF_002,28.55,26.58,14.34,10.69,5.42,3.08,11.34,74591
2024-06-11,Dubai,REF_002,25.15,28.11,14.89,9.75,3.21,3.49,15.4,97888
2024-06-18,Dubai,REF_002,25.32,26.76,14.42,9.75,4.64,4.49,14.61,27896
2024-06-25,Dubai,REF_002,27.94,28.5,15.04,14.81,4.94,3.75,5.01,77125
2024-07-02,Dubai,REF_002,26.34,27.39,15.16,11.03,3.01,4.51,12.56,63969
2024-07-09,Dubai,REF_002,25.74,26.6,13.81,14.5,6.73,2.93,9.68,85233
2024-07-16,Dubai,REF_002,26.84,29.1,13.89,11.61,4.18,2.18,12.2,22544
2024-07-23,Dubai,REF_002,26.23,30.39,15.16,13.79,3.93,3.32,7.18,49580
2024-07-30,Dubai,REF_002,26.62,26.66,14.3,8.51,6.21,4.07,13.64,41746
2024-08-06,Dubai,REF_002,27.66,27.42,13.76,10.2,6.19,2.63,12.15,60650
2024-08-13,Dubai,REF_002,25.87,27.62,13.7,12.52,5.11,4.16,11.02,29794
2024-08-20,Dubai,REF_002,25.1,29.2,13.46,9.72,4.22,4.24,14.05,66330
2024-08-27,Dubai,REF_002,25.8,28.87,14.64,10.72,3.98,4.04,11.94,64980
2024-09-03,Dubai,REF_002,25.38,29.15,14.2,13.27,3.76,2.77,11.46,58898
2024-09-10,Dubai,REF_002,26.99,28.03,14.72,11.95,5.84,2.46,10.0,75608
2024-09-17,Dubai,REF_002,26.91,26.62,13.69,8.18,4.83,2.98,16.79,98870
2024-09-24,Dubai,REF_002,28.54,29.79,14.23,13.65,4.07,3.68,6.05,45362
2024-10-01,Dubai,REF_002,25.75,26.77,14.34,8.68,5.87,4.76,13.81,24589
2024-10-08,Dubai,REF_002,26.95,29.44,13.8,14.45,6.55,2.31,6.5,12465
2024-10-15,Dubai,REF_002,28.97,30.31,14.07,8.35,5.48,2.88,9.94,94305
2024-10-22,Dubai,REF_002,28.25,29.08,13.8,12.91,4.16,2.11,9.7,55759
2024-10-29,Dubai,REF_002,27.02,29.53,14.96,10.48,4.8,3.41,9.79,39180
2024-11-05,Dubai,REF_002,28.04,28.57,15.05,12.55,3.85,2.49,9.44,43514
2024-11-12,Dubai,REF_002,26.46,28.11,13.59,14.85,3.58,3.96,9.45,11176
2024-11-19,Dubai,REF_002,26.7,27.72,13.99,11.49,5.4,3.75,10.96,66764
2024-11-26,Dubai,REF_002,28.45,30.03,14.7,8.55,6.85,4.84,6.58,74053
2024-12-03,Dubai,REF_002,27.14,27.49,14.74,14.15,5.66,3.89,6.95,27370
2024-12-10,Dubai,REF_002,26.5,29.38,13.26,12.49,6.07,3.0,9.31,16855
2024-12-17,Dubai,REF_002,28.34,27.05,13.97,12.95,6.27,4.59,6.83,57737
2024-12-24,Dubai,REF_002,26.97,29.88,14.35,12.05,4.74,3.12,8.9,53248
2024-12-31,Dubai,REF_002,26.53,27.86,15.21,10.35,4.03,3.06,12.96,63170
2025-01-07,Dubai,REF_002,28.71,29.63,14.91,14.01,6.68,2.71,3.34,51252
2025-01-14,Dubai,REF_002,26.61,28.01,14.53,10.81,5.47,3.15,11.43,38001
2025-01-21,Dubai,REF_002,26.48,29.7,14.43,14.82,6.33,3.46,4.79,31813
2025-01-28,Dubai,REF_002,27.76,29.39,14.15,9.61,5.23,2.76,11.09,94599
2025-02-04,Dubai,REF_002,27.58,27.65,13.66,13.02,5.83,3.79,8.47,65287
2025-02-11,Dubai,REF_002,27.48,27.92,15.1,11.35,3.08,3.05,12.01,21725
2025-02-18,Dubai,REF_002,26.52,28.92,13.27,14.09,5.44,2.89,8.87,38008
2025-02-25,Dubai,REF_002,26.93,27.48,13.23,8.19,4.43,2.37,17.37,12012
2025-03-04,Dubai,REF_002,28.5,27.58,14.23,9.26,3.19,4.23,13.01,21246
2025-03-11,Dubai,REF_002,25.17,28.83,13.25,11.05,4.16,2.96,14.58,10350
2025-03-18,Dubai,REF_002,28.93,28.55,14.37,12.66,6.19,3.82,5.48,78597
2025-03-25,Dubai,REF_002,26.86,27.97,14.87,14.06,3.55,3.63,9.06,71527
2025-04-01,Dubai,REF_002,25.4,30.2,14.27,12.52,3.71,2.79,11.11,20890
2025-04-08,Dubai,REF_002,26.12,28.45,14.89,11.74,3.98,2.13,12.68,65977
2025-04-15,Dubai,REF_002,26.75,30.42,14.79,13.66,3.05,4.33,7.0,27515
2025-04-22,Dubai,REF_002,27.41,28.27,14.37,8.93,4.83,2.11,14.07,13689
2025-04-29,Dubai,REF_002,27.7,30.29,14.78,11.28,3.22,2.14,10.59,24210
2025-05-06,Dubai,REF_002,28.97,28.08,14.91,12.94,5.42,4.84,4.84,30737
2025-05-13,Dubai,REF_002,26.89,29.94,14.33,9.73,3.84,4.26,11.02,11151
2025-05-20,Dubai,REF_002,28.72,26.56,14.49,12.23,5.31,3.42,9.26,86718
2025-05-27,Dubai,REF_002,27.7,29.61,13.46,8.35,3.11,2.44,15.32,70030
2025-06-03,Dubai,REF_002,27.04,29.49,13.61,10.57,6.55,4.81,7.93,92955
2025-06-10,Dubai,REF_002,28.34,29.24,15.05,13.0,6.82,2.07,5.48,92947
2025-06-17,Dubai,REF_002,27.29,26.93,13.66,13.97,5.02,4.95,8.19,20577
2025-06-24,Dubai,REF_002,26.72,27.81,14.26,12.43,5.65,2.0,11.13,18006
2025-07-01,Dubai,REF_002,25.21,29.94,13.85,10.57,4.8,4.55,11.08,11274
2025-07-08,Dubai,REF_002,25.54,29.22,15.15,12.5,4.04,3.56,9.98,97748
2025-07-15,Dubai,REF_002,27.18,27.98,13.99,14.77,5.88,4.06,6.14,30884
2025-07-22,Dubai,REF_002,27.31,27.91,13.71,14.27,4.53,2.85,9.43,93854
2025-07-29,Dubai,REF_002,25.86,29.46,14.53,14.44,6.33,4.12,5.26,38311
2025-08-05,Dubai,REF_002,27.05,30.26,13.27,13.56,4.01,2.56,9.29,30900
2025-08-12,Dubai,REF_002,25.31,30.45,14.97,11.65,5.86,3.67,8.1,83042
2025-08-19,Dubai,REF_002,28.45,27.41,14.15,12.44,6.91,4.05,6.59,90787
2025-08-26,Dubai,REF_002,28.45,28.81,15.01,10.64,4.52,4.34,8.22,22108
2025-09-02,Dubai,REF_002,26.29,28.92,14.07,14.59,6.83,3.51,5.8,58515
2025-09-09,Dubai,REF_002,27.97,28.31,13.61,13.23,5.95,2.73,8.2,84962
2025-09-16,Dubai,REF_002,27.52,27.43,14.53,9.64,4.06,4.54,12.28,93654
2025-09-23,Dubai,REF_002,26.1,30.2,13.7,8.82,3.23,2.73,15.23,44672
2025-09-30,Dubai,REF_002,28.78,27.45,13.96,13.14,4.21,4.05,8.41,48887
2025-10-07,Dubai,REF_002,25.85,29.42,13.28,10.05,4.42,3.37,13.6,71188
2025-10-14,Dubai,REF_002,26.91,28.86,14.42,10.61,6.74,4.87,7.6,62366
2025-10-21,Dubai,REF_002,25.35,28.45,13.59,11.38,3.75,4.11,13.36,17238
2025-10-28,Dubai,REF_002,28.88,27.26,14.55,14.42,3.99,4.8,6.09,44980
2025-11-04,Dubai,REF_002,28.91,30.37,13.6,13.82,3.77,2.68,6.85,17571
2025-11-11,Dubai,REF_002,25.69,29.01,14.12,13.54,4.33,4.91,8.4,14488
2025-11-18,Dubai,REF_002,25.32,29.29,15.0,13.57,4.96,2.81,9.05,11210
2025-11-25,Dubai,REF_002,27.11,28.39,13.91,12.05,5.92,4.1,8.53,33692
2025-12-02,Dubai,REF_002,27.41,27.08,13.47,13.5,5.77,4.3,8.46,23721
2025-12-09,Dubai,REF_002,28.73,27.02,14.97,10.47,3.42,2.86,12.54,26330
2025-12-16,Dubai,REF_002,27.03,30.28,13.88,12.28,6.57,3.89,6.06,42597
2025-12-23,Dubai,REF_002,29.03,27.23,14.27,13.58,3.0,4.11,8.78,33984
2025-12-30,Dubai,REF_002,25.75,27.58,15.16,14.24,3.86,2.35,11.06,42773
2026-01-06,Dubai,REF_002,27.44,29.95,15.16,13.26,5.4,2.43,6.37,16662
2026-01-13,Dubai,REF_002,27.45,28.64,14.92,10.26,3.16,3.27,12.3,97226
2026-01-20,Dubai,REF_002,28.25,26.62,14.98,11.3,4.46,3.04,11.36,63562
2026-01-27,Dubai,REF_002,27.19,29.11,14.37,9.01,4.03,4.52,11.77,69693
2026-02-03,Dubai,REF_002,26.86,27.21,13.24,10.18,3.22,3.45,15.83,83962
2026-02-10,Dubai,REF_002,26.21,29.87,14.64,8.88,5.58,2.46,12.37,68931
2026-02-17,Dubai,REF_002,25.64,28.05,14.36,8.35,3.61,2.96,17.02,51608
2026-02-24,Dubai,REF_002,28.5,27.23,13.92,11.33,4.18,3.88,10.95,33094
2026-03-03,Dubai,REF_002,28.16,28.5,13.4,12.39,5.28,3.02,9.26,11004
2026-03-10,Dubai,REF_002,25.87,28.11,13.63,12.04,5.85,4.57,9.94,68228
2026-03-17,Dubai,REF_002,27.82,28.92,15.2,9.83,4.07,2.38,11.79,53711
2026-03-24,Dubai,REF_002,25.45,27.56,14.19,14.7,6.86,4.23,7.0,45032
2026-03-31,Dubai,REF_002,28.53,29.98,15.05,12.48,3.81,2.27,7.88,92329
2026-04-07,Dubai,REF_002,25.29,27.67,14.2,8.15,6.63,2.86,15.2,12565
2024-04-09,Dubai,REF_003,27.78,30.83,13.87,11.52,4.03,4.85,7.12,15485
2024-04-16,Dubai,REF_003,27.06,31.75,14.34,12.2,5.61,2.21,6.82,11596
2024-04-23,Dubai,REF_003,29.71,29.27,14.14,12.77,3.95,4.2,5.96,51241
2024-04-30,Dubai,REF_003,29.39,29.29,13.79,13.82,4.31,3.24,6.16,81433
2024-05-07,Dubai,REF_003,28.5,29.95,13.88,13.35,3.72,4.78,5.81,23528
2024-05-14,Dubai,REF_003,29.18,29.88,13.76,10.82,3.89,2.41,10.08,31523
2024-05-21,Dubai,REF_003,29.43,28.6,15.33,8.03,5.63,4.57,8.4,94056
2024-05-28,Dubai,REF_003,26.54,30.97,13.6,10.47,5.93,3.04,9.46,38203
2024-06-04,Dubai,REF_003,26.43,28.45,13.61,14.13,3.04,4.08,10.26,79176
2024-06-11,Dubai,REF_003,28.23,31.1,14.69,11.19,4.53,4.82,5.43,97474
2024-06-18,Dubai,REF_003,28.57,28.97,14.28,11.48,6.03,4.0,6.67,56333
2024-06-25,Dubai,REF_003,28.68,28.28,14.94,9.48,5.63,2.34,10.65,20301
2024-07-02,Dubai,REF_003,26.1,31.82,14.59,10.53,6.15,3.88,6.92,65807
2024-07-09,Dubai,REF_003,27.91,28.21,13.9,8.76,5.65,2.75,12.82,50514
2024-07-16,Dubai,REF_003,27.38,28.75,15.3,14.53,3.34,4.48,6.22,53953
2024-07-23,Dubai,REF_003,29.06,28.78,13.65,14.24,6.59,3.4,4.29,88314
2024-07-30,Dubai,REF_003,28.63,28.92,14.04,8.95,6.1,4.96,8.4,59174
2024-08-06,Dubai,REF_003,28.58,31.16,13.83,10.35,4.65,3.78,7.63,86544
2024-08-13,Dubai,REF_003,26.98,30.06,14.89,8.61,5.05,2.43,11.98,58523
2024-08-20,Dubai,REF_003,29.03,29.13,15.08,10.34,3.76,3.4,9.25,88846
2024-08-27,Dubai,REF_003,26.24,29.49,14.69,10.5,3.28,3.0,12.8,83886
2024-09-03,Dubai,REF_003,29.83,28.34,14.52,8.74,5.72,2.02,10.82,11326
2024-09-10,Dubai,REF_003,29.07,28.48,13.99,14.71,6.94,2.48,4.33,60481
2024-09-17,Dubai,REF_003,28.2,29.99,15.23,13.28,6.06,2.81,4.43,49088
2024-09-24,Dubai,REF_003,27.91,29.38,13.57,8.88,3.72,2.61,13.92,31803
2024-10-01,Dubai,REF_003,26.98,30.0,14.4,10.16,6.63,3.66,8.16,80872
2024-10-08,Dubai,REF_003,29.66,28.83,14.24,11.03,4.42,2.03,9.79,83437
2024-10-15,Dubai,REF_003,26.41,32.16,14.93,12.06,3.62,3.55,7.28,33499
2024-10-22,Dubai,REF_003,26.97,31.5,14.15,11.16,6.37,2.26,7.6,63515
2024-10-29,Dubai,REF_003,28.27,29.88,15.04,14.6,4.86,3.37,3.97,55185
2024-11-05,Dubai,REF_003,28.85,30.85,13.83,8.45,6.8,2.78,8.44,67473
2024-11-12,Dubai,REF_003,29.28,29.38,14.65,8.76,6.88,2.17,8.88,49435
2024-11-19,Dubai,REF_003,28.11,31.34,13.63,11.09,4.2,2.94,8.7,80090
2024-11-26,Dubai,REF_003,25.98,31.18,15.0,14.31,5.51,3.0,5.02,48451
2024-12-03,Dubai,REF_003,29.84,31.7,14.31,14.6,6.29,4.7,-1.45,71467
2024-12-10,Dubai,REF_003,29.39,31.75,13.57,14.76,4.33,3.32,2.88,81271
2024-12-17,Dubai,REF_003,28.62,31.75,14.18,10.61,3.13,3.39,8.31,75166
2024-12-24,Dubai,REF_003,27.17,30.03,13.82,13.41,3.24,4.12,8.21,44104
2024-12-31,Dubai,REF_003,26.13,31.59,14.36,12.2,5.93,3.97,5.83,75777
2025-01-07,Dubai,REF_003,29.01,30.54,14.12,9.7,6.61,4.91,5.11,42189
2025-01-14,Dubai,REF_003,26.41,29.07,14.73,9.21,6.12,4.77,9.69,96728
2025-01-21,Dubai,REF_003,26.0,32.01,14.86,8.59,4.66,4.1,9.78,96101
2025-01-28,Dubai,REF_003,26.62,28.69,14.33,14.78,6.89,2.68,6.02,38741
2025-02-04,Dubai,REF_003,29.59,31.12,15.33,14.25,3.86,4.28,1.57,14370
2025-02-11,Dubai,REF_003,29.23,30.59,15.3,14.72,3.2,2.48,4.48,53578
2025-02-18,Dubai,REF_003,29.48,31.44,15.31,12.33,4.03,2.08,5.34,30063
2025-02-25,Dubai,REF_003,28.66,31.88,14.03,14.13,4.58,2.92,3.79,55795
2025-03-04,Dubai,REF_003,27.73,31.83,14.32,9.94,6.37,5.0,4.81,68335
2025-03-11,Dubai,REF_003,26.96,29.14,13.5,8.54,6.66,2.29,12.91,53590
2025-03-18,Dubai,REF_003,28.75,31.58,13.73,11.06,4.01,2.77,8.1,37345
2025-03-25,Dubai,REF_003,28.31,28.25,14.2,9.31,6.87,3.75,9.32,88128
2025-04-01,Dubai,REF_003,26.74,31.42,14.21,9.24,6.04,4.29,8.05,99629
2025-04-08,Dubai,REF_003,29.09,28.76,14.03,11.16,3.51,4.36,9.09,57402
2025-04-15,Dubai,REF_003,29.74,30.54,14.43,8.5,3.6,4.55,8.65,99160
2025-04-22,Dubai,REF_003,27.62,31.42,14.64,14.71,3.95,3.63,4.02,46791
2025-04-29,Dubai,REF_003,28.13,29.26,14.38,12.37,3.32,4.23,8.31,73587
2025-05-06,Dubai,REF_003,29.48,29.88,13.51,11.23,3.55,3.94,8.4,14241
2025-05-13,Dubai,REF_003,27.46,28.51,13.39,14.72,6.98,3.67,5.27,31506
2025-05-20,Dubai,REF_003,29.61,31.87,15.09,11.81,3.3,2.27,6.05,90695
2025-05-27,Dubai,REF_003,29.46,29.92,14.04,12.51,6.23,4.2,3.65,65404
2025-06-03,Dubai,REF_003,26.89,29.23,14.83,13.62,3.46,2.56,9.41,71242
2025-06-10,Dubai,REF_003,27.52,30.43,14.61,13.43,6.22,2.84,4.94,58716
2025-06-17,Dubai,REF_003,26.46,31.55,15.07,10.1,3.64,2.21,10.97,61747
2025-06-24,Dubai,REF_003,26.33,30.9,14.74,12.3,6.51,3.13,6.09,91204
2025-07-01,Dubai,REF_003,26.11,28.63,14.21,12.16,3.13,3.7,12.06,37665
2025-07-08,Dubai,REF_003,29.51,30.31,14.56,14.62,6.06,3.31,1.63,52919
2025-07-15,Dubai,REF_003,28.55,28.98,13.56,10.18,6.11,2.77,9.84,21768
2025-07-22,Dubai,REF_003,26.84,30.9,14.61,12.82,4.29,4.7,5.85,50659
2025-07-29,Dubai,REF_003,28.02,31.97,15.34,12.63,6.78,3.62,1.63,37655
2025-08-05,Dubai,REF_003,27.22,30.42,14.59,11.08,6.54,3.28,6.88,34608
2025-08-12,Dubai,REF_003,25.99,32.06,15.03,12.31,6.32,4.43,3.85,93866
2025-08-19,Dubai,REF_003,27.51,30.4,13.58,14.76,6.94,4.37,2.45,50870
2025-08-26,Dubai,REF_003,27.95,29.92,13.97,11.69,3.21,4.98,8.28,48164
2025-09-02,Dubai,REF_003,29.67,31.08,13.96,9.55,6.98,4.32,4.43,32469
2025-09-09,Dubai,REF_003,26.23,30.97,13.99,9.55,5.94,4.04,9.28,53327
2025-09-16,Dubai,REF_003,29.73,30.9,15.17,9.33,4.19,2.31,8.36,37412
2025-09-23,Dubai,REF_003,29.85,32.03,14.9,11.65,6.12,3.66,1.78,10315
2025-09-30,Dubai,REF_003,27.97,30.58,13.92,9.42,4.1,3.87,10.15,23145
2025-10-07,Dubai,REF_003,28.84,29.87,14.09,13.65,5.02,3.14,5.39,89033
2025-10-14,Dubai,REF_003,27.43,31.62,14.39,9.46,5.45,2.86,8.79,23243
2025-10-21,Dubai,REF_003,26.31,29.15,14.86,13.87,6.45,2.81,6.57,69487
2025-10-28,Dubai,REF_003,26.88,30.67,15.16,8.29,6.94,4.48,7.58,78549
2025-11-04,Dubai,REF_003,28.73,31.26,15.37,13.39,4.41,3.84,3.0,40323
2025-11-11,Dubai,REF_003,29.84,31.78,14.52,13.47,6.64,2.73,1.02,62153
2025-11-18,Dubai,REF_003,27.89,31.27,14.14,12.96,4.61,2.33,6.8,19640
2025-11-25,Dubai,REF_003,26.44,28.31,14.45,12.7,3.51,3.84,10.76,63796
2025-12-02,Dubai,REF_003,26.55,29.8,14.89,8.12,3.59,4.99,12.07,76019
2025-12-09,Dubai,REF_003,27.82,30.7,15.08,13.9,4.3,3.47,4.74,67424
2025-12-16,Dubai,REF_003,26.25,31.96,14.25,10.6,6.63,2.35,7.96,13533
2025-12-23,Dubai,REF_003,28.7,29.72,14.91,8.48,4.54,2.71,10.95,76564
2025-12-30,Dubai,REF_003,26.87,30.01,15.02,14.41,5.89,3.29,4.51,61478
2026-01-06,Dubai,REF_003,28.72,31.68,15.16,14.52,6.24,2.44,1.24,77287
2026-01-13,Dubai,REF_003,29.22,31.69,15.23,11.56,5.62,2.03,4.64,61550
2026-01-20,Dubai,REF_003,27.85,32.03,15.19,13.58,3.23,3.21,4.91,72643
2026-01-27,Dubai,REF_003,26.08,29.12,15.16,8.91,3.21,3.74,13.78,95181
2026-02-03,Dubai,REF_003,29.3,32.08,14.89,11.06,6.79,3.28,2.6,41508
2026-02-10,Dubai,REF_003,27.75,31.44,15.22,10.5,4.85,4.69,5.54,14233
2026-02-17,Dubai,REF_003,29.1,30.0,14.14,11.13,4.67,4.27,6.7,93515
2026-02-24,Dubai,REF_003,27.93,31.51,14.85,10.31,5.35,4.0,6.05,12114
2026-03-03,Dubai,REF_003,27.55,32.15,14.66,10.34,4.0,2.63,8.68,46147
2026-03-10,Dubai,REF_003,26.73,28.72,14.11,12.25,3.59,2.13,12.47,13116
2026-03-17,Dubai,REF_003,27.03,28.94,14.46,11.19,4.3,4.5,9.58,55445
2026-03-24,Dubai,REF_003,26.33,29.36,15.33,14.84,4.02,2.5,7.62,54611
2026-03-31,Dubai,REF_003,27.89,29.82,14.44,9.63,3.46,3.71,11.05,93933
2026-04-07,Dubai,REF_003,26.51,31.0,14.26,10.06,6.41,3.37,8.39,62498
2024-04-09,Dubai,REF_004,24.33,26.92,13.17,8.07,3.83,4.34,19.34,13413
2024-04-16,Dubai,REF_004,25.25,30.37,12.32,10.92,5.3,3.35,12.5,65833
2024-04-23,Dubai,REF_004,24.27,27.16,12.15,13.21,3.95,4.54,14.7,76872
2024-04-30,Dubai,REF_004,22.86,27.37,12.56,12.16,6.24,2.18,16.63,32464
2024-05-07,Dubai,REF_004,24.16,27.3,13.07,11.35,4.27,3.55,16.31,42023
2024-05-14,Dubai,REF_004,24.03,27.63,13.06,11.11,3.79,2.04,18.35,23583
2024-05-21,Dubai,REF_004,22.83,28.3,12.42,10.94,4.32,3.61,17.58,75148
2024-05-28,Dubai,REF_004,24.58,26.82,12.01,9.49,4.7,2.13,20.27,39496
2024-06-04,Dubai,REF_004,26.21,26.93,13.87,14.0,6.33,4.59,8.08,17204
2024-06-11,Dubai,REF_004,23.26,27.11,12.2,10.29,6.32,2.76,18.06,31979
2024-06-18,Dubai,REF_004,25.36,26.96,12.7,10.07,6.39,3.54,14.99,68182
2024-06-25,Dubai,REF_004,23.17,30.28,12.62,12.95,6.82,3.53,10.63,55678
2024-07-02,Dubai,REF_004,23.13,28.13,13.68,8.95,6.67,4.0,15.45,47886
2024-07-09,Dubai,REF_004,24.84,27.17,12.41,10.0,4.54,4.75,16.28,43081
2024-07-16,Dubai,REF_004,24.75,27.22,13.45,11.92,4.76,4.84,13.06,90158
2024-07-23,Dubai,REF_004,25.3,30.26,13.1,13.79,4.64,2.26,10.66,99473
2024-07-30,Dubai,REF_004,23.32,27.57,12.3,10.36,4.16,3.8,18.48,99681
2024-08-06,Dubai,REF_004,22.87,29.68,12.23,8.14,5.55,4.62,16.91,25866
2024-08-13,Dubai,REF_004,24.02,27.24,13.79,9.89,4.78,4.68,15.59,59758
2024-08-20,Dubai,REF_004,26.39,30.27,12.9,12.08,3.92,4.97,9.47,35048
2024-08-27,Dubai,REF_004,25.79,27.82,12.6,8.73,5.24,2.73,17.09,23355
2024-09-03,Dubai,REF_004,23.57,27.57,12.98,10.7,3.3,3.61,18.27,80897
2024-09-10,Dubai,REF_004,24.96,30.47,12.17,13.75,5.02,3.56,10.07,56718
2024-09-17,Dubai,REF_004,23.96,27.87,13.24,8.31,5.36,4.17,17.09,42069
2024-09-24,Dubai,REF_004,23.53,27.42,12.14,8.63,3.67,2.06,22.56,33961
2024-10-01,Dubai,REF_004,23.88,30.55,13.96,9.31,3.85,3.48,14.97,23390
2024-10-08,Dubai,REF_004,24.67,28.17,12.62,13.76,6.31,4.96,9.5,30077
2024-10-15,Dubai,REF_004,26.21,28.72,13.16,14.27,6.77,4.18,6.69,41305
2024-10-22,Dubai,REF_004,24.62,29.03,13.63,12.61,4.46,3.25,12.4,14539
2024-10-29,Dubai,REF_004,26.36,26.92,13.13,14.1,4.68,4.4,10.4,82343
2024-11-05,Dubai,REF_004,22.9,28.22,13.36,10.96,5.18,3.78,15.61,23610
2024-11-12,Dubai,REF_004,24.31,26.68,12.27,11.59,5.29,2.44,17.42,78005
2024-11-19,Dubai,REF_004,24.15,30.25,12.75,9.05,6.03,3.7,14.06,44801
2024-11-26,Dubai,REF_004,24.08,27.17,12.66,8.21,5.01,4.69,18.18,81579
2024-12-03,Dubai,REF_004,22.77,30.09,12.88,9.34,6.01,2.97,15.94,32798
2024-12-10,Dubai,REF_004,23.3,28.52,12.16,13.5,4.88,3.34,14.3,10166
2024-12-17,Dubai,REF_004,25.93,28.54,12.85,13.33,3.25,3.1,12.99,61816
2024-12-24,Dubai,REF_004,24.5,27.3,12.57,10.1,6.97,2.98,15.58,28466
2024-12-31,Dubai,REF_004,25.95,28.25,12.86,11.84,5.38,3.77,11.94,13104
2025-01-07,Dubai,REF_004,25.93,27.35,12.56,9.21,6.07,3.75,15.13,77976
2025-01-14,Dubai,REF_004,25.27,26.99,12.58,11.55,4.22,2.62,16.77,88283
2025-01-21,Dubai,REF_004,25.65,27.95,13.5,12.39,3.02,3.14,14.35,36143
2025-01-28,Dubai,REF_004,23.53,27.58,13.86,11.4,6.39,2.64,14.6,25696
2025-02-04,Dubai,REF_004,26.21,28.55,13.76,8.44,6.67,3.25,13.12,23983
2025-02-11,Dubai,REF_004,25.39,29.76,12.07,14.91,5.79,2.96,9.12,23616
2025-02-18,Dubai,REF_004,24.23,27.45,12.96,13.47,5.64,3.31,12.94,20704
2025-02-25,Dubai,REF_004,26.49,27.65,12.53,12.52,6.08,4.95,9.78,97224
2025-03-04,Dubai,REF_004,26.31,28.31,12.31,12.09,3.07,2.59,15.32,10227
2025-03-11,Dubai,REF_004,23.38,28.47,12.76,10.59,6.32,4.02,14.46,94278
2025-03-18,Dubai,REF_004,24.44,27.66,12.22,12.7,6.37,2.55,14.06,89087
2025-03-25,Dubai,REF_004,24.76,27.15,13.26,11.64,3.11,3.2,16.88,80630
2025-04-01,Dubai,REF_004,24.88,27.7,13.83,9.66,4.01,3.06,16.85,90508
2025-04-08,Dubai,REF_004,24.69,29.3,13.93,13.48,3.69,4.37,10.55,77350
2025-04-15,Dubai,REF_004,23.59,27.87,13.39,9.67,3.83,4.11,17.53,89253
2025-04-22,Dubai,REF_004,22.96,28.35,13.19,12.73,6.98,4.05,11.73,65813
2025-04-29,Dubai,REF_004,26.62,26.81,12.12,11.92,4.43,2.29,15.8,37580
2025-05-06,Dubai,REF_004,25.36,30.09,12.16,11.78,4.18,4.0,12.42,59450
2025-05-13,Dubai,REF_004,26.37,26.72,12.91,9.35,5.15,4.56,14.94,92018
2025-05-20,Dubai,REF_004,24.25,29.82,12.54,8.04,6.42,2.36,16.57,11585
2025-05-27,Dubai,REF_004,24.07,28.09,12.13,13.7,4.62,3.47,13.92,33816
2025-06-03,Dubai,REF_004,24.7,29.64,13.79,14.79,4.71,4.97,7.4,36546
2025-06-10,Dubai,REF_004,22.69,29.64,12.33,8.37,6.7,4.38,15.9,19239
2025-06-17,Dubai,REF_004,25.77,29.94,13.79,11.81,5.81,4.29,8.6,71977
2025-06-24,Dubai,REF_004,25.25,28.76,12.93,14.97,4.35,2.26,11.47,78853
2025-07-01,Dubai,REF_004,23.51,28.7,12.17,12.33,6.78,4.17,12.34,29308
2025-07-08,Dubai,REF_004,26.54,27.8,12.85,11.49,6.96,2.21,12.16,72705
2025-07-15,Dubai,REF_004,24.11,26.88,13.84,12.13,6.01,2.72,14.3,78538
2025-07-22,Dubai,REF_004,25.97,28.29,13.12,14.8,6.39,3.33,8.09,69811
2025-07-29,Dubai,REF_004,25.8,26.67,13.15,14.89,6.79,4.5,8.21,19559
2025-08-05,Dubai,REF_004,26.63,29.01,12.42,12.72,6.43,2.34,10.46,92479
2025-08-12,Dubai,REF_004,26.34,26.62,13.78,14.63,3.15,2.88,12.6,43579
2025-08-19,Dubai,REF_004,24.05,29.6,12.69,14.7,6.98,2.95,9.02,55792
2025-08-26,Dubai,REF_004,24.89,28.89,12.72,9.16,3.22,2.32,18.8,91116
2025-09-02,Dubai,REF_004,23.78,26.88,13.22,8.53,3.28,3.86,20.45,63225
2025-09-09,Dubai,REF_004,22.82,28.41,12.85,11.83,5.95,2.85,15.29,48950
2025-09-16,Dubai,REF_004,25.83,30.26,13.76,11.34,5.08,3.59,10.14,88184
2025-09-23,Dubai,REF_004,26.02,27.81,12.3,10.65,4.15,4.85,14.21,33932
2025-09-30,Dubai,REF_004,23.38,30.17,12.15,9.82,4.76,3.79,15.94,39490
2025-10-07,Dubai,REF_004,24.64,27.36,13.12,10.85,6.4,3.25,14.37,49943
2025-10-14,Dubai,REF_004,25.03,27.06,12.29,13.53,4.09,4.05,13.94,18768
2025-10-21,Dubai,REF_004,25.95,30.52,12.72,11.54,4.77,4.68,9.82,10894
2025-10-28,Dubai,REF_004,25.27,29.18,12.74,9.54,3.96,4.4,14.91,15949
2025-11-04,Dubai,REF_004,24.91,27.8,12.51,11.54,6.59,3.85,12.8,80974
2025-11-11,Dubai,REF_004,25.06,29.36,12.84,14.48,5.01,3.66,9.6,57246
2025-11-18,Dubai,REF_004,23.92,27.49,12.12,13.03,4.16,3.17,16.11,92793
2025-11-25,Dubai,REF_004,24.92,26.96,13.57,9.79,5.21,3.53,16.01,31427
2025-12-02,Dubai,REF_004,23.12,27.41,12.17,9.93,6.99,3.21,17.17,87749
2025-12-09,Dubai,REF_004,24.86,29.24,12.29,9.92,5.04,4.64,14.01,13859
2025-12-16,Dubai,REF_004,24.69,26.77,12.89,12.4,5.98,2.42,14.86,24991
2025-12-23,Dubai,REF_004,24.54,30.56,12.69,10.99,4.73,2.24,14.25,79675
2025-12-30,Dubai,REF_004,23.67,29.38,12.92,12.28,3.22,4.67,13.85,31947
2026-01-06,Dubai,REF_004,25.34,29.76,13.05,10.36,6.91,2.84,11.74,95379
2026-01-13,Dubai,REF_004,23.28,28.13,12.25,8.02,4.04,2.26,22.02,98771
2026-01-20,Dubai,REF_004,25.7,26.58,12.42,12.69,4.59,4.5,13.51,55437
2026-01-27,Dubai,REF_004,25.27,28.96,13.25,9.61,4.49,2.15,16.26,62887
2026-02-03,Dubai,REF_004,24.5,29.61,12.39,11.06,3.72,3.84,14.88,86322
2026-02-10,Dubai,REF_004,25.72,30.35,13.92,13.4,4.15,2.66,9.81,50279
2026-02-17,Dubai,REF_004,26.63,28.22,12.37,14.61,4.54,4.07,9.55,80933
2026-02-24,Dubai,REF_004,26.03,29.85,13.65,12.67,4.62,4.0,9.18,85306
2026-03-03,Dubai,REF_004,24.06,27.75,12.66,11.86,3.21,4.34,16.12,22496
2026-03-10,Dubai,REF_004,23.19,27.36,13.13,10.0,4.47,4.79,17.06,86248
2026-03-17,Dubai,REF_004,26.07,28.88,13.71,13.45,6.81,2.19,8.89,12585
2026-03-24,Dubai,REF_004,23.36,30.29,13.19,10.98,5.05,4.49,12.65,93619
2026-03-31,Dubai,REF_004,25.58,29.61,12.62,11.27,6.54,4.36,10.03,71584
2026-04-07,Dubai,REF_004,22.92,26.73,12.24,12.07,5.15,4.83,16.08,72528
2024-04-09,Dubai,REF_005,23.6,29.74,14.38,8.75,3.23,3.13,17.16,42539
2024-04-16,Dubai,REF_005,24.46,29.66,15.19,14.01,4.99,3.5,8.2,70671
2024-04-23,Dubai,REF_005,22.22,31.13,14.29,14.37,6.87,3.74,7.38,19301
2024-04-30,Dubai,REF_005,24.06,29.52,14.83,8.34,4.87,4.77,13.62,99216
2024-05-07,Dubai,REF_005,22.53,30.61,13.54,13.89,4.11,4.88,10.44,72594
2024-05-14,Dubai,REF_005,23.36,28.25,13.72,12.77,6.58,4.26,11.05,85131
2024-05-21,Dubai,REF_005,24.89,31.05,14.76,9.47,6.17,2.97,10.7,99621
2024-05-28,Dubai,REF_005,23.27,28.3,13.73,12.61,3.44,4.86,13.79,36488
2024-06-04,Dubai,REF_005,22.95,27.31,13.74,10.93,4.48,2.82,17.77,13666
2024-06-11,Dubai,REF_005,22.97,30.24,14.13,10.04,4.22,3.66,14.75,37206
2024-06-18,Dubai,REF_005,24.29,31.09,13.33,9.18,3.72,3.34,15.06,13727
2024-06-25,Dubai,REF_005,23.67,30.85,13.27,10.55,6.04,2.46,13.15,16980
2024-07-02,Dubai,REF_005,24.29,27.17,14.85,8.47,5.1,4.22,15.91,31780
2024-07-09,Dubai,REF_005,22.18,27.83,14.96,12.94,3.79,4.15,14.15,73775
2024-07-16,Dubai,REF_005,25.75,28.7,14.98,11.13,6.59,2.27,10.58,25778
2024-07-23,Dubai,REF_005,25.16,30.41,13.86,12.18,4.53,2.03,11.83,12349
2024-07-30,Dubai,REF_005,21.98,29.51,13.81,9.01,6.76,2.36,16.57,70658
2024-08-06,Dubai,REF_005,25.34,27.79,13.68,12.02,5.03,3.56,12.58,59921
2024-08-13,Dubai,REF_005,25.56,27.35,14.77,9.63,4.49,2.27,15.93,50106
2024-08-20,Dubai,REF_005,24.98,27.53,13.8,10.61,3.42,4.29,15.38,80825
2024-08-27,Dubai,REF_005,25.11,29.47,14.26,9.84,5.62,3.33,12.37,97369
2024-09-03,Dubai,REF_005,25.64,30.75,13.97,10.58,6.41,4.19,8.47,73392
2024-09-10,Dubai,REF_005,22.88,30.46,14.41,11.13,6.46,3.18,11.47,68853
2024-09-17,Dubai,REF_005,23.63,29.5,13.33,11.23,5.23,3.48,13.61,86266
2024-09-24,Dubai,REF_005,23.01,30.67,14.05,12.86,3.35,2.6,13.46,78504
2024-10-01,Dubai,REF_005,21.81,31.0,13.63,14.31,5.06,3.69,10.49,17571
2024-10-08,Dubai,REF_005,23.22,27.76,14.3,11.86,5.84,4.63,12.39,52136
2024-10-15,Dubai,REF_005,22.7,28.46,14.94,9.02,5.51,2.04,17.33,32110
2024-10-22,Dubai,REF_005,24.13,28.96,14.23,12.62,3.94,2.84,13.27,71601
2024-10-29,Dubai,REF_005,23.92,27.19,14.59,12.34,3.31,4.24,14.41,56989
2024-11-05,Dubai,REF_005,22.58,29.37,14.44,14.44,5.97,2.91,10.3,20631
2024-11-12,Dubai,REF_005,25.18,30.51,13.6,8.43,5.85,4.17,12.26,25942
2024-11-19,Dubai,REF_005,24.44,28.25,13.77,10.27,5.08,4.41,13.78,54877
2024-11-26,Dubai,REF_005,22.96,30.67,13.36,13.58,6.14,2.76,10.54,27846
2024-12-03,Dubai,REF_005,25.26,29.37,13.34,14.24,4.4,3.03,10.37,67895
2024-12-10,Dubai,REF_005,24.41,28.54,13.53,11.87,5.5,4.58,11.57,53599
2024-12-17,Dubai,REF_005,24.35,27.35,15.04,10.29,5.53,4.75,12.7,82947
2024-12-24,Dubai,REF_005,24.31,29.94,15.09,13.68,5.44,3.98,7.55,23254
2024-12-31,Dubai,REF_005,23.64,28.33,14.11,12.64,3.6,2.05,15.62,45723
2025-01-07,Dubai,REF_005,23.05,28.81,15.11,12.95,4.31,2.54,13.23,65663
2025-01-14,Dubai,REF_005,24.39,29.06,13.67,8.2,4.06,3.37,17.23,80914
2025-01-21,Dubai,REF_005,25.18,28.78,14.84,14.95,5.87,4.19,6.19,91858
2025-01-28,Dubai,REF_005,23.12,27.18,15.22,11.43,6.14,4.44,12.47,45776
2025-02-04,Dubai,REF_005,23.93,29.29,13.69,8.82,5.17,2.36,16.73,41147
2025-02-11,Dubai,REF_005,22.51,29.96,14.99,12.05,4.64,4.99,10.87,11908
2025-02-18,Dubai,REF_005,22.98,28.25,13.96,9.61,4.06,2.77,18.37,55516
2025-02-25,Dubai,REF_005,23.33,29.69,14.28,9.28,6.24,3.42,13.77,23790
2025-03-04,Dubai,REF_005,22.43,30.32,14.65,11.55,4.22,3.38,13.45,67283
2025-03-11,Dubai,REF_005,25.28,29.35,13.8,8.3,3.7,3.95,15.61,24439
2025-03-18,Dubai,REF_005,23.69,29.93,13.86,12.68,5.32,3.32,11.19,90752
2025-03-25,Dubai,REF_005,24.53,28.57,14.86,13.17,6.17,3.92,8.78,44143
2025-04-01,Dubai,REF_005,23.16,29.75,13.51,13.74,4.48,3.89,11.47,54915
2025-04-08,Dubai,REF_005,23.84,30.08,14.5,9.75,3.3,4.52,14.01,89640
2025-04-15,Dubai,REF_005,22.42,28.37,13.81,14.56,3.82,2.5,14.52,26365
2025-04-22,Dubai,REF_005,24.68,30.68,14.03,8.95,5.34,2.63,13.67,15773
2025-04-29,Dubai,REF_005,25.31,30.61,15.2,11.32,4.18,4.31,9.07,26244
2025-05-06,Dubai,REF_005,22.74,28.15,15.15,13.11,3.53,2.28,15.04,85853
2025-05-13,Dubai,REF_005,24.97,29.81,13.64,11.36,5.41,4.8,10.0,25248
2025-05-20,Dubai,REF_005,23.83,27.76,14.14,9.4,6.34,2.76,15.77,47539
2025-05-27,Dubai,REF_005,23.39,30.6,14.76,8.4,3.27,3.65,15.92,48494
2025-06-03,Dubai,REF_005,22.87,30.3,13.5,14.82,3.1,2.35,13.06,38018
2025-06-10,Dubai,REF_005,23.8,28.0,14.72,10.5,3.15,4.63,15.19,94947
2025-06-17,Dubai,REF_005,24.24,30.36,13.49,9.88,4.3,4.88,12.85,56100
2025-06-24,Dubai,REF_005,21.79,28.65,13.26,9.66,4.82,2.97,18.84,12946
2025-07-01,Dubai,REF_005,22.23,29.33,14.64,10.83,5.93,2.49,14.55,20985
2025-07-08,Dubai,REF_005,25.12,28.49,14.11,14.63,4.7,2.01,10.94,94417
2025-07-15,Dubai,REF_005,21.82,29.78,13.89,11.29,5.19,3.23,14.8,79693
2025-07-22,Dubai,REF_005,25.49,27.48,14.85,8.9,3.32,4.87,15.1,54036
2025-07-29,Dubai,REF_005,22.37,29.41,13.77,11.25,5.5,4.61,13.08,10277
2025-08-05,Dubai,REF_005,22.62,27.52,13.44,14.62,6.74,4.25,10.81,67875
2025-08-12,Dubai,REF_005,25.16,27.36,13.49,10.22,6.33,3.42,14.03,55321
2025-08-19,Dubai,REF_005,22.68,29.72,15.02,10.31,5.48,3.0,13.79,81344
2025-08-26,Dubai,REF_005,23.66,28.49,14.09,8.64,6.46,4.87,13.78,52967
2025-09-02,Dubai,REF_005,22.65,29.79,14.15,9.77,3.15,4.67,15.82,81706
2025-09-09,Dubai,REF_005,25.08,28.89,14.75,12.07,4.5,4.53,10.18,99888
2025-09-16,Dubai,REF_005,25.36,30.24,14.74,12.55,6.41,3.48,7.22,26355
2025-09-23,Dubai,REF_005,24.84,30.81,13.93,13.48,4.09,4.83,8.02,71511
2025-09-30,Dubai,REF_005,24.04,30.25,14.87,14.25,6.6,2.16,7.83,21061
2025-10-07,Dubai,REF_005,25.07,30.91,13.86,8.06,4.29,3.15,14.65,78493
2025-10-14,Dubai,REF_005,21.95,27.98,15.04,9.08,6.04,3.08,16.82,69639
2025-10-21,Dubai,REF_005,22.06,28.28,14.1,14.0,5.25,2.14,14.18,82167
2025-10-28,Dubai,REF_005,21.98,30.87,13.67,11.42,3.29,3.69,15.09,54750
2025-11-04,Dubai,REF_005,23.4,27.27,15.01,13.62,5.53,3.72,11.45,72545
2025-11-11,Dubai,REF_005,22.34,30.86,13.82,12.6,5.43,3.91,11.05,89105
2025-11-18,Dubai,REF_005,22.95,30.13,14.44,8.53,4.66,4.51,14.78,38381
2025-11-25,Dubai,REF_005,23.69,29.09,14.48,14.19,3.69,3.51,11.34,48184
2025-12-02,Dubai,REF_005,22.95,30.81,13.26,8.85,5.93,2.79,15.4,75086
2025-12-09,Dubai,REF_005,25.09,28.15,13.63,9.02,3.8,2.8,17.51,88187
2025-12-16,Dubai,REF_005,24.84,27.14,15.0,8.55,5.62,2.45,16.4,15604
2025-12-23,Dubai,REF_005,24.8,29.0,14.45,10.98,3.27,4.22,13.29,83831
2025-12-30,Dubai,REF_005,21.93,28.63,14.36,12.24,5.31,4.08,13.45,97013
2026-01-06,Dubai,REF_005,23.33,29.36,14.65,12.15,4.55,3.87,12.1,68510
2026-01-13,Dubai,REF_005,24.1,27.95,14.26,14.19,6.47,4.25,8.77,72747
2026-01-20,Dubai,REF_005,22.38,28.97,13.47,13.72,4.16,4.3,13.0,83312
2026-01-27,Dubai,REF_005,25.33,30.15,14.38,12.19,4.28,2.53,11.14,21757
2026-02-03,Dubai,REF_005,22.49,30.87,13.58,13.07,3.74,4.93,11.33,42992
2026-02-10,Dubai,REF_005,23.41,28.75,14.88,9.53,6.32,3.97,13.14,29825
2026-02-17,Dubai,REF_005,22.03,30.23,13.69,14.22,3.52,3.85,12.47,72295
2026-02-24,Dubai,REF_005,24.39,28.39,15.0,13.39,5.04,3.81,9.97,60973
2026-03-03,Dubai,REF_005,25.55,30.72,13.72,9.84,6.93,2.71,10.54,95813
2026-03-10,Dubai,REF_005,24.36,27.33,13.92,11.33,6.33,2.99,13.74,37952
2026-03-17,Dubai,REF_005,25.44,27.45,14.35,11.53,3.23,2.26,15.74,44377
2026-03-24,Dubai,REF_005,22.3,29.04,14.47,12.84,5.19,3.14,13.03,21678
2026-03-31,Dubai,REF_005,22.75,28.81,15.1,9.42,4.65,4.2,15.07,73468
2026-04-07,Dubai,REF_005,25.63,27.89,13.28,10.26,3.6,3.65,15.7,90890
2024-04-09,Oman,REF_001,27.78,28.9,11.43,13.15,6.97,4.61,7.16,47279
2024-04-16,Oman,REF_001,27.16,28.84,10.05,9.69,4.59,2.33,17.34,25998
2024-04-23,Oman,REF_001,26.13,30.77,10.74,10.86,3.97,2.59,14.95,69256
2024-04-30,Oman,REF_001,27.52,28.55,10.68,12.95,3.23,3.05,14.02,75677
2024-05-07,Oman,REF_001,26.87,27.16,10.06,12.76,4.09,4.44,14.62,12655
2024-05-14,Oman,REF_001,24.89,28.08,11.43,13.57,6.54,3.32,12.17,84030
2024-05-21,Oman,REF_001,27.54,28.55,11.57,13.96,6.9,4.6,6.88,79858
2024-05-28,Oman,REF_001,27.9,28.63,11.15,9.49,5.93,4.36,12.54,74487
2024-06-04,Oman,REF_001,27.53,28.6,10.67,8.07,3.58,3.93,17.61,60608
2024-06-11,Oman,REF_001,24.92,27.92,10.27,13.01,5.44,2.21,16.23,78394
2024-06-18,Oman,REF_001,25.18,29.64,9.83,14.99,3.32,4.23,12.82,58719
2024-06-25,Oman,REF_001,24.47,27.06,10.31,13.62,3.16,4.11,17.27,68983
2024-07-02,Oman,REF_001,25.19,27.26,11.41,10.1,3.45,4.04,18.54,29501
2024-07-09,Oman,REF_001,26.03,27.15,11.57,11.13,7.0,3.16,13.96,41306
2024-07-16,Oman,REF_001,27.79,28.27,10.44,8.55,6.82,2.26,15.88,79406
2024-07-23,Oman,REF_001,26.28,27.2,9.58,14.55,5.97,4.06,12.36,49470
2024-07-30,Oman,REF_001,25.08,29.67,10.8,13.08,4.46,4.96,11.94,16030
2024-08-06,Oman,REF_001,24.45,30.62,10.88,10.28,6.05,3.36,14.37,11900
2024-08-13,Oman,REF_001,26.73,27.92,9.81,9.58,4.9,2.15,18.9,89483
2024-08-20,Oman,REF_001,26.37,28.12,10.95,13.63,5.46,2.61,12.86,19925
2024-08-27,Oman,REF_001,27.57,27.89,9.62,12.5,3.61,4.97,13.84,88275
2024-09-03,Oman,REF_001,26.56,30.29,10.52,13.52,5.59,2.09,11.44,95388
2024-09-10,Oman,REF_001,27.57,30.76,11.04,10.88,3.83,2.54,13.37,23042
2024-09-17,Oman,REF_001,25.01,29.15,10.95,10.2,5.19,3.02,16.47,72685
2024-09-24,Oman,REF_001,28.08,29.71,9.7,11.34,6.08,3.63,11.46,95595
2024-10-01,Oman,REF_001,24.35,28.12,10.02,13.37,5.1,2.42,16.63,35703
2024-10-08,Oman,REF_001,26.22,30.94,10.31,9.1,4.99,2.93,15.52,60937
2024-10-15,Oman,REF_001,26.0,29.71,11.41,9.4,6.28,4.85,12.35,43624
2024-10-22,Oman,REF_001,24.58,30.24,10.98,9.49,4.78,3.73,16.19,25286
2024-10-29,Oman,REF_001,26.99,29.71,11.35,11.97,5.3,3.86,10.82,34640
2024-11-05,Oman,REF_001,27.16,29.6,11.26,13.38,5.55,2.48,10.56,92723
2024-11-12,Oman,REF_001,25.6,30.81,10.38,9.02,6.54,4.39,13.26,80766
2024-11-19,Oman,REF_001,24.49,30.47,10.77,11.29,6.65,4.0,12.33,21972
2024-11-26,Oman,REF_001,26.21,29.5,11.38,9.96,6.18,4.4,12.38,21524
2024-12-03,Oman,REF_001,24.2,29.28,11.16,11.88,6.25,3.87,13.36,68796
2024-12-10,Oman,REF_001,24.24,27.3,11.03,13.34,5.17,3.77,15.14,65292
2024-12-17,Oman,REF_001,24.55,29.62,10.54,12.22,5.25,4.29,13.53,38671
2024-12-24,Oman,REF_001,25.62,28.52,11.11,11.02,3.71,4.95,15.08,54404
2024-12-31,Oman,REF_001,24.57,29.63,11.06,11.5,5.59,2.52,15.14,43113
2025-01-07,Oman,REF_001,24.78,28.5,10.71,11.1,5.37,3.51,16.04,38603
2025-01-14,Oman,REF_001,24.7,27.96,9.98,12.95,6.28,4.16,13.96,67936
2025-01-21,Oman,REF_001,25.36,29.79,10.79,8.33,6.63,2.24,16.86,55243
2025-01-28,Oman,REF_001,26.18,30.3,11.41,14.58,5.28,4.04,8.22,17966
2025-02-04,Oman,REF_001,26.08,30.54,10.49,8.49,3.8,3.29,17.31,31377
2025-02-11,Oman,REF_001,25.7,28.28,10.22,8.64,6.53,4.08,16.55,66104
2025-02-18,Oman,REF_001,26.56,28.54,11.23,14.51,3.02,2.24,13.91,70747
2025-02-25,Oman,REF_001,25.07,30.6,10.92,10.58,4.66,4.07,14.1,22686
2025-03-04,Oman,REF_001,27.66,26.97,11.54,9.17,5.97,2.12,16.57,48828
2025-03-11,Oman,REF_001,26.65,27.23,10.47,10.12,4.99,3.51,17.02,80670
2025-03-18,Oman,REF_001,24.62,27.28,10.38,14.21,6.42,3.68,13.4,89989
2025-03-25,Oman,REF_001,27.35,28.06,9.92,10.11,3.91,3.87,16.78,62640
2025-04-01,Oman,REF_001,26.52,27.71,11.16,11.04,4.89,4.99,13.69,35404
2025-04-08,Oman,REF_001,25.71,29.66,11.34,8.89,5.94,4.75,13.71,48063
2025-04-15,Oman,REF_001,25.28,29.66,10.07,10.69,6.59,3.77,13.94,18547
2025-04-22,Oman,REF_001,25.45,29.46,10.54,12.62,6.05,3.44,12.44,98825
2025-04-29,Oman,REF_001,27.79,27.19,10.11,10.1,3.74,2.94,18.13,48233
2025-05-06,Oman,REF_001,24.34,27.46,9.77,8.32,4.93,3.0,22.18,94190
2025-05-13,Oman,REF_001,24.54,30.65,9.75,12.33,3.99,4.48,14.25,15532
2025-05-20,Oman,REF_001,27.94,27.14,10.06,11.25,6.02,4.85,12.73,48523
2025-05-27,Oman,REF_001,27.16,29.86,10.72,12.84,3.15,3.32,12.95,80727
2025-06-03,Oman,REF_001,26.03,30.44,11.25,14.04,3.52,2.73,11.98,12663
2025-06-10,Oman,REF_001,28.06,27.9,10.31,9.92,3.16,2.78,17.86,18837
2025-06-17,Oman,REF_001,25.71,30.82,10.98,12.95,4.81,4.43,10.3,91745
2025-06-24,Oman,REF_001,27.98,27.35,11.34,9.58,4.59,3.04,16.14,70761
2025-07-01,Oman,REF_001,26.52,27.39,11.15,11.08,3.01,3.24,17.62,56469
2025-07-08,Oman,REF_001,24.4,27.56,11.57,14.1,3.53,3.74,15.1,44131
2025-07-15,Oman,REF_001,26.3,28.83,9.68,10.21,3.5,3.47,18.01,91658
2025-07-22,Oman,REF_001,28.11,30.73,11.55,8.11,5.92,2.82,12.77,87905
2025-07-29,Oman,REF_001,27.38,28.65,10.53,9.86,4.16,4.94,14.49,89996
2025-08-05,Oman,REF_001,24.9,28.05,9.8,14.92,6.63,3.66,12.05,72360
2025-08-12,Oman,REF_001,27.12,27.77,11.45,11.69,3.37,3.19,15.41,64148
2025-08-19,Oman,REF_001,25.54,29.75,11.34,13.4,5.57,3.54,10.86,32901
2025-08-26,Oman,REF_001,25.95,28.12,11.45,14.35,3.62,4.47,12.04,73262
2025-09-02,Oman,REF_001,28.03,28.8,11.02,11.63,3.28,2.14,15.1,20990
2025-09-09,Oman,REF_001,25.31,27.99,11.04,13.01,6.89,2.93,12.83,94460
2025-09-16,Oman,REF_001,26.58,28.93,10.92,12.92,3.69,4.26,12.71,75265
2025-09-23,Oman,REF_001,28.12,30.6,10.95,12.99,6.78,4.9,5.66,84426
2025-09-30,Oman,REF_001,27.2,27.4,11.24,9.77,5.26,3.22,15.92,41104
2025-10-07,Oman,REF_001,25.37,30.37,11.12,11.66,5.66,4.95,10.86,45778
2025-10-14,Oman,REF_001,26.33,29.08,11.45,10.46,6.95,2.91,12.81,19801
2025-10-21,Oman,REF_001,24.89,28.66,10.88,11.62,4.51,3.69,15.76,85492
2025-10-28,Oman,REF_001,27.49,29.86,11.49,12.13,3.03,2.87,13.14,39540
2025-11-04,Oman,REF_001,26.32,30.57,11.26,9.63,5.08,3.98,13.17,98876
2025-11-11,Oman,REF_001,24.25,28.81,11.56,14.84,4.32,2.0,14.22,62806
2025-11-18,Oman,REF_001,27.6,28.25,11.45,10.33,5.44,4.17,12.77,41087
2025-11-25,Oman,REF_001,25.54,28.83,11.25,8.71,5.53,4.03,16.12,60208
2025-12-02,Oman,REF_001,27.87,29.36,10.85,12.2,5.89,2.41,11.43,90484
2025-12-09,Oman,REF_001,24.3,29.51,10.81,9.46,3.16,2.42,20.34,34450
2025-12-16,Oman,REF_001,27.66,30.37,9.71,10.02,6.56,2.71,12.97,99636
2025-12-23,Oman,REF_001,25.16,29.91,10.41,8.95,4.02,4.03,17.52,40335
2025-12-30,Oman,REF_001,26.55,27.77,10.48,11.59,4.65,2.59,16.37,51539
2026-01-06,Oman,REF_001,26.9,30.81,11.16,9.13,4.09,2.24,15.67,22208
2026-01-13,Oman,REF_001,25.13,27.75,10.01,9.62,4.2,2.38,20.92,35005
2026-01-20,Oman,REF_001,26.88,27.9,9.92,8.47,5.0,4.53,17.3,15311
2026-01-27,Oman,REF_001,26.3,29.55,10.77,14.14,6.47,2.17,10.6,42484
2026-02-03,Oman,REF_001,26.81,30.76,11.19,9.24,4.12,4.29,13.59,52432
2026-02-10,Oman,REF_001,26.32,29.39,9.79,13.99,6.45,3.4,10.66,66416
2026-02-17,Oman,REF_001,26.77,27.71,9.81,8.14,6.65,3.04,17.88,17724
2026-02-24,Oman,REF_001,25.99,27.25,9.75,11.42,5.04,3.74,16.81,69068
2026-03-03,Oman,REF_001,26.8,28.68,10.87,10.13,4.77,3.18,15.57,39619
2026-03-10,Oman,REF_001,25.08,27.26,10.59,11.76,4.34,4.93,16.03,60126
2026-03-17,Oman,REF_001,27.69,29.23,9.96,14.82,6.54,3.41,8.35,31875
2026-03-24,Oman,REF_001,25.02,30.17,9.72,12.47,5.56,2.55,14.51,73442
2026-03-31,Oman,REF_001,26.95,28.35,10.55,13.83,5.09,3.85,11.37,47149
2026-04-07,Oman,REF_001,24.73,30.94,10.64,10.36,5.86,3.86,13.61,30961
2024-04-09,Oman,REF_002,27.17,27.77,13.68,12.59,6.04,3.24,9.5,94815
2024-04-16,Oman,REF_002,26.64,28.62,13.9,8.58,3.44,4.98,13.84,97425
2024-04-23,Oman,REF_002,28.35,28.43,13.04,9.8,4.73,3.29,12.35,13248
2024-04-30,Oman,REF_002,27.07,28.42,13.36,11.62,6.45,3.1,9.99,46874
2024-05-07,Oman,REF_002,27.55,27.31,12.82,12.8,4.65,4.72,10.16,65377
2024-05-14,Oman,REF_002,25.88,28.45,13.56,12.5,6.54,4.25,8.82,15545
2024-05-21,Oman,REF_002,25.71,29.1,12.51,12.11,6.17,3.73,10.67,47393
2024-05-28,Oman,REF_002,27.85,27.07,13.47,12.88,5.06,2.84,10.83,81780
2024-06-04,Oman,REF_002,27.3,26.73,13.87,13.37,5.34,3.31,10.07,96390
2024-06-11,Oman,REF_002,28.36,28.64,13.33,9.97,3.78,2.82,13.1,36382
2024-06-18,Oman,REF_002,28.22,27.06,13.58,11.66,4.54,2.9,12.04,56188
2024-06-25,Oman,REF_002,26.53,28.21,13.51,12.38,5.99,4.14,9.23,83356
2024-07-02,Oman,REF_002,26.07,30.48,12.98,13.03,5.71,3.7,8.04,99623
2024-07-09,Oman,REF_002,26.13,28.18,12.28,9.27,5.85,2.01,16.26,90083
2024-07-16,Oman,REF_002,27.79,28.26,12.69,8.88,6.69,4.14,11.55,40275
2024-07-23,Oman,REF_002,25.55,27.8,12.4,13.5,5.88,3.49,11.38,89725
2024-07-30,Oman,REF_002,25.98,28.3,13.45,8.47,4.49,3.71,15.58,43012
2024-08-06,Oman,REF_002,27.18,28.93,12.77,8.74,3.56,3.58,15.24,25726
2024-08-13,Oman,REF_002,28.82,29.83,12.73,13.82,5.13,2.48,7.19,65279
2024-08-20,Oman,REF_002,27.98,26.83,12.66,8.04,4.27,3.01,17.22,66718
2024-08-27,Oman,REF_002,26.06,26.62,12.66,13.78,4.6,3.25,13.04,52212
2024-09-03,Oman,REF_002,28.27,28.42,12.21,9.44,3.75,3.52,14.38,12693
2024-09-10,Oman,REF_002,26.4,28.93,12.74,12.95,4.56,4.94,9.48,96882
2024-09-17,Oman,REF_002,28.46,30.31,12.44,13.26,4.29,4.18,7.07,43650
2024-09-24,Oman,REF_002,26.42,30.33,12.45,13.31,5.7,2.91,8.88,51250
2024-10-01,Oman,REF_002,25.83,30.18,13.96,13.13,6.4,2.25,8.25,44557
2024-10-08,Oman,REF_002,26.58,28.76,12.4,11.94,5.62,2.4,12.31,21854
2024-10-15,Oman,REF_002,25.4,29.54,12.69,9.58,6.11,2.43,14.25,48446
2024-10-22,Oman,REF_002,28.24,28.79,13.14,9.1,3.72,3.75,13.26,12121
2024-10-29,Oman,REF_002,28.74,27.9,12.86,9.81,6.51,3.93,10.26,50491
2024-11-05,Oman,REF_002,27.6,28.02,12.96,10.5,4.64,2.94,13.33,16987
2024-11-12,Oman,REF_002,25.41,27.19,12.53,14.23,5.44,4.87,10.31,40568
2024-11-19,Oman,REF_002,26.87,29.38,13.18,11.7,5.3,3.75,9.82,78916
2024-11-26,Oman,REF_002,27.93,30.33,13.92,10.95,3.14,2.03,11.69,21087
2024-12-03,Oman,REF_002,25.56,27.99,12.13,12.37,3.76,3.54,14.64,19277
2024-12-10,Oman,REF_002,28.57,29.62,12.8,14.37,3.74,4.44,6.45,59126
2024-12-17,Oman,REF_002,26.58,26.83,12.37,14.04,5.43,2.71,12.04,54626
2024-12-24,Oman,REF_002,25.69,26.89,13.84,11.2,4.45,4.85,13.07,45910
2024-12-31,Oman,REF_002,26.61,27.59,13.16,11.91,3.06,3.96,13.71,80947
2025-01-07,Oman,REF_002,27.73,29.98,12.58,9.34,5.79,2.57,12.02,18199
2025-01-14,Oman,REF_002,25.65,29.57,12.09,10.03,3.52,4.26,14.89,55314
2025-01-21,Oman,REF_002,26.08,29.5,13.53,11.66,4.1,3.76,11.37,94017
2025-01-28,Oman,REF_002,25.47,27.56,12.6,12.42,5.6,2.62,13.72,29449
2025-02-04,Oman,REF_002,28.97,29.52,13.9,13.81,4.61,2.37,6.83,66659
2025-02-11,Oman,REF_002,26.67,28.2,12.88,14.56,3.28,2.58,11.84,64714
2025-02-18,Oman,REF_002,28.8,30.17,13.15,8.24,4.45,4.76,10.44,54994
2025-02-25,Oman,REF_002,28.17,27.57,12.08,12.05,6.34,4.97,8.82,86196
2025-03-04,Oman,REF_002,27.48,28.93,13.68,8.14,6.81,3.59,11.38,95684
2025-03-11,Oman,REF_002,28.32,27.11,12.36,10.48,4.06,3.32,14.37,64351
2025-03-18,Oman,REF_002,27.01,26.72,13.98,10.98,6.4,2.22,12.69,82905
2025-03-25,Oman,REF_002,25.96,29.21,13.35,14.37,4.28,2.33,10.5,87810
2025-04-01,Oman,REF_002,26.59,27.43,13.0,9.02,4.19,3.16,16.62,34952
2025-04-08,Oman,REF_002,27.06,28.03,13.58,14.43,3.4,4.47,9.02,93859
2025-04-15,Oman,REF_002,28.01,30.48,12.7,13.81,5.69,2.97,6.33,73420
2025-04-22,Oman,REF_002,27.3,27.25,12.38,12.99,5.85,3.59,10.64,55127
2025-04-29,Oman,REF_002,25.98,28.21,13.77,13.98,5.64,4.99,7.41,90386
2025-05-06,Oman,REF_002,25.84,28.09,12.29,11.26,6.11,2.47,13.94,89237
2025-05-13,Oman,REF_002,27.54,29.49,12.12,8.66,5.48,4.51,12.2,88647
2025-05-20,Oman,REF_002,28.02,27.3,12.42,14.17,3.45,4.06,10.59,58015
2025-05-27,Oman,REF_002,26.95,28.26,13.92,14.03,6.46,3.22,7.17,19628
2025-06-03,Oman,REF_002,29.25,27.08,13.06,9.85,5.04,2.91,12.8,90719
2025-06-10,Oman,REF_002,29.13,28.14,12.17,12.64,4.51,4.96,8.45,18043
2025-06-17,Oman,REF_002,25.74,29.29,13.55,11.3,4.11,2.93,13.09,40417
2025-06-24,Oman,REF_002,26.16,29.9,12.16,10.85,5.99,2.01,12.93,89022
2025-07-01,Oman,REF_002,28.09,26.79,13.82,11.41,5.61,4.65,9.64,89304
2025-07-08,Oman,REF_002,26.9,27.45,12.54,13.36,6.72,2.22,10.82,11351
2025-07-15,Oman,REF_002,28.55,28.04,12.58,9.32,4.39,4.91,12.2,97937
2025-07-22,Oman,REF_002,26.59,30.35,12.63,13.98,3.85,4.48,8.12,41835
2025-07-29,Oman,REF_002,26.04,30.24,12.46,14.94,3.43,2.03,10.86,88371
2025-08-05,Oman,REF_002,27.61,28.18,12.19,12.02,4.57,3.45,11.97,66735
2025-08-12,Oman,REF_002,27.82,30.34,13.34,10.38,4.32,3.43,10.38,33339
2025-08-19,Oman,REF_002,26.77,29.86,13.75,12.39,5.33,3.28,8.61,67230
2025-08-26,Oman,REF_002,28.49,29.45,12.1,13.12,5.88,2.3,8.67,23522
2025-09-02,Oman,REF_002,28.41,28.73,13.67,9.29,3.12,2.49,14.28,50731
2025-09-09,Oman,REF_002,27.35,29.93,13.46,14.93,3.31,2.39,8.62,17592
2025-09-16,Oman,REF_002,27.42,27.56,13.4,8.93,3.41,3.38,15.9,43830
2025-09-23,Oman,REF_002,28.58,29.85,12.26,13.69,5.26,3.51,6.86,18528
2025-09-30,Oman,REF_002,28.22,26.73,12.58,8.67,5.12,3.94,14.73,90176
2025-10-07,Oman,REF_002,28.2,30.34,13.55,10.09,5.19,3.37,9.26,60937
2025-10-14,Oman,REF_002,27.55,29.3,12.19,13.23,3.57,2.08,12.07,56701
2025-10-21,Oman,REF_002,27.59,26.64,13.06,11.74,3.21,4.13,13.63,28926
2025-10-28,Oman,REF_002,28.44,27.74,12.98,14.24,6.22,4.35,6.02,24439
2025-11-04,Oman,REF_002,25.45,28.92,12.85,14.36,4.4,3.23,10.78,57340
2025-11-11,Oman,REF_002,28.45,27.57,13.91,11.78,6.36,3.58,8.35,79479
2025-11-18,Oman,REF_002,25.47,29.69,13.08,11.15,3.45,4.22,12.95,21804
2025-11-25,Oman,REF_002,26.03,27.0,12.04,12.63,4.08,2.45,15.76,38797
2025-12-02,Oman,REF_002,27.26,28.51,12.76,11.46,4.71,4.47,10.83,12665
2025-12-09,Oman,REF_002,28.73,27.47,13.47,10.84,4.18,3.85,11.46,79199
2025-12-16,Oman,REF_002,27.06,28.36,12.15,14.47,6.39,3.19,8.38,78845
2025-12-23,Oman,REF_002,26.51,29.42,13.06,11.23,3.23,4.9,11.66,85366
2025-12-30,Oman,REF_002,28.44,27.72,12.61,12.01,6.38,4.8,8.04,34203
2026-01-06,Oman,REF_002,27.69,29.39,12.48,10.85,3.75,4.1,11.74,87740
2026-01-13,Oman,REF_002,28.77,29.18,12.72,12.63,6.46,3.88,6.37,47160
2026-01-20,Oman,REF_002,28.94,29.84,13.79,14.32,4.58,4.58,3.95,61331
2026-01-27,Oman,REF_002,25.41,29.04,12.97,9.93,6.88,2.17,13.6,95128
2026-02-03,Oman,REF_002,25.9,28.0,12.86,13.12,3.86,4.96,11.3,77411
2026-02-10,Oman,REF_002,28.42,26.92,12.98,14.62,4.08,2.44,10.54,53685
2026-02-17,Oman,REF_002,28.98,28.44,12.84,12.55,6.75,2.15,8.29,23805
2026-02-24,Oman,REF_002,25.79,26.84,12.63,9.61,5.19,2.98,16.96,46468
2026-03-03,Oman,REF_002,29.03,27.12,12.81,9.8,5.2,4.21,11.84,83528
2026-03-10,Oman,REF_002,27.32,29.92,13.6,9.1,3.98,4.02,12.07,97731
2026-03-17,Oman,REF_002,26.77,27.42,13.77,9.4,5.79,2.1,14.76,11708
2026-03-24,Oman,REF_002,27.07,29.12,12.31,13.35,3.51,3.6,11.03,37746
2026-03-31,Oman,REF_002,28.27,29.71,12.16,9.35,6.57,3.25,10.69,52906
2026-04-07,Oman,REF_002,25.93,30.48,13.87,8.01,5.2,4.62,11.88,48748
2024-04-09,Oman,REF_003,25.78,30.48,10.21,9.79,6.14,4.38,13.22,59762
2024-04-16,Oman,REF_003,26.24,29.12,10.72,11.91,3.92,2.4,15.69,37090
2024-04-23,Oman,REF_003,26.05,31.81,10.43,8.63,6.82,2.92,13.35,64629
2024-04-30,Oman,REF_003,25.83,29.19,10.45,8.23,3.41,4.17,18.73,23957
2024-05-07,Oman,REF_003,24.39,29.65,9.99,8.54,6.02,2.24,19.17,85412
2024-05-14,Oman,REF_003,25.27,30.32,10.88,9.3,4.06,2.41,17.76,44341
2024-05-21,Oman,REF_003,26.57,29.3,10.81,12.56,3.06,4.83,12.87,97398
2024-05-28,Oman,REF_003,26.32,30.66,9.58,10.74,5.46,3.14,14.1,73735
2024-06-04,Oman,REF_003,25.8,29.49,9.95,14.7,4.0,3.04,13.01,13209
2024-06-11,Oman,REF_003,23.95,30.14,9.34,8.01,5.3,2.9,20.35,11604
2024-06-18,Oman,REF_003,26.06,30.99,9.49,14.06,4.01,2.68,12.71,90517
2024-06-25,Oman,REF_003,23.34,32.17,10.75,10.17,3.14,2.25,18.19,19857
2024-07-02,Oman,REF_003,26.18,30.27,9.21,11.9,3.83,2.71,15.9,24475
2024-07-09,Oman,REF_003,25.67,28.66,10.02,8.61,5.21,3.04,18.8,12551
2024-07-16,Oman,REF_003,24.46,30.94,9.64,13.36,4.48,4.25,12.87,62111
2024-07-23,Oman,REF_003,26.1,30.84,9.52,13.76,6.13,4.92,8.74,18422
2024-07-30,Oman,REF_003,24.99,30.62,10.49,14.86,5.13,4.06,9.86,41249
2024-08-06,Oman,REF_003,23.82,30.0,9.22,9.99,3.69,3.37,19.91,51474
2024-08-13,Oman,REF_003,25.68,30.66,10.07,9.62,6.41,2.27,15.28,98406
2024-08-20,Oman,REF_003,24.53,29.4,9.85,8.11,3.67,3.01,21.44,59897
2024-08-27,Oman,REF_003,23.14,31.36,10.83,12.01,4.19,2.36,16.11,11398
2024-09-03,Oman,REF_003,25.55,31.17,10.1,8.71,3.83,4.45,16.2,53186
2024-09-10,Oman,REF_003,26.47,32.66,10.75,9.81,3.92,2.76,13.63,98810
2024-09-17,Oman,REF_003,23.96,31.48,11.06,13.74,5.39,2.51,11.86,25744
2024-09-24,Oman,REF_003,24.59,32.46,10.95,9.16,4.15,3.77,14.91,52968
2024-10-01,Oman,REF_003,23.1,30.13,11.05,14.66,5.24,3.91,11.91,29971
2024-10-08,Oman,REF_003,25.59,28.87,9.59,8.04,4.54,4.55,18.83,98425
2024-10-15,Oman,REF_003,25.29,31.63,9.67,11.64,5.95,3.49,12.32,17969
2024-10-22,Oman,REF_003,25.58,29.53,9.34,11.35,3.3,3.89,17.01,67642
2024-10-29,Oman,REF_003,23.65,32.51,10.79,8.77,5.99,3.06,15.23,77525
2024-11-05,Oman,REF_003,25.82,29.26,10.47,14.04,4.29,2.24,13.87,12454
2024-11-12,Oman,REF_003,23.06,28.67,9.8,10.1,3.44,3.95,20.98,99271
2024-11-19,Oman,REF_003,26.22,29.67,10.68,14.56,6.63,4.65,7.59,80780
2024-11-26,Oman,REF_003,23.79,28.99,10.12,8.38,6.99,3.07,18.65,96250
2024-12-03,Oman,REF_003,25.71,30.3,9.38,9.66,5.69,4.49,14.76,98149
2024-12-10,Oman,REF_003,23.15,29.28,9.23,9.82,6.28,2.59,19.64,59307
2024-12-17,Oman,REF_003,24.41,29.96,10.38,11.52,4.34,4.07,15.33,35197
2024-12-24,Oman,REF_003,25.19,32.48,10.6,10.93,5.99,4.43,10.37,39325
2024-12-31,Oman,REF_003,25.44,30.39,10.78,10.07,6.75,3.72,12.84,41797
2025-01-07,Oman,REF_003,24.3,30.05,9.44,8.48,4.29,3.38,20.08,42563
2025-01-14,Oman,REF_003,22.68,30.97,9.43,9.48,3.48,3.56,20.4,18564
2025-01-21,Oman,REF_003,23.65,30.46,9.48,11.12,4.37,4.58,16.34,81541
2025-01-28,Oman,REF_003,26.59,30.77,10.29,14.63,4.6,3.67,9.45,44117
2025-02-04,Oman,REF_003,24.8,28.98,10.71,14.9,3.26,4.4,12.94,31756
2025-02-11,Oman,REF_003,23.41,31.43,9.23,11.24,3.01,3.66,18.02,51587
2025-02-18,Oman,REF_003,26.28,31.54,9.4,10.48,6.73,4.18,11.4,63484
2025-02-25,Oman,REF_003,24.86,30.25,10.31,13.4,3.51,4.91,12.76,31542
2025-03-04,Oman,REF_003,24.41,28.75,10.24,10.67,4.0,4.96,16.97,48532
2025-03-11,Oman,REF_003,24.28,30.51,9.38,10.75,4.35,3.4,17.34,87095
2025-03-18,Oman,REF_003,23.39,31.09,9.22,10.22,4.89,2.22,18.97,58957
2025-03-25,Oman,REF_003,23.86,32.63,10.41,9.71,3.41,2.12,17.86,18169
2025-04-01,Oman,REF_003,25.34,32.08,9.46,10.81,4.42,3.93,13.96,26441
2025-04-08,Oman,REF_003,26.43,31.57,11.05,9.94,5.35,4.2,11.45,73986
2025-04-15,Oman,REF_003,22.71,32.65,11.0,8.84,5.17,2.94,16.69,89100
2025-04-22,Oman,REF_003,25.41,29.55,9.21,10.04,3.15,2.42,20.21,67252
2025-04-29,Oman,REF_003,25.6,30.53,10.34,9.09,4.27,4.14,16.03,42840
2025-05-06,Oman,REF_003,24.02,29.43,10.33,13.67,4.88,2.35,15.33,85453
2025-05-13,Oman,REF_003,22.91,30.54,9.67,14.55,5.95,3.7,12.68,70097
2025-05-20,Oman,REF_003,24.75,29.25,10.56,11.45,5.54,2.14,16.32,22783
2025-05-27,Oman,REF_003,24.98,30.49,9.6,9.69,5.53,2.18,17.54,49083
2025-06-03,Oman,REF_003,24.71,29.89,10.79,8.4,6.46,4.17,15.58,50162
2025-06-10,Oman,REF_003,26.32,31.46,11.01,11.31,4.81,3.59,11.5,15888
2025-06-17,Oman,REF_003,26.25,31.33,10.38,14.49,6.97,2.49,8.09,77409
2025-06-24,Oman,REF_003,24.94,30.5,11.1,13.95,5.79,3.15,10.57,69943
2025-07-01,Oman,REF_003,24.75,29.65,10.04,9.49,5.0,4.16,16.91,13298
2025-07-08,Oman,REF_003,25.68,28.74,10.18,12.01,6.04,4.28,13.06,47570
2025-07-15,Oman,REF_003,22.89,31.43,10.17,10.33,3.94,2.36,18.89,36562
2025-07-22,Oman,REF_003,24.45,30.57,10.31,10.54,6.68,3.49,13.97,48135
2025-07-29,Oman,REF_003,22.81,31.05,10.35,12.08,6.55,4.29,12.86,88066
2025-08-05,Oman,REF_003,22.86,29.93,9.78,12.6,4.79,4.33,15.71,44598
2025-08-12,Oman,REF_003,23.51,29.82,9.51,9.39,3.87,2.05,21.86,74447
2025-08-19,Oman,REF_003,24.22,28.75,9.88,14.34,5.04,4.96,12.81,58596
2025-08-26,Oman,REF_003,26.47,29.46,9.72,12.9,6.95,4.48,10.02,59833
2025-09-02,Oman,REF_003,22.96,30.11,9.32,10.18,4.04,3.17,20.23,85354
2025-09-09,Oman,REF_003,23.22,29.88,9.67,10.07,4.44,2.73,19.98,94832
2025-09-16,Oman,REF_003,24.3,29.11,10.08,9.29,3.86,2.86,20.5,21228
2025-09-23,Oman,REF_003,25.51,31.82,9.93,12.82,4.56,2.49,12.87,45745
2025-09-30,Oman,REF_003,24.85,28.82,10.45,13.2,6.44,2.31,13.93,10008
2025-10-07,Oman,REF_003,22.91,32.35,10.68,13.85,5.07,3.58,11.56,36865
2025-10-14,Oman,REF_003,25.99,31.97,9.93,10.3,5.95,2.08,13.77,87395
2025-10-21,Oman,REF_003,24.41,30.42,10.48,12.52,4.06,4.83,13.28,98769
2025-10-28,Oman,REF_003,24.72,30.9,10.25,11.4,6.78,2.73,13.21,19716
2025-11-04,Oman,REF_003,26.34,29.51,10.64,9.43,6.84,4.37,12.87,92684
2025-11-11,Oman,REF_003,26.42,28.99,10.01,12.54,6.21,2.72,13.1,92314
2025-11-18,Oman,REF_003,23.5,32.12,10.17,11.61,4.5,2.31,15.79,41238
2025-11-25,Oman,REF_003,24.33,30.57,10.62,10.46,4.63,4.72,14.67,77731
2025-12-02,Oman,REF_003,22.71,31.9,11.12,14.58,6.34,3.89,9.45,35037
2025-12-09,Oman,REF_003,25.24,31.44,9.71,9.79,4.59,3.92,15.32,36375
2025-12-16,Oman,REF_003,24.84,32.25,9.73,14.76,4.89,2.3,11.21,14953
2025-12-23,Oman,REF_003,23.98,29.69,10.83,13.16,6.54,3.77,12.03,49191
2025-12-30,Oman,REF_003,23.7,30.99,10.38,10.75,6.75,3.92,13.51,85373
2026-01-06,Oman,REF_003,25.1,29.92,10.62,9.61,5.39,3.21,16.15,23489
2026-01-13,Oman,REF_003,24.27,29.9,9.37,13.77,4.99,3.04,14.66,55446
2026-01-20,Oman,REF_003,25.64,28.73,10.24,11.35,6.57,3.67,13.8,22359
2026-01-27,Oman,REF_003,24.18,31.14,9.24,14.19,3.27,2.09,15.89,10181
2026-02-03,Oman,REF_003,25.36,30.48,9.35,13.99,3.81,2.98,14.03,25994
2026-02-10,Oman,REF_003,26.33,31.69,10.59,8.31,5.09,3.73,14.27,44426
2026-02-17,Oman,REF_003,23.91,32.06,9.19,12.38,4.58,4.0,13.89,27812
2026-02-24,Oman,REF_003,23.58,31.0,11.1,14.82,4.0,2.31,13.19,63130
2026-03-03,Oman,REF_003,24.3,31.7,10.2,11.57,5.59,2.38,14.26,70944
2026-03-10,Oman,REF_003,24.57,31.94,9.42,10.11,6.8,3.66,13.5,93637
2026-03-17,Oman,REF_003,25.38,32.36,9.78,8.63,6.21,4.41,13.23,65694
2026-03-24,Oman,REF_003,24.94,32.32,9.5,12.32,3.2,2.42,15.31,49354
2026-03-31,Oman,REF_003,25.91,31.59,11.09,8.31,4.53,2.48,16.1,13326
2026-04-07,Oman,REF_003,23.68,29.63,9.98,8.98,4.95,4.76,18.01,77337
2024-04-09,Oman,REF_004,27.89,34.65,11.36,14.02,4.83,2.05,5.2,67904
2024-04-16,Oman,REF_004,27.76,33.84,11.37,11.38,4.6,4.92,6.13,84221
2024-04-23,Oman,REF_004,28.1,32.36,11.61,10.66,4.97,2.09,10.21,63370
2024-04-30,Oman,REF_004,26.48,33.88,10.97,10.25,6.07,3.5,8.84,80999
2024-05-07,Oman,REF_004,27.85,35.05,10.96,9.83,5.2,4.82,6.29,71181
2024-05-14,Oman,REF_004,26.88,32.15,11.93,11.09,6.11,3.24,8.59,38695
2024-05-21,Oman,REF_004,25.41,31.82,11.83,10.43,5.22,4.14,11.16,13600
2024-05-28,Oman,REF_004,27.04,35.08,11.86,11.65,4.95,3.17,6.26,19910
2024-06-04,Oman,REF_004,25.56,32.35,12.53,9.93,6.79,4.43,8.41,71608
2024-06-11,Oman,REF_004,27.93,31.82,12.08,14.59,3.16,2.87,7.54,14636
2024-06-18,Oman,REF_004,27.33,32.1,11.91,13.04,3.66,4.27,7.7,15418
2024-06-25,Oman,REF_004,25.65,32.75,12.54,13.95,3.88,2.29,8.93,86315
2024-07-02,Oman,REF_004,27.65,32.26,12.06,14.11,3.28,2.25,8.39,34624
2024-07-09,Oman,REF_004,27.66,32.35,12.58,13.25,5.24,2.35,6.57,98939
2024-07-16,Oman,REF_004,27.01,33.44,12.94,14.05,4.83,3.26,4.48,18631
2024-07-23,Oman,REF_004,28.76,35.01,11.57,13.27,6.05,2.68,2.66,65228
2024-07-30,Oman,REF_004,26.07,34.79,11.26,12.68,4.3,2.11,8.78,21133
2024-08-06,Oman,REF_004,27.67,32.59,12.21,10.9,5.77,3.48,7.37,37769
2024-08-13,Oman,REF_004,25.64,33.0,12.22,13.18,3.64,3.99,8.33,26135
2024-08-20,Oman,REF_004,25.94,33.76,11.53,12.63,6.82,2.45,6.87,61345
2024-08-27,Oman,REF_004,28.75,32.34,11.68,8.87,5.57,4.01,8.79,69776
2024-09-03,Oman,REF_004,27.22,34.62,11.02,14.7,3.89,2.36,6.18,94702
2024-09-10,Oman,REF_004,28.37,34.69,11.16,13.65,5.44,4.2,2.49,98026
2024-09-17,Oman,REF_004,25.83,33.65,12.45,11.04,3.22,2.33,11.48,64188
2024-09-24,Oman,REF_004,26.19,32.18,11.63,9.41,3.1,2.46,15.04,89477
2024-10-01,Oman,REF_004,25.1,34.73,12.46,11.95,3.83,4.63,7.3,52756
2024-10-08,Oman,REF_004,25.75,33.35,11.34,10.63,4.99,3.08,10.87,69133
2024-10-15,Oman,REF_004,28.8,33.03,11.66,13.17,5.12,3.29,4.94,83242
2024-10-22,Oman,REF_004,28.62,34.0,11.32,11.26,5.02,3.3,6.49,33618
2024-10-29,Oman,REF_004,26.94,33.42,11.37,14.32,6.54,4.28,3.13,46085
2024-11-05,Oman,REF_004,26.53,34.5,12.16,12.2,3.5,3.85,7.25,91167
2024-11-12,Oman,REF_004,25.4,32.99,11.97,12.8,3.36,4.62,8.87,13649
2024-11-19,Oman,REF_004,28.48,31.74,11.26,13.6,6.44,4.95,3.53,20414
2024-11-26,Oman,REF_004,27.16,31.94,11.26,9.22,3.25,4.68,12.48,21371
2024-12-03,Oman,REF_004,27.57,34.14,11.35,14.99,4.39,4.72,2.85,95345
2024-12-10,Oman,REF_004,28.85,34.64,11.46,8.84,5.28,3.08,7.85,84793
2024-12-17,Oman,REF_004,28.03,32.74,10.98,9.66,5.27,2.24,11.08,69244
2024-12-24,Oman,REF_004,27.74,32.31,12.14,12.25,4.91,4.86,5.79,19734
2024-12-31,Oman,REF_004,26.68,35.16,11.72,10.97,5.67,4.0,5.79,12061
2025-01-07,Oman,REF_004,26.88,32.97,12.2,11.89,5.6,3.96,6.5,32938
2025-01-14,Oman,REF_004,26.04,33.11,11.43,12.78,5.41,2.65,8.57,89569
2025-01-21,Oman,REF_004,26.9,32.14,11.37,11.78,4.35,4.55,8.9,54526
2025-01-28,Oman,REF_004,28.71,32.04,12.29,14.2,4.17,2.41,6.18,51098
2025-02-04,Oman,REF_004,28.9,34.17,12.24,12.7,3.16,3.34,5.5,16981
2025-02-11,Oman,REF_004,26.32,34.92,12.26,14.97,3.69,3.19,4.65,82867
2025-02-18,Oman,REF_004,25.92,32.25,11.8,10.69,6.92,3.37,9.06,87485
2025-02-25,Oman,REF_004,28.6,32.26,12.38,9.94,3.38,4.62,8.81,36318
2025-03-04,Oman,REF_004,26.43,32.93,11.35,11.04,4.71,3.23,10.31,92466
2025-03-11,Oman,REF_004,26.41,31.75,11.31,13.05,5.36,4.86,7.26,72499
2025-03-18,Oman,REF_004,25.83,32.12,11.99,12.66,3.66,3.81,9.94,87852
2025-03-25,Oman,REF_004,27.96,34.29,12.53,8.73,3.82,2.11,10.56,23048
2025-04-01,Oman,REF_004,28.71,32.52,12.27,12.84,5.58,3.66,4.42,53751
2025-04-08,Oman,REF_004,26.73,35.3,10.97,8.37,4.97,2.99,10.66,46740
2025-04-15,Oman,REF_004,29.04,34.73,12.7,10.58,3.96,4.3,4.68,82681
2025-04-22,Oman,REF_004,27.25,35.22,12.88,11.3,3.89,3.55,5.91,99057
2025-04-29,Oman,REF_004,26.22,34.1,12.34,9.5,5.35,2.94,9.54,86878
2025-05-06,Oman,REF_004,27.91,34.94,11.35,8.24,6.4,3.16,8.0,26175
2025-05-13,Oman,REF_004,25.42,33.7,11.25,11.97,5.91,3.61,8.15,91332
2025-05-20,Oman,REF_004,25.68,33.61,11.27,14.13,6.73,3.2,5.38,37517
2025-05-27,Oman,REF_004,26.17,35.07,12.31,14.16,3.47,3.43,5.38,70856
2025-06-03,Oman,REF_004,28.64,33.16,11.57,14.39,3.19,3.44,5.6,51276
2025-06-10,Oman,REF_004,25.64,33.21,12.39,10.57,4.24,4.35,9.6,98984
2025-06-17,Oman,REF_004,28.17,35.02,12.83,13.61,6.92,4.24,-0.79,69537
2025-06-24,Oman,REF_004,27.83,35.23,12.31,13.33,3.86,4.74,2.7,50249
2025-07-01,Oman,REF_004,25.7,34.83,11.66,9.29,4.03,2.1,12.39,18156
2025-07-08,Oman,REF_004,27.42,35.1,11.85,12.38,6.24,3.07,3.94,68888
2025-07-15,Oman,REF_004,26.45,34.2,11.38,14.84,3.3,3.52,6.29,35766
2025-07-22,Oman,REF_004,27.46,33.35,11.56,9.75,3.73,4.35,9.81,29997
2025-07-29,Oman,REF_004,28.15,33.57,11.09,9.16,6.57,3.81,7.65,26589
2025-08-05,Oman,REF_004,27.87,34.93,11.61,11.9,4.17,2.24,7.29,45955
2025-08-12,Oman,REF_004,28.06,33.47,11.76,10.56,4.84,2.95,8.36,65096
2025-08-19,Oman,REF_004,25.31,34.86,11.29,12.43,4.8,4.32,6.98,84352
2025-08-26,Oman,REF_004,25.87,34.34,11.33,8.87,6.72,2.49,10.38,30531
2025-09-02,Oman,REF_004,25.57,33.51,12.79,9.85,5.17,3.23,9.87,40240
2025-09-09,Oman,REF_004,27.34,33.87,11.67,13.95,3.21,2.26,7.7,99170
2025-09-16,Oman,REF_004,28.04,34.85,12.15,10.94,5.52,2.28,6.22,78199
2025-09-23,Oman,REF_004,27.22,35.46,12.22,9.06,4.91,2.17,8.96,77088
2025-09-30,Oman,REF_004,27.06,33.11,12.89,14.58,6.81,2.66,2.88,75571
2025-10-07,Oman,REF_004,28.83,33.92,11.38,13.72,6.52,4.11,1.52,36419
2025-10-14,Oman,REF_004,25.82,34.13,11.91,12.68,3.45,2.41,9.6,42660
2025-10-21,Oman,REF_004,26.09,34.11,11.68,12.79,6.08,2.56,6.69,92784
2025-10-28,Oman,REF_004,28.2,34.14,12.77,9.86,4.69,2.26,8.09,51056
2025-11-04,Oman,REF_004,27.08,34.1,11.08,8.23,4.68,2.57,12.27,78290
2025-11-11,Oman,REF_004,27.73,32.94,11.04,9.28,5.77,4.97,8.28,39381
2025-11-18,Oman,REF_004,28.26,35.1,11.04,14.41,4.86,4.89,1.42,58470
2025-11-25,Oman,REF_004,25.99,35.53,11.43,14.18,3.69,4.02,5.15,47016
2025-12-02,Oman,REF_004,28.94,32.37,11.77,12.48,6.91,2.91,4.62,45718
2025-12-09,Oman,REF_004,26.9,32.64,12.58,8.64,5.82,3.6,9.81,31773
2025-12-16,Oman,REF_004,27.02,34.95,11.84,8.85,3.16,4.33,9.83,39738
2025-12-23,Oman,REF_004,28.78,34.1,11.82,11.95,4.83,4.72,3.8,51221
2025-12-30,Oman,REF_004,25.47,34.02,12.19,13.36,6.73,3.33,4.9,41686
2026-01-06,Oman,REF_004,27.02,35.23,12.91,14.8,3.92,3.49,2.63,33352
2026-01-13,Oman,REF_004,26.52,31.76,11.27,10.78,4.46,2.84,12.37,30727
2026-01-20,Oman,REF_004,28.05,32.81,12.36,10.58,6.21,2.5,7.49,24184
2026-01-27,Oman,REF_004,27.77,35.29,11.23,8.52,6.74,2.35,8.09,32533
2026-02-03,Oman,REF_004,28.77,34.84,11.63,14.68,5.27,2.22,2.58,73276
2026-02-10,Oman,REF_004,27.2,33.92,12.94,9.07,5.63,3.38,7.87,34470
2026-02-17,Oman,REF_004,27.83,34.31,12.66,14.15,5.25,2.98,2.83,57662
2026-02-24,Oman,REF_004,26.49,32.74,12.05,12.61,5.36,4.86,5.89,36877
2026-03-03,Oman,REF_004,26.54,34.3,12.15,8.01,4.25,2.76,11.98,85592
2026-03-10,Oman,REF_004,28.52,32.77,11.15,9.44,3.71,2.71,11.71,31118
2026-03-17,Oman,REF_004,26.97,32.91,12.07,10.41,6.26,4.85,6.53,46352
2026-03-24,Oman,REF_004,25.25,32.59,11.15,10.41,5.58,3.56,11.46,31858
2026-03-31,Oman,REF_004,28.12,32.16,11.4,12.73,3.79,4.04,7.76,97924
2026-04-07,Oman,REF_004,28.38,32.27,11.99,10.96,6.97,4.89,4.54,21440
2024-04-09,Oman,REF_005,26.87,28.5,12.3,10.31,6.27,4.98,10.77,85668
2024-04-16,Oman,REF_005,26.84,30.2,11.67,13.51,3.61,3.91,10.27,79630
2024-04-23,Oman,REF_005,28.5,31.21,10.71,10.42,4.91,2.93,11.32,37881
2024-04-30,Oman,REF_005,26.16,30.61,12.41,8.58,3.62,2.69,15.94,55808
2024-05-07,Oman,REF_005,28.62,27.64,11.87,9.05,6.89,4.7,11.24,95462
2024-05-14,Oman,REF_005,25.88,29.31,10.93,12.2,3.93,4.31,13.44,67960
2024-05-21,Oman,REF_005,27.74,30.65,11.6,9.89,5.48,4.87,9.77,64104
2024-05-28,Oman,REF_005,27.97,31.09,11.63,14.97,3.64,3.61,7.08,29161
2024-06-04,Oman,REF_005,27.27,28.04,11.04,9.48,4.28,2.4,17.5,82840
2024-06-11,Oman,REF_005,26.34,29.02,10.63,8.73,6.59,4.51,14.18,85683
2024-06-18,Oman,REF_005,27.1,27.92,10.81,12.24,6.31,4.7,10.92,35985
2024-06-25,Oman,REF_005,26.74,27.76,12.15,9.93,4.92,4.79,13.72,77699
2024-07-02,Oman,REF_005,25.66,27.39,12.17,11.87,5.88,2.47,14.56,88484
2024-07-09,Oman,REF_005,28.55,30.92,11.28,9.93,3.61,4.79,10.93,25914
2024-07-16,Oman,REF_005,25.93,28.12,12.14,14.23,6.24,3.69,9.65,99449
2024-07-23,Oman,REF_005,25.73,30.82,11.45,11.19,3.51,2.1,15.2,38496
2024-07-30,Oman,REF_005,26.15,29.29,10.89,8.97,6.51,4.76,13.43,96779
2024-08-06,Oman,REF_005,28.17,30.44,12.27,12.61,4.32,2.47,9.72,31354
2024-08-13,Oman,REF_005,28.81,30.14,11.51,8.21,4.06,4.19,13.08,56114
2024-08-20,Oman,REF_005,27.19,28.61,11.81,14.76,6.6,2.09,8.93,53285
2024-08-27,Oman,REF_005,26.77,29.4,11.81,9.4,6.13,3.43,13.07,99280
2024-09-03,Oman,REF_005,25.55,28.11,11.98,12.87,5.33,4.92,11.25,47378
2024-09-10,Oman,REF_005,27.12,31.0,11.67,10.48,5.88,3.86,10.0,37576
2024-09-17,Oman,REF_005,26.64,28.94,10.74,14.6,3.73,2.58,12.77,68233
2024-09-24,Oman,REF_005,28.35,30.3,11.35,14.11,5.18,3.32,7.4,82934
2024-10-01,Oman,REF_005,26.43,30.79,11.67,14.3,3.81,4.81,8.19,71908
2024-10-08,Oman,REF_005,27.93,29.04,12.51,11.11,4.99,4.34,10.08,35635
2024-10-15,Oman,REF_005,26.62,30.46,10.85,13.76,5.5,3.62,9.19,30619
2024-10-22,Oman,REF_005,28.6,30.57,11.56,10.72,3.98,4.26,10.29,67550
2024-10-29,Oman,REF_005,26.28,30.53,12.36,8.41,6.09,4.56,11.76,99235
2024-11-05,Oman,REF_005,26.4,28.84,12.53,8.66,5.09,3.52,14.96,64589
2024-11-12,Oman,REF_005,26.78,31.06,11.14,12.55,4.98,2.8,10.7,26996
2024-11-19,Oman,REF_005,29.28,29.6,11.81,13.48,3.32,4.14,8.37,24862
2024-11-26,Oman,REF_005,28.41,27.92,12.26,12.77,4.54,3.08,11.02,23405
2024-12-03,Oman,REF_005,29.07,27.83,11.54,9.66,6.99,3.76,11.16,23462
2024-12-10,Oman,REF_005,28.12,31.32,11.81,11.2,4.17,2.28,11.1,30542
2024-12-17,Oman,REF_005,27.67,30.37,12.35,13.56,3.5,4.32,8.23,62344
2024-12-24,Oman,REF_005,27.33,29.64,10.61,8.47,5.1,2.52,16.31,59098
2024-12-31,Oman,REF_005,26.87,30.98,12.5,14.86,6.6,4.96,3.24,73553
2025-01-07,Oman,REF_005,29.29,29.92,12.22,8.92,5.73,4.79,9.12,58604
2025-01-14,Oman,REF_005,26.2,29.46,12.01,13.39,5.09,2.65,11.19,93401
2025-01-21,Oman,REF_005,28.55,28.44,12.22,10.44,4.25,4.59,11.52,88591
2025-01-28,Oman,REF_005,27.05,27.39,10.97,14.37,6.59,3.36,10.27,37370
2025-02-04,Oman,REF_005,26.66,30.94,11.25,11.58,5.92,2.63,11.01,32845
2025-02-11,Oman,REF_005,26.88,29.97,12.23,11.83,3.53,3.34,12.21,21492
2025-02-18,Oman,REF_005,25.81,29.71,12.51,13.86,6.1,4.18,7.83,90741
2025-02-25,Oman,REF_005,28.46,29.86,11.33,8.71,4.84,4.77,12.02,62479
2025-03-04,Oman,REF_005,26.19,29.95,11.53,14.52,3.64,4.14,10.03,71344
2025-03-11,Oman,REF_005,29.39,29.61,12.34,8.17,3.49,3.04,13.96,65739
2025-03-18,Oman,REF_005,27.25,28.16,11.78,11.97,5.1,2.27,13.47,93432
2025-03-25,Oman,REF_005,27.82,28.41,11.97,10.23,5.02,3.02,13.52,89235
2025-04-01,Oman,REF_005,29.43,28.0,10.64,9.54,5.36,2.52,14.51,83033
2025-04-08,Oman,REF_005,27.09,29.8,11.51,14.32,3.14,4.19,9.96,68695
2025-04-15,Oman,REF_005,28.05,29.01,10.63,12.82,6.32,2.26,10.91,49745
2025-04-22,Oman,REF_005,26.1,29.8,12.17,12.67,4.27,2.42,12.57,81484
2025-04-29,Oman,REF_005,26.75,27.44,11.74,9.73,6.36,2.43,15.55,49132
2025-05-06,Oman,REF_005,26.46,30.11,11.69,13.54,4.83,2.01,11.34,29367
2025-05-13,Oman,REF_005,29.45,28.98,11.84,14.33,3.08,3.98,8.34,35953
2025-05-20,Oman,REF_005,26.57,28.25,12.24,10.61,3.27,2.29,16.76,23375
2025-05-27,Oman,REF_005,29.05,29.06,12.43,13.72,6.35,2.86,6.52,34418
2025-06-03,Oman,REF_005,27.69,29.03,11.62,8.37,6.89,2.17,14.23,26094
2025-06-10,Oman,REF_005,28.17,27.98,10.81,9.08,3.25,2.75,17.97,34400
2025-06-17,Oman,REF_005,27.45,29.11,11.54,12.31,3.92,2.4,13.26,89099
2025-06-24,Oman,REF_005,27.99,27.6,12.52,12.85,3.61,4.91,10.53,42886
2025-07-01,Oman,REF_005,29.39,27.77,10.92,12.6,3.09,2.06,14.18,81278
2025-07-08,Oman,REF_005,26.12,31.03,11.45,14.12,4.67,3.59,9.02,38486
2025-07-15,Oman,REF_005,28.08,28.63,11.04,8.57,3.23,2.92,17.53,76282
2025-07-22,Oman,REF_005,26.27,28.55,12.41,12.47,6.68,4.73,8.88,15706
2025-07-29,Oman,REF_005,29.27,27.56,12.45,11.83,5.13,4.14,9.62,89129
2025-08-05,Oman,REF_005,27.92,29.06,10.82,13.52,3.51,4.18,10.99,57513
2025-08-12,Oman,REF_005,27.0,29.81,12.14,14.59,4.06,4.84,7.57,96485
2025-08-19,Oman,REF_005,28.71,30.88,11.98,8.27,5.3,4.24,10.62,94753
2025-08-26,Oman,REF_005,27.73,30.53,12.01,9.97,3.62,4.25,11.89,31039
2025-09-02,Oman,REF_005,26.43,29.93,12.18,12.08,6.54,2.63,10.21,32717
2025-09-09,Oman,REF_005,28.0,30.67,11.68,8.07,5.71,4.44,11.43,34888
2025-09-16,Oman,REF_005,25.67,29.43,10.68,10.91,3.07,2.67,17.57,44994
2025-09-23,Oman,REF_005,25.9,27.81,12.25,8.29,5.76,4.44,15.55,21765
2025-09-30,Oman,REF_005,26.23,29.92,11.23,11.33,6.34,2.41,12.52,65768
2025-10-07,Oman,REF_005,29.22,27.58,10.72,11.88,6.84,2.66,11.09,39771
2025-10-14,Oman,REF_005,25.85,28.8,10.69,10.72,5.22,4.93,13.79,83654
2025-10-21,Oman,REF_005,28.74,28.27,10.77,12.22,5.08,3.55,11.37,19810
2025-10-28,Oman,REF_005,27.43,27.96,11.44,8.44,6.43,2.04,16.27,94539
2025-11-04,Oman,REF_005,28.9,30.36,12.56,8.38,5.57,4.55,9.68,21395
2025-11-11,Oman,REF_005,27.79,28.93,11.47,14.39,5.15,2.28,9.99,94349
2025-11-18,Oman,REF_005,26.19,30.92,12.54,14.14,5.71,4.23,6.26,72988
2025-11-25,Oman,REF_005,27.29,28.45,11.17,13.12,5.5,3.75,10.71,68734
2025-12-02,Oman,REF_005,28.55,30.35,10.81,10.54,4.06,3.61,12.08,15527
2025-12-09,Oman,REF_005,28.5,27.78,11.14,13.48,3.21,3.98,11.91,93203
2025-12-16,Oman,REF_005,27.92,30.2,12.18,9.56,5.32,2.93,11.88,32454
2025-12-23,Oman,REF_005,26.22,29.7,12.19,14.13,4.71,3.12,9.93,71857
2025-12-30,Oman,REF_005,28.57,28.37,11.19,11.73,4.78,4.12,11.24,55403
2026-01-06,Oman,REF_005,25.9,28.02,12.4,9.59,3.2,4.19,16.7,71561
2026-01-13,Oman,REF_005,27.85,29.36,12.54,8.84,5.04,3.69,12.68,12024
2026-01-20,Oman,REF_005,27.1,30.49,11.54,14.13,5.58,4.3,6.87,82403
2026-01-27,Oman,REF_005,28.21,30.35,11.99,11.85,5.27,2.57,9.76,84469
2026-02-03,Oman,REF_005,26.7,29.5,11.1,12.87,6.9,4.41,8.53,65718
2026-02-10,Oman,REF_005,27.72,29.31,11.01,10.44,4.63,4.83,12.06,48302
2026-02-17,Oman,REF_005,27.8,31.04,11.63,9.76,4.52,3.13,12.11,74324
2026-02-24,Oman,REF_005,26.64,30.28,12.38,10.35,3.54,3.92,12.9,42476
2026-03-03,Oman,REF_005,27.59,29.89,11.41,14.47,4.6,2.92,9.11,89710
2026-03-10,Oman,REF_005,26.0,27.85,12.47,9.46,3.59,3.61,17.02,14210
2026-03-17,Oman,REF_005,27.93,29.17,11.88,9.99,6.62,2.81,11.6,67380
2026-03-24,Oman,REF_005,29.23,28.96,10.92,8.48,6.85,4.29,11.27,92705
2026-03-31,Oman,REF_005,28.25,28.72,10.84,14.51,4.96,3.19,9.53,62001
2026-04-07,Oman,REF_005,25.88,28.59,11.87,8.7,3.54,3.53,17.88,66111
2024-04-09,Urals,REF_001,14.42,23.24,11.48,9.56,5.29,4.68,31.33,53299
2024-04-16,Urals,REF_001,17.4,26.87,11.21,11.42,5.57,3.0,24.53,76577
2024-04-23,Urals,REF_001,17.13,24.92,11.01,8.08,4.48,2.25,32.14,80346
2024-04-30,Urals,REF_001,15.65,25.9,11.53,13.57,6.55,4.51,22.29,53602
2024-05-07,Urals,REF_001,14.64,24.72,11.68,14.72,5.26,3.92,25.05,80380
2024-05-14,Urals,REF_001,16.58,25.63,11.32,8.41,5.89,4.55,27.62,47080
2024-05-21,Urals,REF_001,16.5,24.46,11.73,9.46,6.04,3.48,28.32,59244
2024-05-28,Urals,REF_001,14.46,25.72,11.24,10.68,4.65,3.35,29.9,30469
2024-06-04,Urals,REF_001,17.71,24.94,12.06,12.3,5.43,3.68,23.89,84036
2024-06-11,Urals,REF_001,17.56,24.9,12.11,8.72,3.36,3.44,29.91,91018
2024-06-18,Urals,REF_001,16.91,25.91,11.15,11.17,4.6,4.35,25.91,22404
2024-06-25,Urals,REF_001,16.47,26.88,12.62,13.97,4.5,4.82,20.75,82477
2024-07-02,Urals,REF_001,17.71,26.96,12.71,9.68,3.51,4.07,25.35,60689
2024-07-09,Urals,REF_001,15.62,25.97,10.96,8.33,4.42,2.58,32.13,74670
2024-07-16,Urals,REF_001,18.1,25.88,12.14,8.05,5.05,4.45,26.33,68870
2024-07-23,Urals,REF_001,15.22,26.63,12.76,9.95,3.83,3.02,28.6,15684
2024-07-30,Urals,REF_001,17.8,26.95,12.1,13.35,5.67,3.13,20.99,66883
2024-08-06,Urals,REF_001,17.65,26.47,11.0,11.24,4.59,4.26,24.8,55123
2024-08-13,Urals,REF_001,15.71,26.06,11.78,9.8,6.56,2.34,27.76,11627
2024-08-20,Urals,REF_001,14.88,23.89,11.91,12.37,4.79,2.61,29.54,21897
2024-08-27,Urals,REF_001,16.28,25.49,11.44,9.54,3.32,2.08,31.84,19516
2024-09-03,Urals,REF_001,17.28,24.61,10.89,11.56,5.14,3.29,27.24,19961
2024-09-10,Urals,REF_001,17.33,25.99,11.62,10.67,3.62,4.26,26.51,63961
2024-09-17,Urals,REF_001,14.65,24.74,12.64,11.17,4.3,3.93,28.57,28267
2024-09-24,Urals,REF_001,16.4,25.91,12.54,12.85,4.54,4.3,23.45,90855
2024-10-01,Urals,REF_001,16.22,23.25,12.6,9.16,3.51,2.92,32.35,44198
2024-10-08,Urals,REF_001,17.51,24.79,10.93,12.45,5.68,4.44,24.19,45897
2024-10-15,Urals,REF_001,14.65,25.44,11.08,8.12,6.11,3.21,31.38,57250
2024-10-22,Urals,REF_001,16.96,24.84,10.94,9.77,3.78,4.93,28.79,76555
2024-10-29,Urals,REF_001,16.12,23.49,11.07,13.69,6.78,2.09,26.77,91935
2024-11-05,Urals,REF_001,15.83,24.09,11.04,13.4,4.88,4.5,26.27,30354
2024-11-12,Urals,REF_001,17.02,23.7,11.01,8.93,6.24,3.97,29.12,24936
2024-11-19,Urals,REF_001,15.85,26.29,11.4,14.45,6.66,3.66,21.69,66877
2024-11-26,Urals,REF_001,16.92,24.27,11.56,8.95,6.7,4.17,27.43,14172
2024-12-03,Urals,REF_001,16.51,24.6,12.46,10.41,5.58,2.5,27.95,60287
2024-12-10,Urals,REF_001,15.48,23.89,12.07,12.47,6.93,4.01,25.14,56413
2024-12-17,Urals,REF_001,17.96,26.54,11.93,11.58,6.77,3.85,21.37,74240
2024-12-24,Urals,REF_001,14.66,26.1,11.36,8.81,6.4,4.07,28.6,46680
2024-12-31,Urals,REF_001,16.03,24.02,10.85,10.45,3.59,3.27,31.79,85044
2025-01-07,Urals,REF_001,14.77,23.6,12.64,13.22,3.21,2.24,30.33,71643
2025-01-14,Urals,REF_001,15.79,26.13,11.64,14.77,5.78,2.14,23.75,39745
2025-01-21,Urals,REF_001,16.56,23.8,10.84,8.56,5.1,3.9,31.25,18361
2025-01-28,Urals,REF_001,16.97,25.7,12.71,13.88,6.77,4.9,19.06,49672
2025-02-04,Urals,REF_001,16.26,24.36,11.85,9.06,5.69,2.07,30.72,31206
2025-02-11,Urals,REF_001,15.14,26.98,11.12,14.24,3.5,3.95,25.07,38789
2025-02-18,Urals,REF_001,15.57,27.22,11.29,9.42,5.36,4.22,26.92,98425
2025-02-25,Urals,REF_001,17.11,25.48,11.65,12.17,5.4,2.65,25.53,70408
2025-03-04,Urals,REF_001,15.13,25.19,11.35,10.19,5.46,2.19,30.49,11083
2025-03-11,Urals,REF_001,14.83,23.91,11.23,13.42,4.79,3.41,28.42,67990
2025-03-18,Urals,REF_001,17.23,23.25,12.55,14.92,3.49,3.95,24.62,10217
2025-03-25,Urals,REF_001,14.51,24.37,12.53,12.57,4.78,3.32,27.93,51944
2025-04-01,Urals,REF_001,15.55,26.74,11.97,11.39,4.86,4.81,24.68,75129
2025-04-08,Urals,REF_001,14.89,24.98,11.41,14.91,4.66,2.2,26.95,47009
2025-04-15,Urals,REF_001,15.59,25.63,11.29,8.25,3.38,2.85,33.01,41349
2025-04-22,Urals,REF_001,17.65,24.31,10.9,13.47,6.48,3.48,23.73,35643
2025-04-29,Urals,REF_001,17.4,23.27,12.68,14.06,5.18,2.83,24.58,12956
2025-05-06,Urals,REF_001,18.31,26.28,11.51,8.13,5.56,4.96,25.25,73636
2025-05-13,Urals,REF_001,14.64,24.84,11.05,14.39,4.32,4.2,26.56,17622
2025-05-20,Urals,REF_001,14.82,25.95,12.52,9.41,4.67,3.86,28.77,81664
2025-05-27,Urals,REF_001,16.82,23.61,11.92,14.19,6.47,3.76,23.23,99612
2025-06-03,Urals,REF_001,14.73,25.15,12.38,8.99,6.89,3.06,28.8,41512
2025-06-10,Urals,REF_001,15.16,24.38,11.99,11.01,3.77,4.43,29.26,15601
2025-06-17,Urals,REF_001,17.65,24.33,11.83,10.67,5.28,4.39,25.86,99038
2025-06-24,Urals,REF_001,15.53,25.45,11.77,14.99,6.24,3.19,22.84,52919
2025-07-01,Urals,REF_001,15.29,26.25,12.52,14.75,5.26,4.01,21.9,50145
2025-07-08,Urals,REF_001,16.75,24.63,12.31,8.16,3.11,4.15,30.9,93761
2025-07-15,Urals,REF_001,16.84,26.14,12.48,10.53,3.43,4.8,25.78,94471
2025-07-22,Urals,REF_001,16.08,24.1,12.62,12.96,3.03,2.32,28.89,98487
2025-07-29,Urals,REF_001,14.46,24.36,11.93,9.29,3.93,3.06,32.97,34259
2025-08-05,Urals,REF_001,17.52,25.23,11.39,10.19,3.16,2.15,30.35,74611
2025-08-12,Urals,REF_001,14.76,25.13,12.52,10.58,4.38,4.62,28.01,87836
2025-08-19,Urals,REF_001,17.83,25.52,12.74,13.73,4.66,3.89,21.63,20961
2025-08-26,Urals,REF_001,16.51,24.28,11.4,8.88,4.43,3.44,31.04,64031
2025-09-02,Urals,REF_001,15.53,26.4,11.88,12.47,4.11,4.44,25.17,66184
2025-09-09,Urals,REF_001,17.76,23.87,11.59,8.79,3.86,3.18,30.94,90512
2025-09-16,Urals,REF_001,16.54,24.55,12.33,8.14,4.48,3.8,30.16,62491
2025-09-23,Urals,REF_001,16.74,24.08,11.51,14.52,6.9,2.94,23.32,68005
2025-09-30,Urals,REF_001,15.27,24.71,12.42,11.51,6.4,3.89,25.81,66602
2025-10-07,Urals,REF_001,14.44,26.23,12.79,11.31,3.63,4.93,26.66,36111
2025-10-14,Urals,REF_001,15.95,23.54,11.06,9.52,5.19,3.67,31.07,64561
2025-10-21,Urals,REF_001,16.64,25.21,12.44,14.54,4.08,2.39,24.7,48257
2025-10-28,Urals,REF_001,14.41,26.76,11.31,11.85,3.46,3.66,28.54,13509
2025-11-04,Urals,REF_001,17.38,27.05,11.45,9.81,4.79,3.86,25.66,27006
2025-11-11,Urals,REF_001,17.52,24.03,10.84,11.67,3.46,4.09,28.38,25072
2025-11-18,Urals,REF_001,17.58,25.11,11.97,9.31,3.59,3.89,28.56,32991
2025-11-25,Urals,REF_001,15.85,25.15,11.29,13.57,6.76,3.3,24.08,92579
2025-12-02,Urals,REF_001,17.84,23.9,11.18,11.34,5.1,3.02,27.62,38162
2025-12-09,Urals,REF_001,16.03,25.99,11.0,12.97,6.7,4.29,23.0,27250
2025-12-16,Urals,REF_001,14.66,25.19,12.75,13.73,5.25,2.43,25.99,74245
2025-12-23,Urals,REF_001,17.56,26.97,12.06,11.6,5.48,4.83,21.5,66531
2025-12-30,Urals,REF_001,15.34,25.78,12.59,11.97,5.01,4.2,25.11,69488
2026-01-06,Urals,REF_001,14.54,26.13,11.65,14.59,6.88,3.35,22.87,97191
2026-01-13,Urals,REF_001,15.55,25.96,10.98,9.01,6.46,4.68,27.35,57935
2026-01-20,Urals,REF_001,15.67,25.04,12.57,9.48,4.18,4.36,28.71,94174
2026-01-27,Urals,REF_001,14.68,26.45,12.12,9.62,6.02,4.18,26.93,22782
2026-02-03,Urals,REF_001,16.32,26.26,11.22,11.24,3.48,2.92,28.56,29615
2026-02-10,Urals,REF_001,16.33,23.8,11.6,9.93,5.98,4.1,28.27,18543
2026-02-17,Urals,REF_001,18.12,26.21,12.07,11.34,3.71,4.89,23.66,10707
2026-02-24,Urals,REF_001,17.08,25.26,12.64,10.66,5.07,4.23,25.05,14280
2026-03-03,Urals,REF_001,14.53,24.08,11.13,8.05,5.49,4.39,32.34,96140
2026-03-10,Urals,REF_001,16.07,24.35,12.56,13.91,5.5,2.82,24.79,91766
2026-03-17,Urals,REF_001,15.02,23.41,12.43,11.95,3.99,4.01,29.2,79004
2026-03-24,Urals,REF_001,17.69,24.36,10.88,11.57,6.42,2.62,26.45,47901
2026-03-31,Urals,REF_001,15.33,23.29,12.63,8.95,6.07,3.04,30.7,34991
2026-04-07,Urals,REF_001,18.07,25.86,12.21,13.32,4.36,3.69,22.49,34320
2024-04-09,Urals,REF_002,22.44,29.52,8.96,8.24,6.64,4.86,19.34,60633
2024-04-16,Urals,REF_002,20.61,28.63,8.51,12.02,3.51,4.76,21.95,25836
2024-04-23,Urals,REF_002,21.82,28.42,8.43,11.91,6.06,4.18,19.18,31038
2024-04-30,Urals,REF_002,20.16,30.67,9.42,12.99,4.08,4.38,18.31,42257
2024-05-07,Urals,REF_002,20.45,28.35,8.22,10.94,3.07,3.37,25.61,75250
2024-05-14,Urals,REF_002,22.68,27.51,8.54,11.46,3.68,2.35,23.78,50708
2024-05-21,Urals,REF_002,21.16,30.48,9.97,13.42,3.89,4.24,16.84,58343
2024-05-28,Urals,REF_002,20.65,30.94,9.38,12.77,3.05,4.6,18.63,81397
2024-06-04,Urals,REF_002,20.04,28.36,8.08,8.36,5.67,2.56,26.93,93119
2024-06-11,Urals,REF_002,22.21,28.59,8.73,10.29,3.37,2.09,24.71,50691
2024-06-18,Urals,REF_002,22.61,30.86,9.59,12.4,6.42,3.55,14.56,26214
2024-06-25,Urals,REF_002,21.58,30.88,8.01,9.76,4.06,2.3,23.41,30294
2024-07-02,Urals,REF_002,20.38,30.95,9.69,14.62,3.48,2.08,18.79,19889
2024-07-09,Urals,REF_002,22.5,27.83,9.12,9.59,3.08,2.25,25.63,73881
2024-07-16,Urals,REF_002,19.57,28.11,8.73,12.6,4.88,4.83,21.28,49076
2024-07-23,Urals,REF_002,19.64,29.34,8.88,13.51,6.74,4.51,17.39,45013
2024-07-30,Urals,REF_002,19.71,30.85,8.75,13.39,6.96,3.73,16.61,53189
2024-08-06,Urals,REF_002,21.64,27.97,8.95,10.19,3.66,3.83,23.76,61813
2024-08-13,Urals,REF_002,21.89,30.69,8.41,13.46,4.47,3.89,17.2,86521
2024-08-20,Urals,REF_002,19.87,29.6,8.93,13.53,5.79,4.31,17.97,35914
2024-08-27,Urals,REF_002,21.66,29.62,8.89,10.65,4.33,2.03,22.83,25260
2024-09-03,Urals,REF_002,19.08,30.59,9.69,13.92,6.27,2.66,17.78,54260
2024-09-10,Urals,REF_002,22.47,30.23,7.98,11.22,3.04,2.84,22.21,49218
2024-09-17,Urals,REF_002,22.41,29.81,8.7,11.43,6.27,2.9,18.47,65353
2024-09-24,Urals,REF_002,19.89,29.12,8.02,13.97,3.19,2.67,23.14,40016
2024-10-01,Urals,REF_002,21.34,30.08,8.13,8.3,6.2,4.14,21.81,84839
2024-10-08,Urals,REF_002,21.55,30.2,8.73,12.13,6.22,2.52,18.65,48054
2024-10-15,Urals,REF_002,21.8,29.33,9.34,10.05,3.13,2.09,24.27,94850
2024-10-22,Urals,REF_002,22.62,28.04,8.27,8.13,3.93,3.0,26.02,31711
2024-10-29,Urals,REF_002,22.03,30.19,8.14,12.88,5.08,2.4,19.28,76558
2024-11-05,Urals,REF_002,19.19,27.9,8.27,14.57,5.79,3.23,21.04,83998
2024-11-12,Urals,REF_002,19.71,30.92,9.37,11.92,6.18,3.93,17.98,89839
2024-11-19,Urals,REF_002,22.16,27.99,8.45,8.46,3.88,3.03,26.04,12594
2024-11-26,Urals,REF_002,20.1,30.28,9.65,8.06,3.03,2.44,26.43,88531
2024-12-03,Urals,REF_002,20.72,31.13,9.75,14.23,3.51,3.43,17.24,99423
2024-12-10,Urals,REF_002,19.44,29.49,8.66,10.72,6.56,3.76,21.37,78289
2024-12-17,Urals,REF_002,21.53,29.31,9.56,14.8,6.87,4.37,13.57,53859
2024-12-24,Urals,REF_002,19.49,27.37,8.44,10.38,3.52,2.67,28.12,17519
2024-12-31,Urals,REF_002,20.94,27.7,9.46,10.33,5.69,4.65,21.24,17741
2025-01-07,Urals,REF_002,22.8,29.78,8.08,10.2,6.54,3.79,18.81,35850
2025-01-14,Urals,REF_002,22.6,30.34,9.44,14.22,6.08,2.86,14.45,62549
2025-01-21,Urals,REF_002,22.21,27.92,8.3,9.11,3.78,2.31,26.37,85386
2025-01-28,Urals,REF_002,22.12,27.8,9.38,12.39,4.1,2.68,21.52,32552
2025-02-04,Urals,REF_002,21.76,28.47,8.53,8.16,6.63,4.26,22.19,52550
2025-02-11,Urals,REF_002,22.61,28.37,9.32,10.14,4.26,4.53,20.77,80831
2025-02-18,Urals,REF_002,20.02,27.52,8.69,13.32,3.4,4.02,23.03,90078
2025-02-25,Urals,REF_002,19.56,30.64,8.08,12.67,6.16,3.33,19.55,28335
2025-03-04,Urals,REF_002,22.54,27.28,9.08,10.61,4.84,3.61,22.04,58127
2025-03-11,Urals,REF_002,19.66,29.91,8.01,8.15,4.91,3.63,25.73,34740
2025-03-18,Urals,REF_002,21.05,29.26,8.67,12.56,6.83,3.47,18.15,80744
2025-03-25,Urals,REF_002,19.83,30.24,9.27,12.48,6.57,2.7,18.9,43160
2025-04-01,Urals,REF_002,19.17,30.1,9.66,10.84,4.43,3.98,21.82,16803
2025-04-08,Urals,REF_002,20.02,28.66,9.01,11.34,3.83,3.62,23.52,93328
2025-04-15,Urals,REF_002,18.95,29.92,9.22,14.47,5.58,3.87,17.98,79282
2025-04-22,Urals,REF_002,19.91,29.58,9.01,11.07,3.32,2.88,24.23,35198
2025-04-29,Urals,REF_002,21.74,30.88,8.44,8.52,7.0,4.07,19.35,89782
2025-05-06,Urals,REF_002,19.42,30.4,9.6,9.06,3.65,2.89,24.99,29510
2025-05-13,Urals,REF_002,22.74,28.65,9.5,13.64,4.54,4.05,16.89,19702
2025-05-20,Urals,REF_002,20.43,31.06,8.31,10.7,6.16,4.0,19.34,66836
2025-05-27,Urals,REF_002,22.25,27.31,9.52,14.18,3.06,3.68,20.0,41372
2025-06-03,Urals,REF_002,19.04,28.87,9.26,14.43,5.48,4.57,18.34,20941
2025-06-10,Urals,REF_002,19.68,31.08,9.75,9.65,5.48,3.09,21.27,52173
2025-06-17,Urals,REF_002,22.29,30.14,8.45,10.21,4.16,4.34,20.41,54107
2025-06-24,Urals,REF_002,22.64,30.46,8.4,13.5,5.02,2.76,17.21,42699
2025-07-01,Urals,REF_002,22.73,29.13,9.41,11.34,4.49,4.39,18.51,86349
2025-07-08,Urals,REF_002,19.13,28.31,8.99,10.22,6.13,2.34,24.88,81801
2025-07-15,Urals,REF_002,21.31,28.35,8.66,9.28,4.01,4.15,24.23,43829
2025-07-22,Urals,REF_002,21.59,29.25,8.26,11.49,6.03,2.89,20.48,68327
2025-07-29,Urals,REF_002,19.64,27.74,8.69,10.72,6.04,3.38,23.78,17311
2025-08-05,Urals,REF_002,21.38,29.07,8.64,13.62,3.62,4.74,18.94,40065
2025-08-12,Urals,REF_002,20.69,30.91,9.5,8.52,5.31,2.93,22.14,55763
2025-08-19,Urals,REF_002,21.81,29.18,8.12,11.71,3.1,3.05,23.04,53022
2025-08-26,Urals,REF_002,21.42,29.22,8.28,14.53,5.6,2.95,18.0,96934
2025-09-02,Urals,REF_002,22.37,27.77,9.28,11.92,3.77,2.7,22.18,60739
2025-09-09,Urals,REF_002,20.13,30.53,8.17,14.4,6.36,4.22,16.19,33631
2025-09-16,Urals,REF_002,21.7,28.95,9.24,10.19,6.34,2.12,21.45,72231
2025-09-23,Urals,REF_002,22.16,29.78,8.36,9.99,5.06,2.99,21.66,10442
2025-09-30,Urals,REF_002,19.0,30.27,8.14,14.5,4.77,4.27,19.05,21295
2025-10-07,Urals,REF_002,22.55,27.33,8.06,8.38,3.41,3.46,26.81,80944
2025-10-14,Urals,REF_002,19.98,30.18,9.52,14.36,3.6,2.41,19.96,20988
2025-10-21,Urals,REF_002,20.28,29.15,8.9,9.8,5.49,3.01,23.37,42947
2025-10-28,Urals,REF_002,19.26,29.56,9.28,13.31,6.62,4.3,17.67,31216
2025-11-04,Urals,REF_002,19.78,30.86,9.55,13.48,5.88,2.8,17.65,86266
2025-11-11,Urals,REF_002,19.41,28.6,8.67,11.92,4.85,3.38,23.17,59821
2025-11-18,Urals,REF_002,20.5,28.2,9.3,13.53,4.92,3.95,19.6,58182
2025-11-25,Urals,REF_002,19.08,28.89,7.99,12.63,5.03,2.38,24.0,58797
2025-12-02,Urals,REF_002,22.44,28.56,9.94,14.72,6.14,4.44,13.77,46949
2025-12-09,Urals,REF_002,20.45,31.01,8.71,8.68,3.61,4.13,23.41,44468
2025-12-16,Urals,REF_002,19.64,30.45,8.95,11.97,3.62,2.58,22.79,21327
2025-12-23,Urals,REF_002,20.9,30.3,9.44,9.83,6.41,2.32,20.81,20264
2025-12-30,Urals,REF_002,22.24,28.17,9.39,8.06,3.37,3.83,24.93,26417
2026-01-06,Urals,REF_002,18.95,29.06,8.63,13.62,6.28,3.84,19.61,36373
2026-01-13,Urals,REF_002,20.69,30.0,8.11,10.33,6.29,3.22,21.36,66220
2026-01-20,Urals,REF_002,19.23,30.3,8.17,14.03,3.43,4.67,20.17,42739
2026-01-27,Urals,REF_002,21.34,30.58,7.99,9.86,6.63,3.16,20.43,73573
2026-02-03,Urals,REF_002,19.4,29.91,8.12,13.02,4.3,3.4,21.86,24963
2026-02-10,Urals,REF_002,21.35,28.55,8.74,12.57,3.72,4.56,20.52,76535
2026-02-17,Urals,REF_002,21.15,27.71,9.35,8.13,6.22,2.91,24.54,20549
2026-02-24,Urals,REF_002,19.5,31.05,9.52,9.67,6.85,2.42,20.99,76017
2026-03-03,Urals,REF_002,21.47,30.48,8.74,10.81,5.5,3.19,19.81,13721
2026-03-10,Urals,REF_002,21.76,29.76,8.82,10.12,4.28,4.22,21.03,75624
2026-03-17,Urals,REF_002,22.12,30.24,9.49,9.76,3.41,4.29,20.7,18875
2026-03-24,Urals,REF_002,22.77,30.7,9.04,10.47,5.11,4.2,17.72,78069
2026-03-31,Urals,REF_002,19.14,30.41,9.26,8.28,4.25,3.53,25.12,26960
2026-04-07,Urals,REF_002,19.46,27.25,9.8,8.39,4.46,2.62,28.01,76692
2024-04-09,Urals,REF_003,20.32,30.27,10.74,8.81,5.74,2.31,21.81,87556
2024-04-16,Urals,REF_003,19.97,30.76,10.64,13.43,4.91,3.28,17.0,35950
2024-04-23,Urals,REF_003,18.46,29.4,9.47,14.09,6.06,2.66,19.86,10215
2024-04-30,Urals,REF_003,19.92,30.29,11.02,10.82,6.46,2.29,19.2,42927
2024-05-07,Urals,REF_003,21.69,28.69,10.25,9.82,5.13,2.84,21.59,88291
2024-05-14,Urals,REF_003,21.7,32.04,10.26,14.93,5.94,3.07,12.06,18432
2024-05-21,Urals,REF_003,20.62,31.56,9.71,11.85,6.95,2.98,16.34,37170
2024-05-28,Urals,REF_003,21.56,29.11,11.33,13.46,4.56,2.25,17.72,11725
2024-06-04,Urals,REF_003,19.45,31.46,10.44,13.17,5.68,3.72,16.07,97074
2024-06-11,Urals,REF_003,20.86,32.3,9.95,13.0,5.39,4.77,13.72,55940
2024-06-18,Urals,REF_003,19.07,30.18,9.9,9.54,4.88,4.68,21.74,27268
2024-06-25,Urals,REF_003,19.1,32.06,10.15,14.74,4.08,3.33,16.56,18604
2024-07-02,Urals,REF_003,21.92,32.2,11.1,9.1,6.88,4.79,14.01,49210
2024-07-09,Urals,REF_003,20.68,32.61,10.29,8.79,6.47,3.43,17.73,98827
2024-07-16,Urals,REF_003,20.15,28.76,10.45,13.03,3.1,3.24,21.26,24000
2024-07-23,Urals,REF_003,20.52,32.47,10.72,12.86,4.59,3.69,15.15,58947
2024-07-30,Urals,REF_003,20.99,32.07,10.79,14.86,6.31,2.37,12.6,55672
2024-08-06,Urals,REF_003,21.56,32.42,10.23,13.08,4.64,2.37,15.7,89615
2024-08-13,Urals,REF_003,21.68,30.66,9.5,13.71,4.91,2.23,17.31,27045
2024-08-20,Urals,REF_003,18.56,31.39,10.07,8.89,6.67,4.87,19.55,22471
2024-08-27,Urals,REF_003,18.87,31.01,9.77,9.11,4.35,4.85,22.04,96619
2024-09-03,Urals,REF_003,21.32,31.43,10.91,11.29,5.12,3.9,16.04,75815
2024-09-10,Urals,REF_003,18.34,29.54,11.39,10.35,4.07,3.27,23.04,36182
2024-09-17,Urals,REF_003,18.32,29.48,10.75,9.56,5.59,2.3,24.01,13768
2024-09-24,Urals,REF_003,21.4,31.68,10.8,8.22,3.96,4.44,19.51,23020
2024-10-01,Urals,REF_003,21.2,30.98,10.95,12.51,4.67,2.88,16.81,70545
2024-10-08,Urals,REF_003,21.18,28.82,10.23,10.46,5.24,2.34,21.74,94007
2024-10-15,Urals,REF_003,20.14,32.34,11.1,9.34,3.53,4.58,18.96,58249
2024-10-22,Urals,REF_003,18.03,32.38,10.41,10.11,5.07,4.47,19.54,19926
2024-10-29,Urals,REF_003,19.39,29.92,11.15,13.45,4.6,3.99,17.51,45500
2024-11-05,Urals,REF_003,20.24,32.61,10.54,14.92,5.99,2.36,13.35,81636
2024-11-12,Urals,REF_003,18.6,30.77,10.69,14.25,3.84,4.63,17.22,94104
2024-11-19,Urals,REF_003,18.31,32.18,9.99,8.57,6.83,3.18,20.94,66068
2024-11-26,Urals,REF_003,20.16,29.5,10.81,8.32,3.81,4.83,22.57,95815
2024-12-03,Urals,REF_003,19.88,29.32,10.31,14.14,3.28,2.38,20.68,90608
2024-12-10,Urals,REF_003,19.61,28.98,9.75,14.18,4.96,2.49,20.04,90465
2024-12-17,Urals,REF_003,21.33,28.74,10.63,9.71,5.13,2.84,21.62,38428
2024-12-24,Urals,REF_003,20.36,30.8,10.26,8.75,6.88,2.52,20.43,66980
2024-12-31,Urals,REF_003,18.28,31.4,9.66,9.61,5.59,2.85,22.62,57956
2025-01-07,Urals,REF_003,18.45,29.45,10.93,8.25,3.45,2.64,26.83,11817
2025-01-14,Urals,REF_003,18.33,29.77,9.65,14.06,3.26,4.58,20.34,84057
2025-01-21,Urals,REF_003,18.35,28.74,9.57,12.13,5.68,3.86,21.66,58732
2025-01-28,Urals,REF_003,18.65,32.01,10.12,14.9,4.54,2.79,16.99,90482
2025-02-04,Urals,REF_003,20.22,31.53,10.28,14.21,6.67,3.31,13.78,31665
2025-02-11,Urals,REF_003,20.54,32.46,10.71,14.68,4.38,4.75,12.48,20131
2025-02-18,Urals,REF_003,19.39,30.62,10.77,10.06,6.7,4.71,17.75,81940
2025-02-25,Urals,REF_003,18.41,28.96,10.46,13.36,3.49,3.92,21.4,57506
2025-03-04,Urals,REF_003,20.85,30.39,10.85,9.12,3.86,4.71,20.22,39643
2025-03-11,Urals,REF_003,21.89,28.83,10.46,10.27,6.98,4.97,16.59,31171
2025-03-18,Urals,REF_003,19.02,31.64,11.25,12.65,6.46,2.19,16.8,67647
2025-03-25,Urals,REF_003,20.75,29.4,11.02,14.61,6.59,2.73,14.88,39159
2025-04-01,Urals,REF_003,19.95,29.28,11.38,9.13,6.05,3.02,21.2,61634
2025-04-08,Urals,REF_003,18.14,29.46,10.36,12.74,6.11,2.09,21.1,23724
2025-04-15,Urals,REF_003,20.87,31.9,9.94,9.61,3.35,2.45,21.88,10721
2025-04-22,Urals,REF_003,20.31,32.26,9.77,13.26,5.29,4.82,14.29,81831
2025-04-29,Urals,REF_003,21.36,31.2,11.09,10.46,3.84,4.74,17.32,76090
2025-05-06,Urals,REF_003,18.31,32.11,10.17,10.09,5.49,3.71,20.12,58443
2025-05-13,Urals,REF_003,18.97,32.48,11.37,8.03,4.35,2.14,22.66,86522
2025-05-20,Urals,REF_003,21.5,30.72,11.15,12.92,5.0,3.09,15.63,33960
2025-05-27,Urals,REF_003,18.99,30.89,9.8,9.22,3.04,3.84,24.21,99490
2025-06-03,Urals,REF_003,21.51,31.47,11.04,10.92,4.19,3.11,17.77,17327
2025-06-10,Urals,REF_003,20.49,29.34,10.99,9.33,3.91,4.87,21.06,19485
2025-06-17,Urals,REF_003,19.95,28.89,9.65,12.43,5.52,2.58,20.98,88523
2025-06-24,Urals,REF_003,20.76,29.85,9.96,13.28,5.93,2.45,17.77,41426
2025-07-01,Urals,REF_003,18.82,29.82,10.04,14.83,6.0,4.34,16.15,34968
2025-07-08,Urals,REF_003,17.95,28.88,10.57,10.0,3.77,2.15,26.68,88829
2025-07-15,Urals,REF_003,20.35,29.07,11.0,13.29,4.16,2.57,19.56,83258
2025-07-22,Urals,REF_003,19.27,32.03,9.55,11.5,3.72,4.02,19.91,99749
2025-07-29,Urals,REF_003,19.6,29.04,10.1,14.24,6.06,2.7,18.25,95823
2025-08-05,Urals,REF_003,20.44,29.32,10.61,11.16,6.28,3.03,19.16,88748
2025-08-12,Urals,REF_003,21.2,31.34,9.98,14.79,5.19,4.72,12.77,29415
2025-08-19,Urals,REF_003,21.88,31.91,11.37,9.49,4.72,2.29,18.34,22327
2025-08-26,Urals,REF_003,19.09,32.45,10.8,10.2,6.82,4.22,16.42,91628
2025-09-02,Urals,REF_003,21.66,31.65,9.95,14.98,4.3,4.02,13.45,86033
2025-09-09,Urals,REF_003,18.65,31.08,10.22,9.71,3.05,4.62,22.68,22229
2025-09-16,Urals,REF_003,21.46,31.05,10.71,13.8,5.04,3.07,14.87,22492
2025-09-23,Urals,REF_003,20.23,30.86,10.06,12.2,4.76,4.42,17.48,60353
2025-09-30,Urals,REF_003,21.69,30.72,11.24,11.64,5.23,3.1,16.38,46015
2025-10-07,Urals,REF_003,21.68,29.54,9.71,13.81,5.31,2.85,17.1,48916
2025-10-14,Urals,REF_003,20.05,31.01,11.11,10.76,5.71,4.5,16.86,85939
2025-10-21,Urals,REF_003,18.97,30.04,10.66,14.2,6.16,3.75,16.22,98536
2025-10-28,Urals,REF_003,19.71,32.01,11.1,14.36,6.95,3.49,12.38,27606
2025-11-04,Urals,REF_003,19.79,32.06,11.14,10.35,3.19,3.53,19.94,52669
2025-11-11,Urals,REF_003,18.29,31.82,10.03,12.52,3.41,4.58,19.34,76534
2025-11-18,Urals,REF_003,19.5,31.16,9.84,14.9,6.18,4.37,14.04,23804
2025-11-25,Urals,REF_003,18.02,30.99,9.76,13.46,4.66,3.02,20.1,16628
2025-12-02,Urals,REF_003,21.93,32.47,9.73,10.33,4.56,2.89,18.08,94102
2025-12-09,Urals,REF_003,20.84,32.47,11.22,13.28,5.79,4.6,11.81,71573
2025-12-16,Urals,REF_003,18.71,31.24,10.5,14.87,5.04,2.12,17.53,33777
2025-12-23,Urals,REF_003,21.62,32.49,10.92,8.4,3.09,3.44,20.03,99970
2025-12-30,Urals,REF_003,21.43,32.38,10.71,14.01,4.28,2.08,15.11,92642
2026-01-06,Urals,REF_003,18.82,31.56,10.79,9.11,3.78,2.99,22.96,78123
2026-01-13,Urals,REF_003,18.11,30.27,10.8,9.2,3.48,3.17,24.97,35790
2026-01-20,Urals,REF_003,20.55,32.52,9.48,14.32,4.73,3.99,14.41,86592
2026-01-27,Urals,REF_003,20.24,29.03,9.75,13.52,3.92,3.71,19.83,48527
2026-02-03,Urals,REF_003,19.16,31.79,10.93,12.52,4.49,2.68,18.42,56430
2026-02-10,Urals,REF_003,21.22,30.95,11.41,8.11,6.99,4.07,17.25,84940
2026-02-17,Urals,REF_003,19.29,30.68,11.06,13.32,4.34,2.97,18.34,69653
2026-02-24,Urals,REF_003,21.68,30.4,10.17,14.26,5.73,3.16,14.58,15154
2026-03-03,Urals,REF_003,20.84,30.06,9.61,12.29,4.29,3.02,19.91,53125
2026-03-10,Urals,REF_003,20.82,29.75,9.63,10.97,3.22,4.09,21.52,96331
2026-03-17,Urals,REF_003,20.59,29.75,9.83,9.63,3.89,2.94,23.38,18761
2026-03-24,Urals,REF_003,21.53,32.18,10.7,8.43,6.22,2.19,18.75,19577
2026-03-31,Urals,REF_003,19.25,30.37,10.18,9.16,3.45,4.58,23.02,42686
2026-04-07,Urals,REF_003,18.82,30.59,9.54,12.2,3.99,3.79,21.05,65271
2024-04-09,Urals,REF_004,22.51,27.52,10.8,14.49,5.44,2.79,16.44,78123
2024-04-16,Urals,REF_004,21.46,26.96,10.25,12.3,5.08,3.25,20.71,14023
2024-04-23,Urals,REF_004,22.13,28.07,10.04,9.88,3.11,2.0,24.77,16561
2024-04-30,Urals,REF_004,20.1,25.36,9.38,12.9,6.84,2.62,22.79,51907
2024-05-07,Urals,REF_004,22.63,28.34,9.56,10.24,3.97,2.47,22.8,51404
2024-05-14,Urals,REF_004,20.03,27.59,9.33,13.15,4.15,3.78,21.97,67458
2024-05-21,Urals,REF_004,21.35,25.31,9.42,9.72,5.3,2.23,26.66,56643
2024-05-28,Urals,REF_004,19.01,25.96,10.23,10.89,4.12,3.85,25.94,76624
2024-06-04,Urals,REF_004,19.68,25.81,10.13,14.76,3.86,3.96,21.8,91593
2024-06-11,Urals,REF_004,20.51,25.88,10.19,8.22,4.44,2.77,27.99,30215
2024-06-18,Urals,REF_004,19.38,27.56,10.76,10.69,3.2,4.16,24.25,58438
2024-06-25,Urals,REF_004,21.56,27.2,10.66,8.98,3.68,3.02,24.89,54224
2024-07-02,Urals,REF_004,22.37,28.24,10.6,9.56,5.92,3.15,20.17,93806
2024-07-09,Urals,REF_004,19.52,25.17,10.54,13.02,6.29,2.47,22.99,89631
2024-07-16,Urals,REF_004,21.38,27.22,10.02,13.35,4.66,2.4,20.98,58533
2024-07-23,Urals,REF_004,21.66,25.22,9.3,12.88,4.08,2.51,24.35,90045
2024-07-30,Urals,REF_004,19.31,25.99,9.71,11.33,4.45,4.74,24.48,69276
2024-08-06,Urals,REF_004,20.1,26.04,9.86,8.24,6.71,2.67,26.39,72783
2024-08-13,Urals,REF_004,21.78,27.92,9.19,11.76,3.33,4.41,21.61,53780
2024-08-20,Urals,REF_004,19.3,27.48,9.52,8.8,4.84,2.71,27.35,95519
2024-08-27,Urals,REF_004,20.11,26.9,10.75,10.76,4.43,2.49,24.56,94447
2024-09-03,Urals,REF_004,21.87,25.49,9.52,14.4,5.15,3.67,19.9,68333
2024-09-10,Urals,REF_004,21.71,28.37,10.46,14.54,6.28,2.14,16.5,20578
2024-09-17,Urals,REF_004,22.2,24.72,10.44,13.95,4.66,3.06,20.96,27496
2024-09-24,Urals,REF_004,18.86,27.59,9.0,14.61,4.19,4.38,21.37,15371
2024-10-01,Urals,REF_004,20.81,26.01,8.91,12.59,6.77,2.03,22.88,34339
2024-10-08,Urals,REF_004,21.48,28.09,9.24,8.5,3.03,2.65,27.02,16418
2024-10-15,Urals,REF_004,20.1,26.37,9.81,9.0,4.86,2.03,27.83,31547
2024-10-22,Urals,REF_004,20.14,25.08,10.48,9.41,6.02,3.42,25.44,53176
2024-10-29,Urals,REF_004,21.25,24.79,9.01,10.29,4.67,3.29,26.71,70919
2024-11-05,Urals,REF_004,18.67,28.45,9.2,9.74,6.62,2.02,25.3,99217
2024-11-12,Urals,REF_004,18.81,25.09,9.33,11.07,5.07,2.31,28.31,16630
2024-11-19,Urals,REF_004,18.79,25.64,10.7,10.73,6.06,2.57,25.52,15821
2024-11-26,Urals,REF_004,20.88,27.9,10.65,11.82,4.18,2.33,22.24,70104
2024-12-03,Urals,REF_004,19.79,27.99,10.06,14.01,5.27,4.32,18.57,36487
2024-12-10,Urals,REF_004,20.68,24.69,10.07,11.74,6.02,4.19,22.62,66485
2024-12-17,Urals,REF_004,18.89,28.22,8.89,13.62,4.92,4.45,21.0,51856
2024-12-24,Urals,REF_004,21.25,26.06,10.34,9.78,5.88,2.58,24.11,74995
2024-12-31,Urals,REF_004,19.84,25.72,10.48,13.7,5.77,4.77,19.73,24057
2025-01-07,Urals,REF_004,19.74,25.79,9.46,10.3,5.79,2.81,26.11,35732
2025-01-14,Urals,REF_004,20.95,25.38,9.58,8.41,6.81,2.95,25.92,86503
2025-01-21,Urals,REF_004,20.78,25.52,9.24,12.86,6.86,2.55,22.18,20387
2025-01-28,Urals,REF_004,20.21,26.18,10.47,11.28,3.25,4.76,23.84,43586
2025-02-04,Urals,REF_004,21.34,27.28,8.97,8.03,3.35,4.87,26.17,81459
2025-02-11,Urals,REF_004,19.19,27.07,10.08,8.0,4.72,4.14,26.81,26811
2025-02-18,Urals,REF_004,22.07,27.25,8.87,13.98,3.08,4.66,20.09,40034
2025-02-25,Urals,REF_004,21.46,27.76,9.42,10.5,5.04,3.75,22.08,36283
2025-03-04,Urals,REF_004,22.63,27.56,9.4,12.48,4.74,4.58,18.6,39605
2025-03-11,Urals,REF_004,19.42,24.79,10.82,10.51,3.88,3.48,27.1,36247
2025-03-18,Urals,REF_004,19.6,27.07,9.0,11.56,4.55,3.6,24.62,38839
2025-03-25,Urals,REF_004,20.95,24.94,9.61,9.66,4.75,3.2,26.9,66806
2025-04-01,Urals,REF_004,21.18,26.26,9.22,12.07,6.87,2.56,21.84,16215
2025-04-08,Urals,REF_004,19.72,26.26,9.47,13.84,4.97,2.74,23.0,95517
2025-04-15,Urals,REF_004,19.16,25.1,9.34,8.54,6.01,2.94,28.91,75685
2025-04-22,Urals,REF_004,21.72,25.56,9.89,11.64,6.49,2.08,22.63,38512
2025-04-29,Urals,REF_004,22.19,25.56,9.13,12.03,4.22,3.4,23.46,83801
2025-05-06,Urals,REF_004,20.75,26.67,9.41,13.55,5.96,2.7,20.96,38800
2025-05-13,Urals,REF_004,21.82,26.04,9.66,10.55,3.65,3.02,25.26,82264
2025-05-20,Urals,REF_004,20.63,26.44,9.17,9.24,3.17,2.04,29.31,53921
2025-05-27,Urals,REF_004,20.3,25.71,10.83,10.79,6.16,2.63,23.58,32233
2025-06-03,Urals,REF_004,20.94,24.63,8.89,9.0,3.89,3.58,29.08,71760
2025-06-10,Urals,REF_004,19.91,25.57,10.5,9.14,5.71,4.79,24.38,30898
2025-06-17,Urals,REF_004,19.01,28.53,9.4,9.93,4.94,2.69,25.51,99358
2025-06-24,Urals,REF_004,18.84,26.42,9.95,11.27,5.08,4.96,23.48,88921
2025-07-01,Urals,REF_004,19.9,26.82,8.85,10.87,3.66,4.13,25.78,29898
2025-07-08,Urals,REF_004,21.66,25.86,10.71,11.12,6.36,3.88,20.41,97965
2025-07-15,Urals,REF_004,21.64,27.52,9.38,11.53,4.16,2.06,23.71,73952
2025-07-22,Urals,REF_004,19.61,26.2,9.42,9.4,3.27,3.01,29.09,17357
2025-07-29,Urals,REF_004,20.83,24.69,10.73,14.77,4.22,2.78,21.99,19396
2025-08-05,Urals,REF_004,22.28,26.96,10.07,14.27,6.64,4.49,15.29,79609
2025-08-12,Urals,REF_004,22.17,28.11,9.59,14.81,5.84,3.11,16.36,49784
2025-08-19,Urals,REF_004,21.41,26.05,10.51,9.04,6.63,2.9,23.46,23744
2025-08-26,Urals,REF_004,22.1,25.57,10.54,10.07,6.74,2.66,22.33,16268
2025-09-02,Urals,REF_004,22.41,25.27,10.74,13.77,3.33,3.34,21.14,16605
2025-09-09,Urals,REF_004,19.98,26.02,10.05,14.83,3.68,2.99,22.45,62839
2025-09-16,Urals,REF_004,19.35,27.45,9.66,14.65,5.52,3.09,20.28,74752
2025-09-23,Urals,REF_004,22.02,27.81,9.38,10.92,4.81,3.17,21.9,37977
2025-09-30,Urals,REF_004,21.68,24.66,9.44,8.99,3.52,2.83,28.89,78593
2025-10-07,Urals,REF_004,22.54,26.67,9.53,13.8,3.27,2.28,21.91,41082
2025-10-14,Urals,REF_004,20.46,27.8,10.7,11.72,4.98,2.64,21.7,50606
2025-10-21,Urals,REF_004,22.36,26.18,9.28,10.36,5.06,3.8,22.97,48918
2025-10-28,Urals,REF_004,21.7,26.95,10.18,14.04,6.46,2.61,18.06,66101
2025-11-04,Urals,REF_004,21.53,25.19,10.54,9.26,6.2,2.48,24.79,76760
2025-11-11,Urals,REF_004,19.26,26.12,9.14,9.9,6.94,2.32,26.32,46581
2025-11-18,Urals,REF_004,21.37,24.99,9.07,9.0,5.58,4.73,25.26,84339
2025-11-25,Urals,REF_004,22.6,26.92,10.78,10.13,4.69,3.19,21.7,14262
2025-12-02,Urals,REF_004,21.98,24.71,10.31,10.85,3.02,2.87,26.25,41151
2025-12-09,Urals,REF_004,22.52,27.25,9.94,8.89,4.56,2.11,24.72,78551
2025-12-16,Urals,REF_004,19.32,26.99,10.25,10.57,5.53,4.29,23.06,26571
2025-12-23,Urals,REF_004,21.07,27.54,9.57,9.14,4.14,4.8,23.74,42170
2025-12-30,Urals,REF_004,19.1,24.94,9.21,8.89,4.98,3.04,29.83,85726
2026-01-06,Urals,REF_004,22.19,26.5,10.63,11.15,5.57,2.49,21.47,14732
2026-01-13,Urals,REF_004,19.3,25.62,10.36,9.21,3.52,4.78,27.2,71992
2026-01-20,Urals,REF_004,20.56,24.99,10.56,8.76,5.44,4.0,25.69,46012
2026-01-27,Urals,REF_004,22.31,24.81,10.49,11.88,5.44,4.96,20.11,62438
2026-02-03,Urals,REF_004,21.85,25.22,10.47,13.33,6.87,4.81,17.44,29258
2026-02-10,Urals,REF_004,20.52,28.26,10.14,11.25,3.44,3.06,23.35,69871
2026-02-17,Urals,REF_004,21.77,26.4,8.97,12.43,6.69,3.49,20.26,93558
2026-02-24,Urals,REF_004,20.08,28.15,10.43,14.73,6.16,2.96,17.48,91051
2026-03-03,Urals,REF_004,21.34,25.26,8.95,10.56,6.15,3.85,23.89,57441
2026-03-10,Urals,REF_004,18.68,26.35,9.17,11.18,6.97,4.64,23.01,37956
2026-03-17,Urals,REF_004,21.04,26.62,9.11,14.93,4.7,3.52,20.08,68283
2026-03-24,Urals,REF_004,19.43,25.5,9.24,10.69,3.8,4.78,26.56,74288
2026-03-31,Urals,REF_004,22.26,28.0,10.26,9.7,5.46,2.56,21.76,21922
2026-04-07,Urals,REF_004,21.19,27.11,9.17,10.47,3.27,4.15,24.65,98874
2024-04-09,Urals,REF_005,18.56,31.82,9.42,10.72,5.81,4.71,18.96,53762
2024-04-16,Urals,REF_005,22.03,30.99,9.15,11.63,6.44,3.61,16.15,77297
2024-04-23,Urals,REF_005,20.37,31.09,9.47,9.41,4.12,3.32,22.21,82863
2024-04-30,Urals,REF_005,21.5,29.56,10.01,10.91,5.28,3.94,18.79,35165
2024-05-07,Urals,REF_005,21.86,32.65,9.12,12.92,3.13,2.14,18.18,96201
2024-05-14,Urals,REF_005,20.96,30.21,10.25,13.92,6.48,2.06,16.12,83640
2024-05-21,Urals,REF_005,21.59,31.29,9.87,8.78,3.96,3.47,21.04,87857
2024-05-28,Urals,REF_005,21.39,30.89,10.48,13.36,5.32,2.66,15.9,41320
2024-06-04,Urals,REF_005,18.84,28.94,9.07,13.32,3.13,3.2,23.51,98720
2024-06-11,Urals,REF_005,21.36,31.91,9.45,12.49,4.99,3.87,15.91,49223
2024-06-18,Urals,REF_005,20.3,32.86,9.56,9.52,4.79,3.57,19.39,17706
2024-06-25,Urals,REF_005,21.4,30.6,9.73,12.61,6.09,4.96,14.61,25616
2024-07-02,Urals,REF_005,19.56,29.58,10.67,11.84,6.41,4.96,16.98,59518
2024-07-09,Urals,REF_005,18.65,30.35,8.98,13.95,3.07,3.78,21.22,19551
2024-07-16,Urals,REF_005,18.21,29.93,10.01,8.53,5.46,4.02,23.85,97272
2024-07-23,Urals,REF_005,21.78,31.18,10.49,10.55,5.34,3.21,17.46,40333
2024-07-30,Urals,REF_005,21.09,30.1,9.67,10.57,6.48,2.51,19.58,44332
2024-08-06,Urals,REF_005,21.73,28.97,10.8,14.29,4.67,3.96,15.58,99195
2024-08-13,Urals,REF_005,20.4,29.3,10.61,8.94,4.03,4.62,22.1,33042
2024-08-20,Urals,REF_005,21.16,30.7,10.42,9.63,4.68,2.95,20.46,32413
2024-08-27,Urals,REF_005,19.44,30.2,10.82,11.73,4.85,3.51,19.45,99651
2024-09-03,Urals,REF_005,20.79,31.72,9.53,11.3,3.74,4.06,18.86,41004
2024-09-10,Urals,REF_005,21.17,29.76,9.71,11.3,3.67,2.21,22.18,38536
2024-09-17,Urals,REF_005,20.36,31.52,9.76,11.5,5.17,3.54,18.15,18129
2024-09-24,Urals,REF_005,19.8,29.73,9.97,13.31,5.32,2.67,19.21,28698
2024-10-01,Urals,REF_005,18.33,30.61,9.77,9.66,6.06,3.16,22.42,70246
2024-10-08,Urals,REF_005,20.74,31.33,10.72,8.11,3.27,4.17,21.66,41817
2024-10-15,Urals,REF_005,22.13,29.77,9.27,12.12,4.12,3.02,19.57,92892
2024-10-22,Urals,REF_005,18.28,31.03,9.58,10.42,3.99,2.4,24.29,13103
2024-10-29,Urals,REF_005,22.13,31.55,10.46,8.46,3.06,3.8,20.54,75144
2024-11-05,Urals,REF_005,19.76,30.46,9.67,9.07,6.02,2.65,22.38,39196
2024-11-12,Urals,REF_005,20.86,28.91,10.44,14.29,3.21,3.77,18.51,46761
2024-11-19,Urals,REF_005,18.49,31.64,10.13,12.5,6.25,2.86,18.13,70936
2024-11-26,Urals,REF_005,21.15,29.58,10.82,10.38,5.85,4.26,17.95,55362
2024-12-03,Urals,REF_005,18.69,30.01,9.37,11.63,4.05,3.64,22.6,35938
2024-12-10,Urals,REF_005,18.18,30.36,10.12,13.42,3.11,2.77,22.03,98691
2024-12-17,Urals,REF_005,19.23,32.02,9.92,8.86,5.57,4.9,19.5,89814
2024-12-24,Urals,REF_005,20.94,30.96,9.54,10.5,4.38,4.77,18.91,29018
2024-12-31,Urals,REF_005,19.69,30.64,9.72,8.03,4.08,3.5,24.34,78444
2025-01-07,Urals,REF_005,20.46,30.45,10.24,12.66,3.99,2.31,19.89,82286
2025-01-14,Urals,REF_005,20.3,29.62,9.43,13.36,5.61,4.84,16.84,51845
2025-01-21,Urals,REF_005,18.39,31.71,9.42,10.27,3.79,2.93,23.51,84653
2025-01-28,Urals,REF_005,20.49,29.35,10.08,12.43,6.54,4.58,16.54,15658
2025-02-04,Urals,REF_005,21.65,29.11,9.21,8.78,3.73,4.41,23.11,71750
2025-02-11,Urals,REF_005,20.93,32.6,9.69,8.02,5.56,4.6,18.6,97863
2025-02-18,Urals,REF_005,19.63,32.2,10.6,9.01,5.53,2.52,20.51,50196
2025-02-25,Urals,REF_005,21.7,32.07,10.05,13.66,3.61,2.58,16.33,28797
2025-03-04,Urals,REF_005,21.28,32.47,10.03,14.71,5.91,3.69,11.9,65043
2025-03-11,Urals,REF_005,21.58,29.27,9.24,9.86,6.58,4.83,18.63,42055
2025-03-18,Urals,REF_005,21.87,31.1,9.85,13.83,5.18,3.36,14.8,11436
2025-03-25,Urals,REF_005,18.23,31.42,9.05,13.16,5.49,3.37,19.28,73882
2025-04-01,Urals,REF_005,22.15,29.89,10.02,13.9,3.07,2.61,18.36,56886
2025-04-08,Urals,REF_005,20.39,29.25,9.72,11.64,4.69,4.1,20.2,79422
2025-04-15,Urals,REF_005,20.02,30.61,10.32,11.89,6.48,3.44,17.24,61689
2025-04-22,Urals,REF_005,18.69,32.25,9.75,13.03,4.72,2.0,19.55,46036
2025-04-29,Urals,REF_005,18.77,30.5,9.55,9.42,3.5,4.19,24.08,77937
2025-05-06,Urals,REF_005,19.24,30.89,9.83,10.49,4.11,2.56,22.88,88560
2025-05-13,Urals,REF_005,21.51,30.58,10.35,11.49,3.34,4.47,18.26,29734
2025-05-20,Urals,REF_005,21.01,31.02,10.29,11.3,5.81,2.1,18.48,13676
2025-05-27,Urals,REF_005,21.76,31.91,10.56,11.2,4.84,3.6,16.13,31929
2025-06-03,Urals,REF_005,21.11,32.23,10.72,11.62,4.66,4.49,15.17,77739
2025-06-10,Urals,REF_005,21.65,31.53,10.67,8.62,5.72,2.27,19.54,77401
2025-06-17,Urals,REF_005,20.69,28.97,10.1,9.02,3.57,2.45,25.18,53544
2025-06-24,Urals,REF_005,18.64,29.41,9.42,8.01,4.1,3.86,26.56,64141
2025-07-01,Urals,REF_005,22.06,29.39,10.64,10.74,4.55,3.05,19.59,21226
2025-07-08,Urals,REF_005,20.09,32.06,10.66,14.74,6.14,3.87,12.44,54778
2025-07-15,Urals,REF_005,21.68,31.87,9.23,12.78,4.72,3.79,15.94,90851
2025-07-22,Urals,REF_005,20.79,32.66,10.64,8.9,3.05,3.15,20.81,87879
2025-07-29,Urals,REF_005,19.1,31.67,9.86,13.22,3.66,2.72,19.77,31827
2025-08-05,Urals,REF_005,20.37,30.07,10.53,10.43,5.64,4.85,18.11,64623
2025-08-12,Urals,REF_005,19.15,32.23,8.93,9.8,4.55,2.59,22.76,64361
2025-08-19,Urals,REF_005,20.41,30.54,9.49,11.04,4.16,2.66,21.69,41614
2025-08-26,Urals,REF_005,20.59,31.5,9.5,14.63,4.05,4.14,15.59,17333
2025-09-02,Urals,REF_005,20.84,30.75,10.04,9.29,4.73,4.3,20.05,79037
2025-09-09,Urals,REF_005,19.13,30.32,8.91,8.63,3.51,2.88,26.62,78311
2025-09-16,Urals,REF_005,20.22,32.08,10.42,12.11,5.0,4.79,15.38,61234
2025-09-23,Urals,REF_005,20.11,32.39,9.05,12.59,3.45,4.46,17.95,81339
2025-09-30,Urals,REF_005,20.19,31.55,10.45,11.38,6.62,3.31,16.48,90282
2025-10-07,Urals,REF_005,20.51,30.61,8.91,10.07,6.47,3.29,20.14,47932
2025-10-14,Urals,REF_005,20.14,30.05,9.89,10.63,6.64,3.69,18.96,85073
2025-10-21,Urals,REF_005,20.93,29.76,10.64,8.61,4.79,2.72,22.55,58379
2025-10-28,Urals,REF_005,19.38,31.8,10.78,12.96,4.42,3.8,16.86,89967
2025-11-04,Urals,REF_005,19.26,29.38,9.17,11.46,5.93,3.97,20.83,50850
2025-11-11,Urals,REF_005,21.1,31.44,10.16,9.42,4.25,3.03,20.6,82737
2025-11-18,Urals,REF_005,21.28,29.92,9.02,13.37,4.64,2.66,19.11,20531
2025-11-25,Urals,REF_005,18.23,30.62,9.58,12.88,6.91,2.62,19.16,31873
2025-12-02,Urals,REF_005,19.53,30.77,10.3,10.46,3.42,4.19,21.33,81517
2025-12-09,Urals,REF_005,19.17,29.46,9.96,9.46,4.5,4.33,23.13,29764
2025-12-16,Urals,REF_005,21.4,31.61,9.34,11.68,5.46,2.6,17.9,23045
2025-12-23,Urals,REF_005,20.3,31.68,9.84,8.49,6.7,4.08,18.9,65907
2025-12-30,Urals,REF_005,20.75,30.5,10.87,8.93,5.96,3.26,19.72,89298
2026-01-06,Urals,REF_005,21.05,31.16,10.78,14.39,3.21,2.58,16.84,70844
2026-01-13,Urals,REF_005,21.87,30.63,8.98,12.5,3.78,3.66,18.58,44621
2026-01-20,Urals,REF_005,20.41,32.64,9.88,8.24,5.32,2.98,20.53,80032
2026-01-27,Urals,REF_005,20.06,31.87,10.72,10.54,6.96,2.45,17.4,67953
2026-02-03,Urals,REF_005,18.32,29.76,10.17,8.32,3.41,2.87,27.14,61807
2026-02-10,Urals,REF_005,18.24,30.84,10.16,10.82,3.27,3.83,22.84,64525
2026-02-17,Urals,REF_005,20.2,31.68,9.32,12.75,3.65,3.18,19.22,16080
2026-02-24,Urals,REF_005,21.46,31.06,10.85,14.6,6.99,2.3,12.74,64592
2026-03-03,Urals,REF_005,19.81,31.04,9.52,8.34,5.83,4.9,20.56,57914
2026-03-10,Urals,REF_005,19.5,32.66,9.63,14.4,6.42,3.59,13.79,70918
2026-03-17,Urals,REF_005,20.98,31.47,9.23,12.85,3.01,4.13,18.33,59935
2026-03-24,Urals,REF_005,19.22,32.12,9.72,11.4,3.11,3.2,21.23,25062
2026-03-31,Urals,REF_005,19.28,29.92,9.0,11.22,5.09,3.71,21.77,51599
2026-04-07,Urals,REF_005,21.66,29.06,10.13,14.06,3.16,3.49,18.43,63012
2024-04-09,Maya,REF_001,16.61,26.03,11.67,13.23,4.38,3.47,24.62,69806
2024-04-16,Maya,REF_001,15.71,27.28,10.64,10.04,4.24,4.81,27.27,85030
2024-04-23,Maya,REF_001,16.6,27.02,10.25,12.55,4.31,3.84,25.43,85621
2024-04-30,Maya,REF_001,14.52,27.2,11.27,9.45,5.59,3.66,28.32,79058
2024-05-07,Maya,REF_001,14.78,26.54,12.14,12.82,5.74,2.95,25.03,18449
2024-05-14,Maya,REF_001,18.13,25.19,12.13,8.88,3.68,2.93,29.06,56113
2024-05-21,Maya,REF_001,17.5,28.65,10.86,8.14,5.47,4.13,25.25,45769
2024-05-28,Maya,REF_001,15.07,25.99,11.45,11.46,5.97,2.65,27.4,85778
2024-06-04,Maya,REF_001,14.96,26.09,11.32,13.16,4.06,4.84,25.56,73550
2024-06-11,Maya,REF_001,15.21,27.67,11.54,13.27,6.66,4.14,21.52,41671
2024-06-18,Maya,REF_001,17.5,27.55,11.29,10.48,6.68,3.54,22.96,66529
2024-06-25,Maya,REF_001,16.0,27.89,10.82,13.67,3.43,4.13,24.05,52919
2024-07-02,Maya,REF_001,17.13,26.89,10.41,11.34,6.86,4.26,23.1,37017
2024-07-09,Maya,REF_001,18.11,27.88,10.87,12.23,4.71,2.29,23.91,82542
2024-07-16,Maya,REF_001,15.1,26.6,11.55,14.53,3.25,3.18,25.8,65318
2024-07-23,Maya,REF_001,17.45,28.45,10.14,12.39,3.03,4.36,24.17,23469
2024-07-30,Maya,REF_001,17.91,25.39,11.67,10.03,5.23,3.83,25.95,28608
2024-08-06,Maya,REF_001,15.53,25.2,10.15,9.68,5.06,4.14,30.24,81420
2024-08-13,Maya,REF_001,14.62,25.86,11.68,11.37,3.73,3.18,29.57,34303
2024-08-20,Maya,REF_001,14.54,27.82,10.73,14.62,6.55,4.15,21.6,39397
2024-08-27,Maya,REF_001,15.46,26.67,10.85,14.31,3.49,4.17,25.05,64980
2024-09-03,Maya,REF_001,17.56,26.94,11.4,14.74,3.37,2.31,23.68,45424
2024-09-10,Maya,REF_001,16.23,25.57,10.31,8.16,6.06,3.46,30.23,85906
2024-09-17,Maya,REF_001,15.78,27.58,11.12,12.28,4.48,2.24,26.51,95263
2024-09-24,Maya,REF_001,17.68,26.02,12.06,10.1,4.77,4.27,25.1,37810
2024-10-01,Maya,REF_001,15.63,26.41,11.08,8.87,3.07,4.76,30.19,41786
2024-10-08,Maya,REF_001,14.74,27.8,10.73,9.27,6.85,4.76,25.84,19517
2024-10-15,Maya,REF_001,17.93,28.33,11.41,11.71,3.87,2.36,24.38,64573
2024-10-22,Maya,REF_001,17.62,27.52,10.5,10.03,5.19,3.87,25.26,16502
2024-10-29,Maya,REF_001,16.79,27.71,10.51,9.72,4.04,4.82,26.41,46631
2024-11-05,Maya,REF_001,16.46,27.66,10.89,8.74,5.62,4.0,26.63,33449
2024-11-12,Maya,REF_001,14.48,27.43,11.55,8.18,5.77,4.82,27.77,26090
2024-11-19,Maya,REF_001,16.42,27.55,10.6,13.26,6.47,4.44,21.24,33300
2024-11-26,Maya,REF_001,17.55,26.42,10.68,9.18,6.64,3.28,26.26,87915
2024-12-03,Maya,REF_001,14.97,27.84,10.36,8.12,6.98,2.22,29.5,51538
2024-12-10,Maya,REF_001,17.85,28.05,11.08,12.28,5.52,2.33,22.9,35641
2024-12-17,Maya,REF_001,15.54,26.28,10.69,9.76,4.42,3.14,30.17,53850
2024-12-24,Maya,REF_001,15.03,27.92,11.86,9.74,3.49,4.17,27.79,93182
2024-12-31,Maya,REF_001,14.48,24.83,10.51,12.79,6.86,4.25,26.28,61572
2025-01-07,Maya,REF_001,17.14,25.69,11.52,10.25,3.89,2.71,28.8,70100
2025-01-14,Maya,REF_001,17.41,27.09,10.27,8.27,3.87,2.86,30.24,46433
2025-01-21,Maya,REF_001,14.64,27.67,11.57,10.43,5.25,2.3,28.14,47369
2025-01-28,Maya,REF_001,17.77,27.41,10.35,13.93,5.72,3.36,21.46,72288
2025-02-04,Maya,REF_001,15.03,26.97,11.38,14.49,3.27,3.12,25.74,94313
2025-02-11,Maya,REF_001,15.21,28.02,10.15,8.18,4.31,4.31,29.83,19372
2025-02-18,Maya,REF_001,15.87,25.29,10.59,11.52,4.28,2.64,29.82,45414
2025-02-25,Maya,REF_001,17.14,25.25,11.1,9.92,4.51,4.46,27.61,93675
2025-03-04,Maya,REF_001,15.31,27.29,11.5,13.9,6.6,3.4,22.01,98431
2025-03-11,Maya,REF_001,18.22,26.79,11.23,12.67,4.5,3.99,22.6,56285
2025-03-18,Maya,REF_001,14.48,28.18,12.02,8.18,6.16,3.16,27.82,62706
2025-03-25,Maya,REF_001,16.34,26.97,11.13,13.97,5.73,3.24,22.61,71971
2025-04-01,Maya,REF_001,18.2,25.09,10.92,14.09,5.96,4.8,20.94,13582
2025-04-08,Maya,REF_001,17.79,27.93,11.77,12.18,3.21,3.62,23.5,46697
2025-04-15,Maya,REF_001,16.44,27.73,11.33,10.05,5.4,2.25,26.8,10482
2025-04-22,Maya,REF_001,15.94,27.8,11.79,11.85,6.47,2.38,23.78,96769
2025-04-29,Maya,REF_001,18.02,27.16,10.26,11.18,3.72,3.89,25.77,27096
2025-05-06,Maya,REF_001,16.26,25.59,10.51,9.74,3.12,4.15,30.64,37605
2025-05-13,Maya,REF_001,17.13,27.38,10.27,10.18,5.27,4.76,25.01,46118
2025-05-20,Maya,REF_001,16.36,27.77,11.75,14.46,4.99,2.58,22.09,78797
2025-05-27,Maya,REF_001,14.84,26.44,11.4,12.84,5.93,2.58,25.97,98348
2025-06-03,Maya,REF_001,15.05,25.15,11.47,14.37,5.24,3.79,24.93,58463
2025-06-10,Maya,REF_001,14.51,27.49,10.86,14.55,3.75,2.91,25.94,55436
2025-06-17,Maya,REF_001,16.25,26.37,10.77,9.03,6.28,3.35,27.95,61566
2025-06-24,Maya,REF_001,16.52,27.07,11.55,12.41,4.1,3.66,24.69,32006
2025-07-01,Maya,REF_001,16.69,26.5,10.22,13.14,4.1,4.76,24.59,35250
2025-07-08,Maya,REF_001,18.32,26.62,10.2,8.53,3.33,2.17,30.83,34101
2025-07-15,Maya,REF_001,15.63,25.21,11.02,10.56,5.55,2.59,29.44,92258
2025-07-22,Maya,REF_001,16.4,27.26,10.22,11.91,4.47,4.77,24.96,89707
2025-07-29,Maya,REF_001,16.89,27.84,11.43,8.12,5.81,2.53,27.38,71431
2025-08-05,Maya,REF_001,14.38,26.01,11.18,10.33,5.78,3.57,28.76,96370
2025-08-12,Maya,REF_001,15.77,27.65,11.81,9.78,6.02,3.18,25.79,21585
2025-08-19,Maya,REF_001,14.35,27.74,10.51,8.36,4.99,3.04,31.0,72262
2025-08-26,Maya,REF_001,14.77,25.3,10.95,11.64,6.3,3.76,27.29,91233
2025-09-02,Maya,REF_001,15.21,27.15,11.45,13.08,6.95,3.4,22.75,43238
2025-09-09,Maya,REF_001,17.75,25.47,10.22,11.11,3.99,3.19,28.28,98747
2025-09-16,Maya,REF_001,15.73,27.6,10.64,10.12,3.97,3.72,28.21,30349
2025-09-23,Maya,REF_001,17.21,27.49,10.98,8.18,3.09,3.6,29.45,85527
2025-09-30,Maya,REF_001,16.73,26.51,11.91,9.38,4.44,3.7,27.34,36250
2025-10-07,Maya,REF_001,18.33,26.58,10.25,9.23,5.13,3.65,26.84,98572
2025-10-14,Maya,REF_001,16.74,27.43,10.57,8.75,5.41,4.59,26.51,62863
2025-10-21,Maya,REF_001,16.11,27.08,11.08,8.99,5.96,3.6,27.18,45939
2025-10-28,Maya,REF_001,16.57,25.73,11.0,12.36,3.9,4.25,26.19,56890
2025-11-04,Maya,REF_001,17.78,28.16,11.13,9.37,5.95,3.26,24.36,63516
2025-11-11,Maya,REF_001,14.77,27.29,10.89,10.34,6.92,3.3,26.5,71023
2025-11-18,Maya,REF_001,16.85,25.18,11.64,10.26,6.2,3.82,26.05,38538
2025-11-25,Maya,REF_001,15.76,27.69,11.24,12.68,3.63,4.36,24.63,38835
2025-12-02,Maya,REF_001,16.82,25.23,10.79,12.54,4.1,4.64,25.89,69510
2025-12-09,Maya,REF_001,17.82,26.35,10.21,12.03,4.36,3.34,25.89,71299
2025-12-16,Maya,REF_001,17.14,24.88,11.68,11.45,5.23,2.89,26.73,47875
2025-12-23,Maya,REF_001,17.18,27.87,10.92,12.84,4.03,4.5,22.67,64883
2025-12-30,Maya,REF_001,17.44,26.68,10.6,11.0,4.53,3.0,26.76,29095
2026-01-06,Maya,REF_001,17.37,25.11,11.92,9.23,6.92,4.97,24.49,45854
2026-01-13,Maya,REF_001,18.29,28.24,10.31,14.63,3.17,2.55,22.81,62613
2026-01-20,Maya,REF_001,14.66,25.41,12.05,14.96,6.19,3.55,23.18,91027
2026-01-27,Maya,REF_001,14.78,28.54,10.85,14.03,5.67,4.88,21.25,87821
2026-02-03,Maya,REF_001,17.89,27.29,11.81,13.3,3.65,3.95,22.12,23335
2026-02-10,Maya,REF_001,17.81,25.03,12.12,10.8,3.68,4.81,25.74,14088
2026-02-17,Maya,REF_001,16.22,27.85,10.78,11.7,5.8,4.86,22.8,19243
2026-02-24,Maya,REF_001,14.97,26.8,10.98,10.88,4.19,3.68,28.51,89495
2026-03-03,Maya,REF_001,14.98,25.63,11.48,8.39,5.7,2.94,30.88,42206
2026-03-10,Maya,REF_001,15.96,26.17,11.82,14.62,5.19,3.75,22.49,16343
2026-03-17,Maya,REF_001,17.19,27.1,10.24,9.39,3.81,2.51,29.75,69278
2026-03-24,Maya,REF_001,18.05,27.82,11.1,10.83,4.55,3.8,23.86,42329
2026-03-31,Maya,REF_001,15.24,27.18,10.92,8.1,3.09,2.82,32.65,56117
2026-04-07,Maya,REF_001,15.75,24.86,10.59,8.67,6.79,2.94,30.39,11328
2024-04-09,Maya,REF_002,18.23,28.56,11.21,12.59,5.83,3.28,20.3,96596
2024-04-16,Maya,REF_002,19.32,25.59,9.5,9.46,5.29,2.74,28.12,68882
2024-04-23,Maya,REF_002,19.15,28.17,10.38,12.36,5.23,4.66,20.05,15707
2024-04-30,Maya,REF_002,17.89,27.43,10.8,11.04,4.41,2.83,25.59,31095
2024-05-07,Maya,REF_002,21.27,25.81,10.56,13.51,3.09,2.1,23.66,39982
2024-05-14,Maya,REF_002,20.41,25.67,9.27,10.02,3.36,2.66,28.62,39987
2024-05-21,Maya,REF_002,18.14,27.45,9.78,12.63,5.4,4.69,21.91,17913
2024-05-28,Maya,REF_002,18.48,28.09,10.91,9.34,3.43,4.57,25.17,26032
2024-06-04,Maya,REF_002,21.11,28.47,9.71,13.88,4.7,4.37,17.77,46665
2024-06-11,Maya,REF_002,17.91,27.48,9.57,14.49,4.67,2.25,23.64,30563
2024-06-18,Maya,REF_002,21.07,25.91,10.98,9.21,4.87,4.63,23.32,14356
2024-06-25,Maya,REF_002,18.84,28.27,10.46,13.01,6.37,3.57,19.48,86082
2024-07-02,Maya,REF_002,20.18,27.37,9.57,14.57,6.18,2.76,19.36,62199
2024-07-09,Maya,REF_002,19.13,27.27,11.25,8.32,6.81,2.22,25.0,51468
2024-07-16,Maya,REF_002,19.55,25.7,10.4,13.84,4.18,2.21,24.12,66905
2024-07-23,Maya,REF_002,20.63,28.45,9.59,14.31,4.93,2.71,19.39,96647
2024-07-30,Maya,REF_002,18.58,27.56,10.84,11.01,5.76,3.72,22.53,27282
2024-08-06,Maya,REF_002,20.66,28.34,10.24,14.96,4.71,3.44,17.64,70650
2024-08-13,Maya,REF_002,18.37,28.23,10.87,14.11,5.44,4.65,18.33,71197
2024-08-20,Maya,REF_002,19.67,28.35,10.15,11.5,3.68,4.84,21.8,29894
2024-08-27,Maya,REF_002,18.43,25.03,10.17,9.92,5.96,2.92,27.56,74869
2024-09-03,Maya,REF_002,18.41,25.55,10.88,10.6,3.45,4.88,26.24,25965
2024-09-10,Maya,REF_002,18.22,26.06,9.46,9.09,6.39,2.51,28.27,20028
2024-09-17,Maya,REF_002,21.14,26.4,9.58,12.07,3.17,3.28,24.35,63128
2024-09-24,Maya,REF_002,21.45,25.93,10.8,8.93,4.73,2.67,25.48,54322
2024-10-01,Maya,REF_002,19.29,28.55,11.1,12.08,3.71,3.67,21.61,81287
2024-10-08,Maya,REF_002,17.78,26.36,9.35,9.71,3.37,4.88,28.55,25194
2024-10-15,Maya,REF_002,18.22,28.52,10.3,13.31,4.31,3.6,21.75,10616
2024-10-22,Maya,REF_002,19.26,26.85,10.3,10.84,6.15,3.5,23.1,67250
2024-10-29,Maya,REF_002,18.36,28.07,9.99,11.37,4.41,4.68,23.11,91066
2024-11-05,Maya,REF_002,18.52,27.64,9.47,8.21,6.35,2.39,27.42,23930
2024-11-12,Maya,REF_002,20.05,27.89,9.65,8.8,3.31,2.07,28.23,20483
2024-11-19,Maya,REF_002,21.39,25.01,10.46,14.45,5.51,2.1,21.08,63677
2024-11-26,Maya,REF_002,21.24,25.92,9.89,9.74,5.02,2.71,25.47,75140
2024-12-03,Maya,REF_002,20.2,26.23,10.71,8.69,6.0,3.81,24.36,66707
2024-12-10,Maya,REF_002,17.88,27.1,10.26,11.4,4.29,2.02,27.05,48037
2024-12-17,Maya,REF_002,19.23,26.32,10.49,10.1,4.08,3.49,26.29,63308
2024-12-24,Maya,REF_002,19.89,28.15,10.81,8.37,5.25,3.25,24.28,42494
2024-12-31,Maya,REF_002,21.46,26.45,10.71,14.77,3.6,2.16,20.85,38225
2025-01-07,Maya,REF_002,17.8,25.09,11.25,14.72,5.77,4.26,21.11,22644
2025-01-14,Maya,REF_002,20.0,25.24,10.02,10.42,5.46,2.24,26.61,19311
2025-01-21,Maya,REF_002,20.06,27.17,9.95,9.03,6.54,2.16,25.09,74563
2025-01-28,Maya,REF_002,18.18,27.18,10.59,13.63,4.58,2.07,23.77,82994
2025-02-04,Maya,REF_002,19.4,28.02,10.82,11.49,7.0,3.39,19.89,72685
2025-02-11,Maya,REF_002,20.3,26.7,10.44,13.59,5.29,3.35,20.33,69587
2025-02-18,Maya,REF_002,17.77,25.06,9.52,10.98,6.49,3.93,26.25,97535
2025-02-25,Maya,REF_002,17.78,27.52,9.9,8.16,6.3,2.49,27.85,29266
2025-03-04,Maya,REF_002,18.99,27.78,10.52,9.85,3.67,2.33,26.86,23483
2025-03-11,Maya,REF_002,21.1,28.32,11.2,13.84,6.55,4.45,14.54,96225
2025-03-18,Maya,REF_002,21.01,26.48,9.91,12.09,5.43,3.72,21.36,73605
2025-03-25,Maya,REF_002,20.42,24.98,9.84,14.23,5.36,2.99,22.19,86541
2025-04-01,Maya,REF_002,18.62,26.26,9.82,14.1,5.91,3.38,21.9,93907
2025-04-08,Maya,REF_002,21.33,27.47,11.05,13.04,5.51,3.26,18.33,34612
2025-04-15,Maya,REF_002,17.86,27.83,9.51,10.87,3.94,3.36,26.62,38348
2025-04-22,Maya,REF_002,20.94,28.54,11.15,12.36,6.92,3.2,16.89,57023
2025-04-29,Maya,REF_002,18.65,28.22,9.63,12.27,6.2,3.79,21.25,17089
2025-05-06,Maya,REF_002,20.07,27.7,9.64,13.16,6.51,4.96,17.96,46905
2025-05-13,Maya,REF_002,17.72,26.3,10.59,14.24,6.75,4.73,19.66,69216
2025-05-20,Maya,REF_002,20.35,24.64,9.99,14.35,5.76,3.4,21.5,19382
2025-05-27,Maya,REF_002,18.61,26.85,11.06,8.67,3.62,3.97,27.23,36473
2025-06-03,Maya,REF_002,18.3,25.34,10.25,12.09,6.62,3.59,23.81,72214
2025-06-10,Maya,REF_002,18.35,27.48,10.56,9.51,5.68,2.63,25.78,63421
2025-06-17,Maya,REF_002,20.3,27.4,11.09,14.63,6.24,4.64,15.7,11739
2025-06-24,Maya,REF_002,19.07,24.79,9.72,10.67,6.47,3.54,25.75,68397
2025-07-01,Maya,REF_002,19.08,27.04,10.9,10.11,6.73,2.64,23.51,92737
2025-07-08,Maya,REF_002,17.74,26.8,11.24,12.27,5.22,4.05,22.69,36037
2025-07-15,Maya,REF_002,17.84,25.63,9.62,14.46,6.41,2.95,23.08,85246
2025-07-22,Maya,REF_002,18.47,25.43,10.8,10.29,3.26,4.16,27.59,99064
2025-07-29,Maya,REF_002,19.89,25.68,10.01,12.54,5.81,4.66,21.41,91795
2025-08-05,Maya,REF_002,21.07,27.22,10.17,12.76,5.67,2.65,20.47,55679
2025-08-12,Maya,REF_002,18.46,28.22,9.91,13.64,4.51,4.29,20.97,29882
2025-08-19,Maya,REF_002,20.68,25.35,10.25,8.8,5.11,4.46,25.36,77999
2025-08-26,Maya,REF_002,17.83,26.6,10.97,12.55,3.24,2.98,25.84,60092
2025-09-02,Maya,REF_002,18.31,27.35,10.54,9.42,5.2,4.44,24.74,43734
2025-09-09,Maya,REF_002,18.61,27.43,9.41,13.83,6.77,4.89,19.05,48928
2025-09-16,Maya,REF_002,20.12,28.06,9.71,8.19,4.54,4.65,24.73,55456
2025-09-23,Maya,REF_002,19.74,27.39,10.42,8.38,5.24,3.94,24.88,67743
2025-09-30,Maya,REF_002,20.54,26.71,11.07,11.25,5.07,4.34,21.03,84991
2025-10-07,Maya,REF_002,20.22,25.13,9.93,8.14,4.18,3.71,28.69,82470
2025-10-14,Maya,REF_002,19.97,24.79,9.79,12.05,5.84,4.6,22.98,97088
2025-10-21,Maya,REF_002,21.19,26.5,10.76,9.68,3.26,2.17,26.45,31717
2025-10-28,Maya,REF_002,17.77,28.03,10.25,13.68,6.76,4.98,18.53,94344
2025-11-04,Maya,REF_002,20.49,26.4,10.46,13.72,6.59,4.87,17.48,75754
2025-11-11,Maya,REF_002,19.78,28.5,11.18,11.34,5.59,4.43,19.17,48977
2025-11-18,Maya,REF_002,20.94,25.07,10.23,11.38,5.74,2.35,24.29,19288
2025-11-25,Maya,REF_002,21.23,25.84,9.92,13.44,4.66,4.5,20.41,46132
2025-12-02,Maya,REF_002,20.67,26.73,11.14,10.29,4.45,4.91,21.81,76377
2025-12-09,Maya,REF_002,20.71,25.81,10.33,10.19,4.04,3.61,25.3,98898
2025-12-16,Maya,REF_002,18.48,25.6,9.75,13.54,5.04,3.15,24.43,85941
2025-12-23,Maya,REF_002,18.81,26.2,9.41,8.83,3.55,3.04,30.16,57167
2025-12-30,Maya,REF_002,17.63,25.39,9.62,9.77,3.66,2.59,31.34,98549
2026-01-06,Maya,REF_002,20.0,27.68,10.91,12.67,5.82,3.9,19.03,68443
2026-01-13,Maya,REF_002,21.34,25.37,9.82,8.65,6.35,3.35,25.13,91639
2026-01-20,Maya,REF_002,19.27,26.4,10.16,12.29,6.06,3.05,22.76,66714
2026-01-27,Maya,REF_002,18.44,26.84,10.36,14.22,6.58,3.46,20.09,12213
2026-02-03,Maya,REF_002,21.0,24.63,10.22,8.14,4.41,3.91,27.69,43408
2026-02-10,Maya,REF_002,21.33,27.19,10.56,10.62,3.15,4.21,22.93,74462
2026-02-17,Maya,REF_002,19.74,26.29,10.34,13.23,5.85,3.97,20.57,91339
2026-02-24,Maya,REF_002,20.06,24.69,10.5,12.29,3.28,3.28,25.9,68598
2026-03-03,Maya,REF_002,20.44,28.2,10.95,8.82,5.44,3.79,22.37,37337
2026-03-10,Maya,REF_002,18.36,25.43,9.62,13.64,3.59,2.79,26.56,29600
2026-03-17,Maya,REF_002,20.48,25.26,9.32,10.62,4.22,3.19,26.92,77843
2026-03-24,Maya,REF_002,17.67,24.78,9.78,14.22,3.68,4.99,24.88,82512
2026-03-31,Maya,REF_002,19.45,27.62,10.3,11.96,5.32,3.95,21.4,15468
2026-04-07,Maya,REF_002,20.09,27.49,9.89,14.85,3.58,4.73,19.37,70880
2024-04-09,Maya,REF_003,19.03,31.95,10.43,11.25,6.75,2.82,17.76,14497
2024-04-16,Maya,REF_003,19.98,30.55,11.09,12.08,5.49,3.31,17.5,55679
2024-04-23,Maya,REF_003,21.62,32.96,11.74,9.13,4.44,4.65,15.46,48120
2024-04-30,Maya,REF_003,21.47,31.09,12.05,8.25,4.74,4.1,18.31,87720
2024-05-07,Maya,REF_003,20.09,29.83,12.1,12.02,3.43,3.39,19.14,72904
2024-05-14,Maya,REF_003,19.45,32.62,11.17,12.08,3.84,3.54,17.29,30057
2024-05-21,Maya,REF_003,18.55,30.25,10.42,9.14,4.7,2.39,24.55,22004
2024-05-28,Maya,REF_003,21.52,30.84,11.13,9.87,5.05,3.79,17.79,47636
2024-06-04,Maya,REF_003,19.23,31.93,12.23,14.14,3.47,3.96,15.04,10634
2024-06-11,Maya,REF_003,20.18,30.99,11.31,12.12,5.97,4.19,15.24,14003
2024-06-18,Maya,REF_003,20.6,32.45,10.46,10.26,6.17,3.48,16.58,72540
2024-06-25,Maya,REF_003,19.66,33.05,12.2,9.97,4.54,3.29,17.29,19378
2024-07-02,Maya,REF_003,19.27,32.23,12.02,14.2,3.06,4.37,14.85,55236
2024-07-09,Maya,REF_003,18.47,31.13,12.02,11.04,6.96,3.85,16.53,54078
2024-07-16,Maya,REF_003,18.83,29.18,11.55,12.04,5.07,3.61,19.72,85917
2024-07-23,Maya,REF_003,18.92,31.33,11.69,9.47,6.7,4.21,17.68,14796
2024-07-30,Maya,REF_003,21.11,32.85,11.91,10.98,6.98,2.37,13.79,58294
2024-08-06,Maya,REF_003,18.33,30.89,12.18,13.56,6.13,3.06,15.85,94084
2024-08-13,Maya,REF_003,19.12,29.29,11.6,10.54,3.61,4.8,21.02,67351
2024-08-20,Maya,REF_003,21.41,31.46,10.45,8.21,6.6,2.12,19.74,65365
2024-08-27,Maya,REF_003,18.84,31.88,10.9,8.26,5.92,2.93,21.26,59571
2024-09-03,Maya,REF_003,20.75,31.94,11.02,13.23,6.7,3.83,12.52,73315
2024-09-10,Maya,REF_003,21.11,32.51,11.03,14.94,3.11,4.96,12.33,32139
2024-09-17,Maya,REF_003,19.41,32.67,10.82,9.57,5.57,4.12,17.84,10672
2024-09-24,Maya,REF_003,19.45,31.09,10.87,11.82,3.62,2.97,20.18,74191
2024-10-01,Maya,REF_003,21.15,31.49,10.48,12.75,6.59,3.51,14.03,54432
2024-10-08,Maya,REF_003,21.62,31.68,11.94,12.53,3.88,2.85,15.51,69913
2024-10-15,Maya,REF_003,19.47,30.75,10.37,14.19,6.54,3.38,15.29,73066
2024-10-22,Maya,REF_003,18.36,31.15,11.2,12.6,4.88,3.5,18.32,36614
2024-10-29,Maya,REF_003,17.84,32.8,10.35,9.97,4.79,2.96,21.29,59672
2024-11-05,Maya,REF_003,19.5,30.15,10.5,8.96,4.95,4.54,21.4,19057
2024-11-12,Maya,REF_003,20.36,32.3,10.88,12.68,5.75,4.12,13.91,90172
2024-11-19,Maya,REF_003,19.24,30.11,11.41,8.44,4.34,4.65,21.81,57885
2024-11-26,Maya,REF_003,19.4,30.19,10.83,9.66,6.32,4.96,18.65,58131
2024-12-03,Maya,REF_003,17.97,32.14,12.08,14.52,5.52,3.52,14.26,65847
2024-12-10,Maya,REF_003,17.7,31.75,11.75,13.05,5.25,4.1,16.39,67494
2024-12-17,Maya,REF_003,18.11,32.73,11.57,13.09,4.37,4.76,15.37,55235
2024-12-24,Maya,REF_003,20.37,32.94,12.16,12.51,3.66,4.85,13.51,98572
2024-12-31,Maya,REF_003,18.06,30.93,11.42,8.64,3.76,3.61,23.56,96678
2025-01-07,Maya,REF_003,17.76,32.78,12.12,14.0,4.51,3.47,15.35,46323
2025-01-14,Maya,REF_003,21.44,31.22,10.49,9.92,4.85,4.86,17.23,61205
2025-01-21,Maya,REF_003,20.43,29.49,12.08,11.77,6.68,3.34,16.2,71477
2025-01-28,Maya,REF_003,19.53,29.7,10.87,8.47,4.76,3.95,22.71,31934
2025-02-04,Maya,REF_003,19.61,30.97,11.39,9.29,5.14,3.09,20.51,35743
2025-02-11,Maya,REF_003,19.99,29.72,12.13,14.54,5.64,2.91,15.06,66340
2025-02-18,Maya,REF_003,20.06,30.7,10.9,9.18,3.87,3.96,21.34,89730
2025-02-25,Maya,REF_003,19.19,29.62,10.35,10.84,3.93,2.97,23.1,31750
2025-03-04,Maya,REF_003,20.31,31.69,12.15,12.9,3.66,4.25,15.04,26314
2025-03-11,Maya,REF_003,19.88,29.44,10.42,11.25,3.42,2.92,22.66,40495
2025-03-18,Maya,REF_003,20.73,30.46,11.32,13.41,3.82,4.41,15.85,84861
2025-03-25,Maya,REF_003,21.61,30.91,11.07,12.91,3.23,2.12,18.15,40149
2025-04-01,Maya,REF_003,20.57,29.6,11.6,9.89,5.61,3.37,19.37,20363
2025-04-08,Maya,REF_003,18.64,30.01,10.66,11.28,6.82,3.97,18.62,85240
2025-04-15,Maya,REF_003,21.57,31.29,10.8,14.49,5.8,4.88,11.16,68592
2025-04-22,Maya,REF_003,20.75,32.69,11.85,11.94,4.89,4.47,13.41,79478
2025-04-29,Maya,REF_003,19.12,31.13,11.6,8.2,3.99,2.75,23.22,89490
2025-05-06,Maya,REF_003,18.98,31.31,11.99,9.82,3.5,4.85,19.56,73421
2025-05-13,Maya,REF_003,18.36,32.41,11.9,13.86,4.1,3.35,16.02,72430
2025-05-20,Maya,REF_003,19.21,29.41,10.6,12.18,4.5,2.02,22.08,79016
2025-05-27,Maya,REF_003,19.32,30.39,11.75,11.19,5.78,2.04,19.54,10847
2025-06-03,Maya,REF_003,19.89,33.06,10.87,12.78,3.69,2.93,16.77,17026
2025-06-10,Maya,REF_003,21.17,30.37,10.79,13.11,3.8,2.72,18.03,19325
2025-06-17,Maya,REF_003,21.5,30.12,12.32,9.23,3.08,4.69,19.05,62201
2025-06-24,Maya,REF_003,19.06,31.19,10.85,12.44,5.47,2.24,18.76,91961
2025-07-01,Maya,REF_003,19.49,29.91,10.94,14.06,4.53,3.69,17.37,95292
2025-07-08,Maya,REF_003,20.26,31.84,10.82,12.68,4.58,4.73,15.1,21658
2025-07-15,Maya,REF_003,18.79,29.4,11.09,9.04,6.38,4.78,20.53,70248
2025-07-22,Maya,REF_003,18.06,30.5,12.26,8.95,5.23,3.06,21.94,99924
2025-07-29,Maya,REF_003,18.79,29.32,11.73,10.29,5.63,2.31,21.92,57075
2025-08-05,Maya,REF_003,19.15,31.28,12.03,14.81,6.01,4.3,12.41,57604
2025-08-12,Maya,REF_003,18.04,31.8,10.62,9.72,5.83,3.97,20.02,38289
2025-08-19,Maya,REF_003,20.74,32.89,11.42,12.74,4.09,4.91,13.21,34633
2025-08-26,Maya,REF_003,21.2,32.84,11.77,13.68,4.83,4.76,10.92,76838
2025-09-02,Maya,REF_003,18.96,29.27,11.41,13.88,6.44,4.51,15.53,29327
2025-09-09,Maya,REF_003,19.35,31.59,11.66,10.34,5.77,3.77,17.51,61009
2025-09-16,Maya,REF_003,20.3,31.55,10.66,14.12,3.96,4.23,15.17,25881
2025-09-23,Maya,REF_003,20.29,32.71,10.35,14.86,3.12,2.03,16.63,87180
2025-09-30,Maya,REF_003,20.49,29.56,12.2,12.7,3.44,4.58,17.03,53281
2025-10-07,Maya,REF_003,18.76,32.43,11.8,12.36,6.59,4.58,13.46,30411
2025-10-14,Maya,REF_003,21.16,30.63,11.19,14.81,6.04,2.96,13.21,68313
2025-10-21,Maya,REF_003,19.81,29.6,12.1,13.75,6.11,3.68,14.95,29875
2025-10-28,Maya,REF_003,21.19,30.54,10.37,14.87,6.44,3.87,12.72,11116
2025-11-04,Maya,REF_003,18.56,30.94,11.58,12.96,6.15,3.67,16.14,69056
2025-11-11,Maya,REF_003,20.9,32.01,12.24,14.12,3.68,4.84,12.21,28375
2025-11-18,Maya,REF_003,21.62,31.94,11.58,10.27,3.53,2.38,18.68,87991
2025-11-25,Maya,REF_003,19.38,31.37,12.19,9.79,6.06,3.41,17.8,29147
2025-12-02,Maya,REF_003,21.06,31.85,10.52,11.79,6.41,2.2,16.17,47464
2025-12-09,Maya,REF_003,20.87,32.57,11.88,10.14,5.03,4.22,15.29,23732
2025-12-16,Maya,REF_003,20.03,32.01,12.03,8.78,4.32,3.62,19.2,73095
2025-12-23,Maya,REF_003,20.57,30.15,10.35,12.86,6.64,4.39,15.04,66021
2025-12-30,Maya,REF_003,21.56,30.86,11.38,8.09,6.78,3.75,17.58,45171
2026-01-06,Maya,REF_003,17.83,30.58,10.33,10.27,6.81,2.46,21.72,59086
2026-01-13,Maya,REF_003,18.4,32.27,11.45,9.42,6.46,4.35,17.65,95617
2026-01-20,Maya,REF_003,17.65,30.96,12.33,13.68,6.33,3.86,15.19,74160
2026-01-27,Maya,REF_003,20.87,29.5,11.71,13.71,3.16,2.89,18.15,39161
2026-02-03,Maya,REF_003,21.07,32.25,11.64,13.63,4.81,4.62,11.97,31079
2026-02-10,Maya,REF_003,20.47,30.1,10.41,9.99,4.97,4.53,19.53,55797
2026-02-17,Maya,REF_003,18.37,33.1,10.87,14.9,6.75,3.63,12.39,18276
2026-02-24,Maya,REF_003,20.43,32.52,11.22,9.67,6.21,3.64,16.32,27786
2026-03-03,Maya,REF_003,21.45,32.92,11.06,8.45,5.52,2.95,17.64,15971
2026-03-10,Maya,REF_003,21.22,33.12,11.03,13.21,3.26,3.11,15.04,19787
2026-03-17,Maya,REF_003,17.87,31.49,11.93,11.17,5.1,2.81,19.63,76274
2026-03-24,Maya,REF_003,19.09,29.4,10.66,8.9,4.74,2.2,25.01,82583
2026-03-31,Maya,REF_003,21.28,30.13,11.3,11.63,6.94,2.2,16.52,70109
2026-04-07,Maya,REF_003,19.03,31.14,10.76,9.12,3.97,2.21,23.76,35028
2024-04-09,Maya,REF_004,17.83,28.06,10.9,9.9,6.65,4.62,22.02,23943
2024-04-16,Maya,REF_004,21.43,30.07,10.48,13.97,4.62,4.21,15.23,70098
2024-04-23,Maya,REF_004,20.92,30.2,9.38,10.05,6.76,2.67,20.02,52503
2024-04-30,Maya,REF_004,19.26,27.91,9.58,10.01,4.85,4.62,23.77,56405
2024-05-07,Maya,REF_004,20.44,29.26,10.96,12.64,3.36,3.43,19.9,84451
2024-05-14,Maya,REF_004,20.77,31.18,9.67,14.84,4.14,2.15,17.25,54610
2024-05-21,Maya,REF_004,18.27,30.29,11.02,14.45,5.43,3.61,16.94,99459
2024-05-28,Maya,REF_004,20.15,31.27,11.05,10.03,3.06,3.32,21.13,87523
2024-06-04,Maya,REF_004,21.18,29.98,9.53,8.75,6.82,3.26,20.48,68334
2024-06-11,Maya,REF_004,21.46,31.04,10.35,11.42,5.94,3.05,16.75,66285
2024-06-18,Maya,REF_004,17.93,30.86,11.21,14.68,4.44,3.59,17.29,31259
2024-06-25,Maya,REF_004,19.04,29.39,10.71,8.13,4.58,3.67,24.48,29366
2024-07-02,Maya,REF_004,18.15,29.72,10.49,12.49,4.43,2.71,22.02,29834
2024-07-09,Maya,REF_004,17.99,28.3,10.86,8.02,3.18,2.38,29.27,47821
2024-07-16,Maya,REF_004,19.17,28.27,9.44,14.57,6.65,4.32,17.59,32681
2024-07-23,Maya,REF_004,19.13,30.22,9.8,11.71,5.61,3.56,19.97,47195
2024-07-30,Maya,REF_004,19.22,30.67,10.7,12.87,4.5,4.33,17.71,96193
2024-08-06,Maya,REF_004,20.59,29.19,10.81,12.27,6.51,4.14,16.49,79292
2024-08-13,Maya,REF_004,20.5,27.93,10.19,8.4,4.79,4.15,24.05,47912
2024-08-20,Maya,REF_004,17.84,29.04,9.35,13.46,6.14,4.42,19.75,12729
2024-08-27,Maya,REF_004,17.96,31.17,9.47,12.69,6.18,3.34,19.18,59182
2024-09-03,Maya,REF_004,18.74,31.25,9.82,9.52,5.1,2.57,22.98,71802
2024-09-10,Maya,REF_004,19.89,28.15,9.35,8.96,3.55,2.94,27.16,84994
2024-09-17,Maya,REF_004,18.06,28.07,9.82,11.87,6.05,4.76,21.35,47087
2024-09-24,Maya,REF_004,18.26,28.41,9.79,13.5,5.75,2.63,21.66,85487
2024-10-01,Maya,REF_004,21.27,31.09,9.77,8.94,3.42,3.2,22.32,48639
2024-10-08,Maya,REF_004,21.31,28.63,10.47,13.52,4.08,2.8,19.2,70223
2024-10-15,Maya,REF_004,20.74,31.4,10.92,13.75,5.77,2.36,15.07,82831
2024-10-22,Maya,REF_004,21.57,29.12,9.85,11.66,6.83,2.15,18.82,73799
2024-10-29,Maya,REF_004,21.09,30.72,10.35,14.44,3.54,2.74,17.12,37626
2024-11-05,Maya,REF_004,17.87,29.04,9.54,13.07,4.66,4.11,21.7,36428
2024-11-12,Maya,REF_004,18.36,28.09,9.62,8.81,3.88,3.74,27.5,33070
2024-11-19,Maya,REF_004,19.2,27.77,11.0,8.97,4.39,3.14,25.52,79491
2024-11-26,Maya,REF_004,19.77,29.09,10.61,12.18,3.31,2.94,22.1,98074
2024-12-03,Maya,REF_004,19.77,29.26,9.52,13.87,3.53,2.32,21.74,49510
2024-12-10,Maya,REF_004,19.58,31.49,9.47,11.39,3.8,4.11,20.16,45251
2024-12-17,Maya,REF_004,20.43,28.91,10.35,11.28,4.5,3.61,20.92,44541
2024-12-24,Maya,REF_004,21.06,29.54,11.02,9.56,3.45,3.14,22.23,26529
2024-12-31,Maya,REF_004,19.4,28.39,10.95,11.98,4.99,4.36,19.92,21733
2025-01-07,Maya,REF_004,21.26,29.49,9.49,13.74,4.84,3.81,17.36,90424
2025-01-14,Maya,REF_004,21.4,31.13,10.05,13.25,3.93,4.49,15.75,40755
2025-01-21,Maya,REF_004,19.69,31.13,10.83,14.67,4.45,2.45,16.78,91936
2025-01-28,Maya,REF_004,19.81,31.12,10.68,14.12,5.62,4.44,14.22,20830
2025-02-04,Maya,REF_004,21.71,28.28,9.27,11.72,5.85,4.15,19.03,40530
2025-02-11,Maya,REF_004,20.85,30.93,10.44,10.7,5.45,4.59,17.04,91042
2025-02-18,Maya,REF_004,17.96,28.05,9.23,11.45,4.75,3.64,24.93,71528
2025-02-25,Maya,REF_004,19.3,28.39,10.01,8.06,6.32,3.15,24.77,66050
2025-03-04,Maya,REF_004,19.13,30.02,10.3,9.46,5.5,2.33,23.26,53297
2025-03-11,Maya,REF_004,20.71,29.76,10.71,9.91,3.2,2.17,23.55,34185
2025-03-18,Maya,REF_004,19.46,29.71,10.73,13.88,5.77,3.39,17.05,33803
2025-03-25,Maya,REF_004,19.54,28.65,10.47,13.73,5.07,2.14,20.4,94577
2025-04-01,Maya,REF_004,19.01,31.22,10.84,10.89,3.23,4.84,19.97,69314
2025-04-08,Maya,REF_004,18.83,29.69,10.49,9.59,3.37,2.8,25.22,14284
2025-04-15,Maya,REF_004,18.11,28.19,9.53,9.74,6.75,3.73,23.95,48025
2025-04-22,Maya,REF_004,20.09,27.58,11.01,11.73,4.81,4.82,19.96,75736
2025-04-29,Maya,REF_004,19.18,31.31,10.92,14.68,3.38,4.87,15.66,58859
2025-05-06,Maya,REF_004,20.52,28.41,9.5,8.56,4.69,2.66,25.66,17346
2025-05-13,Maya,REF_004,21.65,30.49,10.25,13.2,5.45,2.53,16.42,67009
2025-05-20,Maya,REF_004,20.56,28.51,9.86,10.68,5.41,2.38,22.6,76913
2025-05-27,Maya,REF_004,19.22,30.33,11.08,14.09,5.95,2.58,16.75,75886
2025-06-03,Maya,REF_004,20.38,30.65,10.96,10.18,5.58,2.83,19.44,41165
2025-06-10,Maya,REF_004,19.92,29.3,10.42,13.31,5.42,4.91,16.73,76430
2025-06-17,Maya,REF_004,21.77,30.53,10.23,10.88,5.94,4.06,16.58,70188
2025-06-24,Maya,REF_004,20.72,31.05,9.67,11.95,5.41,2.88,18.31,98915
2025-07-01,Maya,REF_004,20.97,28.85,9.93,13.03,3.05,3.39,20.78,40879
2025-07-08,Maya,REF_004,21.25,30.73,9.88,14.05,6.65,3.66,13.78,24331
2025-07-15,Maya,REF_004,20.91,28.84,10.27,8.32,5.0,3.14,23.52,71745
2025-07-22,Maya,REF_004,18.0,30.06,10.76,8.09,6.0,2.39,24.7,72825
2025-07-29,Maya,REF_004,19.65,29.77,9.89,9.72,3.28,4.59,23.09,64938
2025-08-05,Maya,REF_004,21.76,30.96,10.96,12.18,3.32,4.74,16.07,20609
2025-08-12,Maya,REF_004,19.9,30.99,10.16,9.16,4.49,4.97,20.33,99978
2025-08-19,Maya,REF_004,20.68,31.11,9.31,9.93,4.48,2.04,22.46,43926
2025-08-26,Maya,REF_004,18.2,29.63,9.23,9.89,6.47,2.64,23.94,15835
2025-09-02,Maya,REF_004,18.83,30.87,10.39,12.1,3.0,3.42,21.38,33905
2025-09-09,Maya,REF_004,19.18,29.96,10.97,9.27,6.07,2.15,22.41,39405
2025-09-16,Maya,REF_004,18.71,31.22,9.57,12.05,3.66,3.42,21.37,47205
2025-09-23,Maya,REF_004,18.0,30.86,10.78,9.95,5.46,3.09,21.87,79230
2025-09-30,Maya,REF_004,20.6,27.92,10.91,9.26,3.7,4.2,23.42,26492
2025-10-07,Maya,REF_004,18.32,28.9,10.9,9.24,4.36,2.86,25.43,42045
2025-10-14,Maya,REF_004,20.69,29.18,10.74,12.48,4.44,3.3,19.17,73326
2025-10-21,Maya,REF_004,19.97,31.03,11.08,13.02,6.96,3.79,14.14,13584
2025-10-28,Maya,REF_004,19.85,28.48,9.89,11.43,4.18,2.93,23.24,46181
2025-11-04,Maya,REF_004,18.98,28.24,10.75,10.77,6.33,4.65,20.29,77586
2025-11-11,Maya,REF_004,19.42,30.45,9.53,12.63,4.62,3.97,19.39,77931
2025-11-18,Maya,REF_004,20.08,30.13,9.65,12.15,4.84,3.28,19.87,46928
2025-11-25,Maya,REF_004,19.08,28.78,10.62,11.9,3.12,2.15,24.35,61310
2025-12-02,Maya,REF_004,21.22,27.74,10.23,13.96,3.02,2.83,21.01,92792
2025-12-09,Maya,REF_004,18.16,29.99,10.23,9.06,3.17,3.51,25.88,76161
2025-12-16,Maya,REF_004,18.54,30.33,10.31,10.5,5.66,2.58,22.08,51123
2025-12-23,Maya,REF_004,20.03,29.4,10.01,13.19,5.62,3.92,17.83,90262
2025-12-30,Maya,REF_004,21.81,29.83,9.91,13.45,3.57,3.54,17.89,57205
2026-01-06,Maya,REF_004,21.77,31.52,10.82,11.31,5.19,2.96,16.43,84686
2026-01-13,Maya,REF_004,20.82,30.65,9.5,10.79,5.15,2.37,20.73,43176
2026-01-20,Maya,REF_004,18.18,31.4,10.72,12.35,3.82,3.0,20.53,23003
2026-01-27,Maya,REF_004,19.98,30.84,9.26,8.72,3.92,4.14,23.14,90458
2026-02-03,Maya,REF_004,20.84,29.66,9.43,13.28,3.42,3.04,20.32,37719
2026-02-10,Maya,REF_004,19.27,28.88,10.76,9.2,6.38,4.57,20.94,54183
2026-02-17,Maya,REF_004,18.26,29.86,10.86,10.03,6.35,4.03,20.61,98852
2026-02-24,Maya,REF_004,21.13,28.37,10.12,8.72,3.28,4.12,24.26,92163
2026-03-03,Maya,REF_004,21.73,28.64,9.62,11.92,3.8,2.89,21.4,85350
2026-03-10,Maya,REF_004,21.07,31.14,10.18,11.95,6.08,2.72,16.85,84078
2026-03-17,Maya,REF_004,17.9,30.75,10.77,10.11,5.91,2.64,21.91,61860
2026-03-24,Maya,REF_004,20.63,30.42,11.18,9.27,4.92,4.64,18.92,60536
2026-03-31,Maya,REF_004,21.34,29.3,10.81,14.09,6.39,4.61,13.47,29759
2026-04-07,Maya,REF_004,19.59,28.26,9.58,11.41,6.84,3.78,20.54,86846
2024-04-09,Maya,REF_005,20.72,26.07,7.77,13.51,3.26,2.48,26.19,44353
2024-04-16,Maya,REF_005,21.79,27.13,9.58,14.19,3.43,3.89,19.99,49754
2024-04-23,Maya,REF_005,20.06,25.83,8.36,10.42,3.38,4.94,27.01,75336
2024-04-30,Maya,REF_005,20.68,27.28,9.54,13.67,5.64,3.13,20.06,49091
2024-05-07,Maya,REF_005,21.38,27.4,9.17,10.04,5.5,3.78,22.73,83091
2024-05-14,Maya,REF_005,19.94,26.41,8.31,8.91,5.93,2.99,27.51,75711
2024-05-21,Maya,REF_005,20.21,27.55,9.26,10.02,5.96,2.41,24.59,68809
2024-05-28,Maya,REF_005,19.8,24.94,9.61,8.85,5.39,2.21,29.21,70246
2024-06-04,Maya,REF_005,20.67,24.85,8.32,9.44,6.77,4.72,25.24,88301
2024-06-11,Maya,REF_005,19.99,24.54,8.87,14.79,5.42,2.98,23.41,83566
2024-06-18,Maya,REF_005,20.1,27.13,9.6,14.77,3.59,3.65,21.15,62642
2024-06-25,Maya,REF_005,20.34,25.79,8.94,10.3,4.26,2.18,28.18,96114
2024-07-02,Maya,REF_005,22.77,26.64,7.69,12.37,3.72,3.99,22.81,65903
2024-07-09,Maya,REF_005,22.97,24.63,7.7,14.4,6.63,3.37,20.3,17027
2024-07-16,Maya,REF_005,21.55,25.7,9.29,13.02,3.28,4.12,23.04,22216
2024-07-23,Maya,REF_005,19.92,25.2,7.8,13.8,4.85,3.76,24.66,61917
2024-07-30,Maya,REF_005,23.47,27.27,9.35,10.68,3.58,3.78,21.87,49628
2024-08-06,Maya,REF_005,20.46,24.0,8.52,12.56,5.5,4.32,24.64,51989
2024-08-13,Maya,REF_005,20.85,25.76,9.6,8.32,5.11,2.99,27.38,19481
2024-08-20,Maya,REF_005,21.3,26.17,8.7,8.2,5.32,2.7,27.61,40732
2024-08-27,Maya,REF_005,20.81,27.04,7.74,10.44,4.58,3.86,25.54,81006
2024-09-03,Maya,REF_005,22.47,26.62,8.03,14.38,4.66,2.03,21.81,70128
2024-09-10,Maya,REF_005,21.98,24.11,9.57,11.93,4.88,3.19,24.34,28886
2024-09-17,Maya,REF_005,23.37,26.41,8.78,12.42,6.36,3.91,18.74,20313
2024-09-24,Maya,REF_005,22.35,25.87,9.58,13.14,4.38,2.41,22.29,53405
2024-10-01,Maya,REF_005,22.28,24.32,8.95,13.78,3.63,4.12,22.94,16143
2024-10-08,Maya,REF_005,19.59,23.74,8.91,14.81,6.09,2.76,24.1,16451
2024-10-15,Maya,REF_005,22.03,23.62,9.23,9.7,4.2,3.03,28.19,78719
2024-10-22,Maya,REF_005,20.62,24.74,8.73,11.24,6.82,2.79,25.05,18270
2024-10-29,Maya,REF_005,21.72,24.34,8.48,9.31,6.52,2.98,26.64,79738
2024-11-05,Maya,REF_005,23.35,27.37,8.7,14.88,5.62,2.39,17.69,89953
2024-11-12,Maya,REF_005,21.44,24.22,9.23,12.37,6.53,4.48,21.74,38809
2024-11-19,Maya,REF_005,20.59,26.54,8.79,8.49,3.73,2.45,29.41,63081
2024-11-26,Maya,REF_005,19.9,24.44,8.74,8.93,3.99,4.72,29.28,72740
2024-12-03,Maya,REF_005,20.79,27.12,8.15,12.12,4.47,4.26,23.09,43442
2024-12-10,Maya,REF_005,20.56,26.04,9.14,11.75,5.87,3.27,23.38,81590
2024-12-17,Maya,REF_005,21.9,24.39,9.43,13.86,6.86,3.71,19.86,70816
2024-12-24,Maya,REF_005,23.01,23.82,9.47,9.9,3.23,2.71,27.86,62772
2024-12-31,Maya,REF_005,19.75,23.61,8.93,11.17,6.38,2.77,27.39,35263
2025-01-07,Maya,REF_005,19.87,25.76,8.38,10.38,4.83,4.55,26.23,19466
2025-01-14,Maya,REF_005,21.65,24.39,8.07,9.8,4.84,3.48,27.76,88436
2025-01-21,Maya,REF_005,23.13,25.95,8.21,13.73,6.17,4.39,18.41,11473
2025-01-28,Maya,REF_005,22.58,27.02,8.86,13.26,6.1,3.52,18.67,83225
2025-02-04,Maya,REF_005,22.73,27.27,9.49,11.71,3.13,2.06,23.62,94503
2025-02-11,Maya,REF_005,20.91,25.12,8.59,9.86,5.36,4.35,25.81,33160
2025-02-18,Maya,REF_005,22.53,26.29,8.7,10.28,6.49,3.21,22.5,43719
2025-02-25,Maya,REF_005,22.13,27.29,8.66,13.06,4.83,2.66,21.38,21155
2025-03-04,Maya,REF_005,20.11,23.69,8.75,8.92,6.46,4.95,27.12,54628
2025-03-11,Maya,REF_005,21.36,25.0,8.92,12.26,4.37,3.03,25.06,68032
2025-03-18,Maya,REF_005,21.78,26.48,9.53,13.46,4.22,4.28,20.26,50502
2025-03-25,Maya,REF_005,22.67,27.15,8.15,9.67,4.73,2.15,25.47,71711
2025-04-01,Maya,REF_005,22.56,24.99,8.58,12.13,3.29,4.13,24.31,57403
2025-04-08,Maya,REF_005,22.06,26.5,9.0,8.67,6.13,3.83,23.81,74339
2025-04-15,Maya,REF_005,20.61,24.49,9.3,10.73,5.3,3.65,25.91,62665
2025-04-22,Maya,REF_005,19.84,24.82,7.78,11.36,6.61,3.17,26.43,80420
2025-04-29,Maya,REF_005,20.71,27.03,8.49,10.49,5.79,3.54,23.96,40358
2025-05-06,Maya,REF_005,19.79,24.27,9.19,14.45,3.68,3.71,24.91,13075
2025-05-13,Maya,REF_005,20.72,25.4,9.12,8.31,6.12,2.61,27.71,78357
2025-05-20,Maya,REF_005,22.06,24.96,9.1,9.65,3.88,2.19,28.16,45376
2025-05-27,Maya,REF_005,19.95,25.28,7.67,9.09,6.73,4.39,26.9,31254
2025-06-03,Maya,REF_005,22.43,26.28,8.0,10.6,6.65,4.22,21.82,78431
2025-06-10,Maya,REF_005,21.82,26.27,8.67,13.19,5.93,2.09,22.04,66859
2025-06-17,Maya,REF_005,22.08,23.88,8.47,14.29,6.81,4.35,20.12,23632
2025-06-24,Maya,REF_005,21.06,24.34,8.95,13.41,6.54,4.58,21.12,18928
2025-07-01,Maya,REF_005,20.06,27.24,9.34,11.22,4.72,3.66,23.76,63697
2025-07-08,Maya,REF_005,20.58,25.22,8.89,9.44,7.0,2.85,26.03,59717
2025-07-15,Maya,REF_005,21.78,25.41,8.13,11.96,3.36,3.16,26.2,30182
2025-07-22,Maya,REF_005,20.06,27.31,9.05,9.18,6.8,2.65,24.96,31205
2025-07-29,Maya,REF_005,20.09,26.52,8.79,8.41,3.1,3.6,29.49,68637
2025-08-05,Maya,REF_005,22.85,25.52,9.0,13.14,5.45,3.06,20.98,21870
2025-08-12,Maya,REF_005,22.15,26.68,8.03,11.46,4.59,2.62,24.47,32078
2025-08-19,Maya,REF_005,20.51,25.28,8.43,11.88,3.37,3.74,26.78,11966
2025-08-26,Maya,REF_005,20.59,25.61,9.02,13.4,3.14,3.61,24.62,41899
2025-09-02,Maya,REF_005,22.34,24.74,9.14,12.22,6.16,4.95,20.46,91772
2025-09-09,Maya,REF_005,21.93,27.18,7.95,8.3,5.13,4.92,24.57,73876
2025-09-16,Maya,REF_005,20.78,26.28,7.73,11.29,3.95,2.15,27.82,32491
2025-09-23,Maya,REF_005,22.45,25.81,7.7,10.87,6.01,4.86,22.3,88692
2025-09-30,Maya,REF_005,19.57,24.48,8.06,10.89,5.58,2.46,28.96,92411
2025-10-07,Maya,REF_005,22.67,25.28,8.82,11.79,5.33,4.58,21.53,28010
2025-10-14,Maya,REF_005,22.3,24.03,8.57,12.45,3.05,2.32,27.28,18214
2025-10-21,Maya,REF_005,21.06,26.09,9.64,9.78,3.54,3.24,26.64,23137
2025-10-28,Maya,REF_005,19.66,25.86,9.41,14.03,3.4,2.44,25.2,54200
2025-11-04,Maya,REF_005,21.03,26.42,8.64,8.14,4.14,4.7,26.93,56035
2025-11-11,Maya,REF_005,22.75,25.22,9.0,9.18,5.95,4.36,23.54,18112
2025-11-18,Maya,REF_005,20.29,25.46,8.92,12.46,5.67,4.14,23.05,55518
2025-11-25,Maya,REF_005,21.86,23.64,7.98,11.49,5.98,4.43,24.62,75604
2025-12-02,Maya,REF_005,21.51,24.73,8.54,8.07,5.39,2.22,29.54,23085
2025-12-09,Maya,REF_005,22.06,23.66,8.8,12.47,6.15,2.2,24.66,10263
2025-12-16,Maya,REF_005,22.63,24.77,9.42,9.29,5.34,2.33,26.22,46242
2025-12-23,Maya,REF_005,23.09,26.04,9.03,9.58,6.69,3.87,21.7,19529
2025-12-30,Maya,REF_005,19.62,23.67,7.75,14.38,4.43,2.89,27.25,47489
2026-01-06,Maya,REF_005,21.2,24.56,7.83,8.76,5.4,3.19,29.06,91220
2026-01-13,Maya,REF_005,21.42,25.62,9.5,11.51,5.01,3.09,23.85,73937
2026-01-20,Maya,REF_005,21.13,25.96,8.54,11.7,6.31,3.24,23.12,30707
2026-01-27,Maya,REF_005,21.84,27.36,9.03,10.16,6.85,3.03,21.73,98492
2026-02-03,Maya,REF_005,20.33,27.6,7.8,12.99,5.96,4.04,21.27,79984
2026-02-10,Maya,REF_005,21.45,23.82,8.36,12.5,5.58,2.59,25.7,32770
2026-02-17,Maya,REF_005,21.51,26.52,9.35,8.61,6.7,4.78,22.53,10714
2026-02-24,Maya,REF_005,21.59,25.95,8.76,12.31,5.01,2.88,23.5,18613
2026-03-03,Maya,REF_005,20.39,26.57,8.13,13.81,4.61,3.24,23.24,88164
2026-03-10,Maya,REF_005,20.42,24.36,9.62,11.78,3.76,2.5,27.56,87549
2026-03-17,Maya,REF_005,21.96,24.07,9.42,11.11,6.96,2.85,23.64,57593
2026-03-24,Maya,REF_005,20.25,25.36,8.0,10.15,4.08,2.85,29.3,97284
2026-03-31,Maya,REF_005,19.71,25.59,8.91,12.63,6.02,4.28,22.86,95995
2026-04-07,Maya,REF_005,22.58,26.9,8.71,12.6,4.91,2.83,21.46,38204
2024-04-09,Bonny Light,REF_001,29.51,32.79,16.03,10.84,3.89,3.04,3.89,88919
2024-04-16,Bonny Light,REF_001,32.29,34.27,14.77,10.71,6.9,2.97,-1.92,22407
2024-04-23,Bonny Light,REF_001,29.65,34.58,15.03,14.54,3.42,4.3,-1.52,18400
2024-04-30,Bonny Light,REF_001,29.31,33.19,15.07,12.67,6.89,2.16,0.71,27246
2024-05-07,Bonny Light,REF_001,31.08,34.31,15.79,11.26,5.98,2.62,-1.06,11235
2024-05-14,Bonny Light,REF_001,30.8,33.98,15.07,11.98,4.69,3.54,-0.06,89591
2024-05-21,Bonny Light,REF_001,30.44,30.76,15.8,12.32,5.92,4.7,0.06,35759
2024-05-28,Bonny Light,REF_001,30.54,33.14,14.89,13.92,5.79,4.2,-2.47,82720
2024-06-04,Bonny Light,REF_001,29.56,33.71,15.75,13.9,4.95,3.51,-1.37,18836
2024-06-11,Bonny Light,REF_001,31.93,32.86,15.39,8.85,5.41,2.13,3.44,93088
2024-06-18,Bonny Light,REF_001,31.98,31.5,15.39,12.22,6.21,4.27,-1.57,99391
2024-06-25,Bonny Light,REF_001,29.93,31.22,15.35,13.35,4.14,2.71,3.3,82220
2024-07-02,Bonny Light,REF_001,31.54,31.54,15.94,8.94,3.44,3.05,5.55,89787
2024-07-09,Bonny Light,REF_001,31.31,32.3,14.51,12.99,5.4,4.96,-1.48,78900
2024-07-16,Bonny Light,REF_001,28.93,33.64,14.71,14.73,3.08,2.72,2.19,54909
2024-07-23,Bonny Light,REF_001,28.84,32.1,15.19,11.13,4.84,4.64,3.26,55476
2024-07-30,Bonny Light,REF_001,32.29,31.32,14.76,12.6,4.13,3.04,1.87,91092
2024-08-06,Bonny Light,REF_001,30.68,32.06,15.75,8.49,5.25,2.3,5.46,25916
2024-08-13,Bonny Light,REF_001,28.77,34.33,14.3,11.61,3.9,3.15,3.93,54429
2024-08-20,Bonny Light,REF_001,30.32,33.72,16.02,10.1,3.1,4.68,2.05,98090
2024-08-27,Bonny Light,REF_001,30.26,32.55,14.49,11.33,4.21,4.98,2.18,26636
2024-09-03,Bonny Light,REF_001,30.04,33.19,14.89,11.32,6.89,3.52,0.14,91928
2024-09-10,Bonny Light,REF_001,28.7,31.2,16.09,8.9,5.95,3.34,5.83,46607
2024-09-17,Bonny Light,REF_001,31.16,33.64,16.06,9.8,5.79,3.03,0.52,74584
2024-09-24,Bonny Light,REF_001,29.09,32.56,14.57,10.36,5.86,2.7,4.87,71639
2024-10-01,Bonny Light,REF_001,30.51,31.09,14.97,14.08,6.96,3.11,-0.72,14938
2024-10-08,Bonny Light,REF_001,29.04,33.88,15.51,10.0,4.57,4.43,2.57,47179
2024-10-15,Bonny Light,REF_001,31.55,31.91,15.65,11.26,5.18,3.8,0.66,50551
2024-10-22,Bonny Light,REF_001,30.39,31.79,16.17,14.34,5.11,2.1,0.1,25158
2024-10-29,Bonny Light,REF_001,31.94,34.45,14.52,13.14,5.49,2.91,-2.45,49248
2024-11-05,Bonny Light,REF_001,31.23,31.13,14.58,8.23,6.61,3.72,4.5,57108
2024-11-12,Bonny Light,REF_001,31.35,34.68,14.54,8.93,4.18,4.71,1.61,47031
2024-11-19,Bonny Light,REF_001,31.7,31.54,15.19,8.89,4.65,2.79,5.25,59448
2024-11-26,Bonny Light,REF_001,31.65,34.48,14.77,13.2,6.54,2.37,-3.01,62733
2024-12-03,Bonny Light,REF_001,30.97,31.81,14.24,9.8,5.34,2.59,5.25,35861
2024-12-10,Bonny Light,REF_001,31.36,32.32,14.33,10.79,7.0,2.78,1.42,33873
2024-12-17,Bonny Light,REF_001,29.2,31.81,15.35,14.75,5.43,3.23,0.22,45067
2024-12-24,Bonny Light,REF_001,28.62,30.74,15.79,11.43,3.13,2.86,7.43,42101
2024-12-31,Bonny Light,REF_001,31.66,32.46,15.78,12.44,3.13,4.91,-0.37,26328
2025-01-07,Bonny Light,REF_001,29.63,33.96,14.58,10.81,6.46,3.91,0.65,37187
2025-01-14,Bonny Light,REF_001,31.1,33.98,15.01,12.0,6.95,4.89,-3.93,55813
2025-01-21,Bonny Light,REF_001,28.91,33.53,14.74,12.69,4.41,4.16,1.58,43059
2025-01-28,Bonny Light,REF_001,32.29,31.27,14.34,13.47,4.61,3.4,0.63,94043
2025-02-04,Bonny Light,REF_001,30.88,33.37,14.24,12.69,4.55,3.38,0.89,82724
2025-02-11,Bonny Light,REF_001,30.62,34.67,15.79,13.1,5.35,3.24,-2.78,14758
2025-02-18,Bonny Light,REF_001,28.6,30.91,16.12,10.26,5.8,3.78,4.53,61450
2025-02-25,Bonny Light,REF_001,30.84,31.93,15.97,14.43,5.58,4.59,-3.35,15398
2025-03-04,Bonny Light,REF_001,28.93,32.96,15.89,10.21,5.19,2.03,4.79,98796
2025-03-11,Bonny Light,REF_001,31.59,32.17,16.16,8.65,4.86,2.18,4.39,40146
2025-03-18,Bonny Light,REF_001,29.4,31.99,16.09,10.99,4.3,3.92,3.3,71503
2025-03-25,Bonny Light,REF_001,32.46,32.91,15.7,10.68,3.68,3.29,1.28,47689
2025-04-01,Bonny Light,REF_001,30.21,33.51,15.01,14.68,6.93,3.57,-3.9,60259
2025-04-08,Bonny Light,REF_001,30.15,32.15,16.17,8.28,4.64,2.45,6.15,75365
2025-04-15,Bonny Light,REF_001,29.3,34.26,14.95,14.42,6.95,4.31,-4.19,66084
2025-04-22,Bonny Light,REF_001,29.12,34.46,15.75,10.02,4.87,2.2,3.57,69310
2025-04-29,Bonny Light,REF_001,29.02,33.33,15.54,10.27,6.79,4.34,0.7,54706
2025-05-06,Bonny Light,REF_001,32.2,34.15,15.58,9.07,4.99,4.59,-0.58,64800
2025-05-13,Bonny Light,REF_001,30.71,34.55,14.23,8.08,6.57,2.12,3.74,39928
2025-05-20,Bonny Light,REF_001,32.22,33.49,15.5,12.6,4.27,3.59,-1.67,66697
2025-05-27,Bonny Light,REF_001,29.75,33.91,14.84,8.5,3.81,3.23,5.97,91725
2025-06-03,Bonny Light,REF_001,30.19,31.08,14.59,11.81,3.71,2.19,6.42,74334
2025-06-10,Bonny Light,REF_001,31.66,34.13,15.89,10.65,5.94,3.75,-2.02,12102
2025-06-17,Bonny Light,REF_001,30.13,30.94,14.37,8.39,6.84,4.53,4.8,49519
2025-06-24,Bonny Light,REF_001,29.52,31.01,15.06,12.2,6.19,2.15,3.86,47608
2025-07-01,Bonny Light,REF_001,32.43,31.21,15.0,9.93,3.54,4.52,3.38,72740
2025-07-08,Bonny Light,REF_001,30.17,32.2,15.85,8.64,3.59,4.72,4.83,83548
2025-07-15,Bonny Light,REF_001,31.62,33.22,14.78,14.54,4.97,2.84,-1.98,42901
2025-07-22,Bonny Light,REF_001,28.59,31.75,14.57,8.95,3.13,2.68,10.33,19316
2025-07-29,Bonny Light,REF_001,28.7,31.27,14.6,10.91,5.33,2.97,6.2,22713
2025-08-05,Bonny Light,REF_001,32.29,32.78,15.68,12.86,4.14,3.68,-1.43,64194
2025-08-12,Bonny Light,REF_001,29.93,33.41,15.78,10.55,3.06,3.05,4.22,20513
2025-08-19,Bonny Light,REF_001,29.15,32.19,14.61,14.54,5.61,3.56,0.34,10875
2025-08-26,Bonny Light,REF_001,28.94,33.88,14.98,8.32,6.3,2.91,4.68,44766
2025-09-02,Bonny Light,REF_001,32.42,30.79,15.64,14.64,3.26,4.6,-1.35,47461
2025-09-09,Bonny Light,REF_001,32.04,31.96,16.16,12.53,5.51,4.42,-2.61,49292
2025-09-16,Bonny Light,REF_001,29.56,31.78,14.86,12.32,6.35,3.5,1.63,46310
2025-09-23,Bonny Light,REF_001,31.7,31.88,15.58,8.74,3.45,3.93,4.71,17447
2025-09-30,Bonny Light,REF_001,29.14,33.22,15.08,11.93,6.91,3.9,-0.17,63176
2025-10-07,Bonny Light,REF_001,30.04,33.25,14.22,11.9,3.28,2.66,4.64,60680
2025-10-14,Bonny Light,REF_001,31.2,32.26,15.04,11.49,6.04,2.05,1.93,50236
2025-10-21,Bonny Light,REF_001,28.58,32.0,15.24,8.56,4.94,4.77,5.9,71680
2025-10-28,Bonny Light,REF_001,31.65,33.05,15.99,9.03,4.8,3.79,1.69,88612
2025-11-04,Bonny Light,REF_001,29.76,30.73,16.15,8.18,3.61,3.27,8.31,54673
2025-11-11,Bonny Light,REF_001,31.86,32.52,15.29,9.4,5.28,3.05,2.61,18885
2025-11-18,Bonny Light,REF_001,32.31,31.05,15.55,14.36,3.72,2.71,0.3,48403
2025-11-25,Bonny Light,REF_001,29.7,33.76,14.88,14.9,6.44,4.69,-4.36,15729
2025-12-02,Bonny Light,REF_001,29.23,31.4,15.54,8.08,6.23,3.64,5.88,60968
2025-12-09,Bonny Light,REF_001,30.67,32.87,14.59,9.98,4.95,4.03,2.9,34475
2025-12-16,Bonny Light,REF_001,31.75,33.97,14.75,11.92,4.4,2.57,0.65,82539
2025-12-23,Bonny Light,REF_001,32.49,32.99,16.03,12.5,5.26,3.44,-2.7,31214
2025-12-30,Bonny Light,REF_001,28.86,32.49,15.32,11.57,5.78,2.58,3.4,41878
2026-01-06,Bonny Light,REF_001,30.19,31.47,16.01,12.77,3.37,4.14,2.05,59300
2026-01-13,Bonny Light,REF_001,30.62,34.68,15.44,14.28,6.65,2.3,-3.97,10752
2026-01-20,Bonny Light,REF_001,30.26,33.8,15.85,13.51,4.79,4.25,-2.47,74689
2026-01-27,Bonny Light,REF_001,29.78,31.4,15.44,12.74,5.27,2.64,2.73,34900
2026-02-03,Bonny Light,REF_001,31.36,34.58,16.09,11.64,6.55,2.09,-2.29,87503
2026-02-10,Bonny Light,REF_001,30.43,33.85,14.21,14.08,5.38,2.72,-0.67,41273
2026-02-17,Bonny Light,REF_001,29.33,32.42,14.86,11.74,6.26,4.95,0.44,32631
2026-02-24,Bonny Light,REF_001,28.95,32.31,14.49,13.84,5.0,3.86,1.55,23555
2026-03-03,Bonny Light,REF_001,31.52,34.62,15.16,14.74,3.14,2.11,-1.29,96401
2026-03-10,Bonny Light,REF_001,31.32,31.48,14.93,11.55,5.81,4.53,0.38,17439
2026-03-17,Bonny Light,REF_001,31.15,32.63,15.39,11.56,4.8,2.62,1.84,52510
2026-03-24,Bonny Light,REF_001,29.28,30.9,14.95,8.17,5.25,2.22,9.23,49379
2026-03-31,Bonny Light,REF_001,32.44,30.76,14.93,12.71,3.64,3.68,1.83,33237
2026-04-07,Bonny Light,REF_001,29.41,34.31,14.61,10.64,3.68,2.85,4.51,36379
2024-04-09,Bonny Light,REF_002,30.33,35.57,17.08,15.0,4.83,4.81,-7.61,54133
2024-04-16,Bonny Light,REF_002,31.42,35.42,17.22,11.14,5.78,3.4,-4.38,87132
2024-04-23,Bonny Light,REF_002,32.26,34.1,16.4,8.57,3.56,4.79,0.31,58925
2024-04-30,Bonny Light,REF_002,29.87,35.81,16.58,10.02,3.91,3.77,0.04,26943
2024-05-07,Bonny Light,REF_002,28.84,34.4,17.18,8.26,6.33,3.86,1.12,13633
2024-05-14,Bonny Light,REF_002,30.7,34.83,17.14,14.35,4.15,4.35,-5.51,37882
2024-05-21,Bonny Light,REF_002,29.47,33.9,16.81,9.83,4.86,4.44,0.69,81272
2024-05-28,Bonny Light,REF_002,31.71,33.77,16.63,14.4,3.17,4.38,-4.07,32161
2024-06-04,Bonny Light,REF_002,30.97,36.0,17.31,11.56,6.39,2.14,-4.36,47848
2024-06-11,Bonny Light,REF_002,30.05,35.28,16.42,14.78,3.31,2.8,-2.63,97176
2024-06-18,Bonny Light,REF_002,30.07,35.41,15.62,9.99,3.16,2.41,3.34,66998
2024-06-25,Bonny Light,REF_002,31.34,36.61,15.96,10.33,5.28,2.25,-1.77,82604
2024-07-02,Bonny Light,REF_002,30.22,36.99,15.69,8.93,4.39,2.62,1.15,72693
2024-07-09,Bonny Light,REF_002,32.07,33.49,15.94,9.67,5.04,3.36,0.44,75417
2024-07-16,Bonny Light,REF_002,31.22,35.42,16.64,13.9,4.59,2.04,-3.8,29172
2024-07-23,Bonny Light,REF_002,28.43,34.7,16.17,8.69,6.02,3.66,2.33,30313
2024-07-30,Bonny Light,REF_002,31.32,35.8,15.84,14.88,3.71,4.32,-5.87,97145
2024-08-06,Bonny Light,REF_002,31.19,35.79,17.26,9.88,4.11,3.92,-2.16,89392
2024-08-13,Bonny Light,REF_002,30.76,37.04,15.9,13.78,6.71,3.28,-7.47,96578
2024-08-20,Bonny Light,REF_002,29.1,36.94,17.26,8.46,5.09,3.59,-0.43,15127
2024-08-27,Bonny Light,REF_002,28.45,33.15,16.5,11.25,6.76,3.03,0.87,69240
2024-09-03,Bonny Light,REF_002,28.32,35.78,17.28,10.48,4.26,3.88,-0.0,39569
2024-09-10,Bonny Light,REF_002,29.9,34.22,16.15,12.76,6.69,3.75,-3.46,10903
2024-09-17,Bonny Light,REF_002,29.34,36.94,17.28,8.81,6.63,4.89,-3.89,39211
2024-09-24,Bonny Light,REF_002,31.09,35.37,16.13,9.07,4.47,4.78,-0.91,83012
2024-10-01,Bonny Light,REF_002,29.61,35.32,16.27,11.26,6.04,3.63,-2.13,26294
2024-10-08,Bonny Light,REF_002,29.36,35.4,16.84,11.56,5.48,4.37,-3.01,59085
2024-10-15,Bonny Light,REF_002,32.2,34.07,17.29,9.73,5.13,3.37,-1.79,43559
2024-10-22,Bonny Light,REF_002,32.14,34.22,16.81,13.63,3.79,4.92,-5.5,59197
2024-10-29,Bonny Light,REF_002,31.95,35.78,16.75,10.42,6.08,2.09,-3.07,60023
2024-11-05,Bonny Light,REF_002,28.42,34.36,15.65,14.38,5.51,4.01,-2.32,86601
2024-11-12,Bonny Light,REF_002,31.22,33.63,16.69,14.85,3.86,3.86,-4.1,60725
2024-11-19,Bonny Light,REF_002,29.85,36.95,16.17,8.66,6.85,4.19,-2.66,40820
2024-11-26,Bonny Light,REF_002,29.41,36.84,16.0,11.76,3.86,4.99,-2.86,79255
2024-12-03,Bonny Light,REF_002,30.56,36.11,17.29,14.74,6.14,4.55,-9.39,45801
2024-12-10,Bonny Light,REF_002,29.85,36.36,16.97,14.31,3.53,4.07,-5.1,68288
2024-12-17,Bonny Light,REF_002,31.48,33.23,17.11,10.28,5.75,3.85,-1.7,49617
2024-12-24,Bonny Light,REF_002,31.27,36.97,16.1,13.24,4.26,4.54,-6.38,49354
2024-12-31,Bonny Light,REF_002,30.08,36.22,16.45,9.87,6.98,3.86,-3.46,68063
2025-01-07,Bonny Light,REF_002,30.87,36.66,15.82,8.41,4.55,3.69,-0.01,35713
2025-01-14,Bonny Light,REF_002,31.04,33.42,17.04,13.03,3.86,2.9,-1.28,82630
2025-01-21,Bonny Light,REF_002,31.38,36.38,16.1,14.79,5.86,2.2,-6.71,52996
2025-01-28,Bonny Light,REF_002,30.95,33.8,17.26,13.28,3.33,4.74,-3.35,46393
2025-02-04,Bonny Light,REF_002,30.1,36.26,16.74,11.06,4.04,3.55,-1.75,62126
2025-02-11,Bonny Light,REF_002,30.81,35.55,16.69,11.33,5.25,2.87,-2.49,24253
2025-02-18,Bonny Light,REF_002,30.72,33.32,15.59,9.73,3.78,3.12,3.75,43415
2025-02-25,Bonny Light,REF_002,28.75,34.11,15.46,10.46,6.19,2.8,2.22,67901
2025-03-04,Bonny Light,REF_002,28.68,33.18,16.45,11.23,3.77,2.86,3.83,12760
2025-03-11,Bonny Light,REF_002,31.48,34.33,15.89,13.63,3.16,2.85,-1.35,33647
2025-03-18,Bonny Light,REF_002,29.34,33.17,17.32,14.05,4.66,3.34,-1.88,57173
2025-03-25,Bonny Light,REF_002,30.2,36.25,16.43,9.32,3.47,4.75,-0.42,14354
2025-04-01,Bonny Light,REF_002,31.88,35.89,16.26,9.31,4.24,3.59,-1.17,69116
2025-04-08,Bonny Light,REF_002,31.05,34.92,16.2,13.38,6.7,4.74,-7.0,59645
2025-04-15,Bonny Light,REF_002,28.6,33.42,16.26,13.13,4.99,3.88,-0.29,85898
2025-04-22,Bonny Light,REF_002,28.45,36.82,16.12,8.33,6.34,4.8,-0.86,79175
2025-04-29,Bonny Light,REF_002,31.51,36.61,16.5,12.76,4.15,2.75,-4.28,64804
2025-05-06,Bonny Light,REF_002,31.23,34.72,16.26,14.68,5.07,4.96,-6.91,87655
2025-05-13,Bonny Light,REF_002,30.85,33.17,16.05,10.92,5.61,3.19,0.22,84504
2025-05-20,Bonny Light,REF_002,30.94,34.52,17.02,10.12,3.25,2.52,1.63,10246
2025-05-27,Bonny Light,REF_002,31.62,35.64,16.6,12.63,5.61,3.7,-5.8,85816
2025-06-03,Bonny Light,REF_002,30.05,36.35,17.03,9.4,4.82,4.5,-2.14,84776
2025-06-10,Bonny Light,REF_002,28.38,34.02,16.3,8.33,4.04,2.77,6.15,29311
2025-06-17,Bonny Light,REF_002,29.87,36.38,15.94,12.07,5.23,4.45,-3.96,45459
2025-06-24,Bonny Light,REF_002,29.18,36.69,17.12,12.35,3.37,2.05,-0.77,26436
2025-07-01,Bonny Light,REF_002,29.07,33.67,15.98,10.37,6.02,4.13,0.76,19394
2025-07-08,Bonny Light,REF_002,32.2,36.14,15.78,8.87,3.35,4.2,-0.53,31265
2025-07-15,Bonny Light,REF_002,28.58,34.82,16.87,10.13,4.93,2.58,2.09,48623
2025-07-22,Bonny Light,REF_002,29.72,34.86,16.39,8.65,3.37,2.78,4.22,20418
2025-07-29,Bonny Light,REF_002,29.3,33.23,16.16,9.49,6.57,4.57,0.68,37037
2025-08-05,Bonny Light,REF_002,30.19,36.95,16.5,13.94,6.31,4.82,-8.71,37513
2025-08-12,Bonny Light,REF_002,28.46,33.54,16.6,11.71,4.19,2.75,2.74,73844
2025-08-19,Bonny Light,REF_002,29.65,35.54,16.88,11.01,3.77,4.58,-1.44,18417
2025-08-26,Bonny Light,REF_002,31.61,36.48,16.6,12.41,4.43,4.52,-6.04,33733
2025-09-02,Bonny Light,REF_002,30.53,33.14,17.34,14.64,5.84,3.27,-4.75,26074
2025-09-09,Bonny Light,REF_002,30.26,36.29,16.67,11.69,6.4,2.94,-4.25,87396
2025-09-16,Bonny Light,REF_002,30.05,33.14,16.92,14.14,4.94,3.36,-2.55,82490
2025-09-23,Bonny Light,REF_002,31.83,37.03,16.15,12.16,6.29,3.6,-7.05,51566
2025-09-30,Bonny Light,REF_002,30.58,34.56,15.84,8.47,5.44,3.14,1.99,89465
2025-10-07,Bonny Light,REF_002,29.18,34.37,17.4,11.89,4.39,4.58,-1.81,76903
2025-10-14,Bonny Light,REF_002,30.58,36.68,15.64,10.76,6.24,3.16,-3.07,93406
2025-10-21,Bonny Light,REF_002,28.9,34.48,16.31,12.81,3.78,2.03,1.7,97885
2025-10-28,Bonny Light,REF_002,31.88,34.33,16.42,11.42,6.48,3.79,-4.32,84378
2025-11-04,Bonny Light,REF_002,31.94,35.39,16.03,11.49,6.4,3.75,-5.0,90614
2025-11-11,Bonny Light,REF_002,31.87,34.62,16.35,12.75,3.44,3.4,-2.43,23444
2025-11-18,Bonny Light,REF_002,31.68,36.9,15.74,12.67,5.55,4.28,-6.82,72620
2025-11-25,Bonny Light,REF_002,29.16,34.29,15.79,14.45,5.09,4.93,-3.7,50438
2025-12-02,Bonny Light,REF_002,30.5,36.29,17.05,9.62,4.15,2.29,0.1,82491
2025-12-09,Bonny Light,REF_002,31.46,33.45,15.97,11.15,5.17,3.57,-0.77,98476
2025-12-16,Bonny Light,REF_002,31.34,33.58,16.04,10.42,4.26,4.36,-0.0,42450
2025-12-23,Bonny Light,REF_002,30.26,35.26,16.0,10.26,6.12,4.6,-2.49,13337
2025-12-30,Bonny Light,REF_002,30.71,35.66,16.93,12.86,6.51,2.24,-4.9,44953
2026-01-06,Bonny Light,REF_002,31.42,36.51,15.99,12.1,3.72,4.55,-4.29,75738
2026-01-13,Bonny Light,REF_002,29.18,35.62,16.47,9.81,6.57,2.44,-0.1,52071
2026-01-20,Bonny Light,REF_002,30.62,36.42,15.76,12.26,3.03,4.47,-2.56,31125
2026-01-27,Bonny Light,REF_002,31.17,35.54,15.56,9.28,4.07,4.66,-0.28,53272
2026-02-03,Bonny Light,REF_002,31.94,33.32,15.47,14.64,5.9,4.35,-5.61,92422
2026-02-10,Bonny Light,REF_002,32.23,33.52,15.77,9.32,6.27,3.07,-0.18,63394
2026-02-17,Bonny Light,REF_002,31.71,35.86,15.59,11.12,3.27,3.44,-0.98,29737
2026-02-24,Bonny Light,REF_002,28.29,36.38,17.39,14.75,4.2,4.49,-5.5,71089
2026-03-03,Bonny Light,REF_002,31.49,36.51,17.42,9.06,6.08,4.2,-4.76,35896
2026-03-10,Bonny Light,REF_002,29.86,33.84,17.28,14.16,5.46,3.53,-4.12,30959
2026-03-17,Bonny Light,REF_002,31.45,33.16,16.38,14.02,5.47,3.91,-4.39,16363
2026-03-24,Bonny Light,REF_002,29.43,35.82,15.55,10.32,4.42,3.5,0.96,42613
2026-03-31,Bonny Light,REF_002,30.1,35.32,15.71,9.26,6.33,3.38,-0.11,41963
2026-04-07,Bonny Light,REF_002,30.02,33.83,15.94,11.61,4.44,3.43,0.74,23473
2024-04-09,Bonny Light,REF_003,30.63,31.21,15.26,14.7,5.17,4.16,-1.11,94172
2024-04-16,Bonny Light,REF_003,28.1,32.33,13.49,11.95,3.64,4.79,5.69,48841
2024-04-23,Bonny Light,REF_003,30.77,31.89,14.66,12.53,4.6,4.7,0.85,49132
2024-04-30,Bonny Light,REF_003,27.89,34.98,14.16,9.46,4.45,3.84,5.22,56082
2024-05-07,Bonny Light,REF_003,29.64,33.72,13.52,10.2,5.99,3.95,2.98,17951
2024-05-14,Bonny Light,REF_003,28.36,34.8,15.0,12.69,3.29,3.82,2.04,11096
2024-05-21,Bonny Light,REF_003,29.74,34.0,14.27,8.03,5.67,4.46,3.84,62728
2024-05-28,Bonny Light,REF_003,29.93,31.43,14.7,12.3,4.32,4.06,3.25,68102
2024-06-04,Bonny Light,REF_003,29.49,31.8,13.87,14.94,4.73,2.18,2.99,90910
2024-06-11,Bonny Light,REF_003,27.79,32.69,13.83,14.75,4.51,4.13,2.31,63854
2024-06-18,Bonny Light,REF_003,27.27,32.61,14.05,14.93,6.25,4.57,0.32,38216
2024-06-25,Bonny Light,REF_003,28.41,33.13,14.54,13.1,6.28,4.62,-0.08,12216
2024-07-02,Bonny Light,REF_003,30.28,33.51,14.34,12.4,6.53,3.64,-0.69,24596
2024-07-09,Bonny Light,REF_003,28.84,34.77,14.9,9.42,5.86,2.77,3.44,41368
2024-07-16,Bonny Light,REF_003,28.97,32.84,13.33,13.42,6.39,3.59,1.47,25565
2024-07-23,Bonny Light,REF_003,28.09,31.58,13.61,14.13,4.92,2.33,5.34,32927
2024-07-30,Bonny Light,REF_003,30.89,33.11,14.3,11.68,3.45,4.91,1.66,17603
2024-08-06,Bonny Light,REF_003,29.9,31.3,14.16,14.3,6.07,3.0,1.27,59621
2024-08-13,Bonny Light,REF_003,27.76,34.9,14.69,10.62,4.27,2.72,5.05,80786
2024-08-20,Bonny Light,REF_003,28.83,32.39,15.08,9.05,4.06,3.03,7.55,33386
2024-08-27,Bonny Light,REF_003,29.44,33.48,13.38,9.01,3.79,2.21,8.69,21228
2024-09-03,Bonny Light,REF_003,28.05,32.45,14.86,9.53,5.68,2.17,7.26,69241
2024-09-10,Bonny Light,REF_003,30.27,33.49,13.68,10.31,6.22,3.3,2.73,32971
2024-09-17,Bonny Light,REF_003,30.83,33.62,14.88,8.17,4.36,3.38,4.76,62867
2024-09-24,Bonny Light,REF_003,27.86,33.06,14.64,10.42,5.77,3.17,5.08,52251
2024-10-01,Bonny Light,REF_003,27.63,33.68,13.72,13.8,5.21,3.68,2.27,92122
2024-10-08,Bonny Light,REF_003,27.76,33.19,14.04,14.76,6.17,4.27,-0.2,28370
2024-10-15,Bonny Light,REF_003,28.04,31.19,14.55,10.6,4.25,3.91,7.46,84581
2024-10-22,Bonny Light,REF_003,27.63,34.75,13.34,8.67,6.35,3.48,5.79,94532
2024-10-29,Bonny Light,REF_003,28.94,34.78,13.75,12.32,6.98,3.13,0.11,10130
2024-11-05,Bonny Light,REF_003,27.35,34.51,14.26,11.76,6.2,4.43,1.49,52967
2024-11-12,Bonny Light,REF_003,30.53,32.95,14.62,8.23,3.55,4.55,5.56,38180
2024-11-19,Bonny Light,REF_003,28.43,33.72,14.46,8.58,6.06,3.85,4.89,86979
2024-11-26,Bonny Light,REF_003,29.24,32.73,14.02,8.03,3.16,2.39,10.43,93658
2024-12-03,Bonny Light,REF_003,30.62,33.06,13.63,9.02,4.02,4.73,4.91,56932
2024-12-10,Bonny Light,REF_003,30.31,33.1,14.49,12.27,3.13,3.34,3.37,87764
2024-12-17,Bonny Light,REF_003,29.05,32.81,14.33,10.67,5.06,2.41,5.68,97115
2024-12-24,Bonny Light,REF_003,27.23,33.0,13.69,8.41,5.61,4.96,7.1,77464
2024-12-31,Bonny Light,REF_003,28.11,33.05,13.37,11.72,3.4,4.38,5.97,15103
2025-01-07,Bonny Light,REF_003,27.13,34.52,15.16,8.61,4.12,4.23,6.24,58568
2025-01-14,Bonny Light,REF_003,30.89,32.63,13.28,8.14,5.26,4.26,5.55,81155
2025-01-21,Bonny Light,REF_003,30.74,31.99,14.75,13.79,6.35,3.23,-0.85,66338
2025-01-28,Bonny Light,REF_003,29.3,33.46,13.84,12.78,5.84,2.59,2.19,49926
2025-02-04,Bonny Light,REF_003,28.78,34.07,14.61,11.33,5.61,2.79,2.81,30911
2025-02-11,Bonny Light,REF_003,28.05,31.19,14.66,14.9,4.24,4.79,2.17,64588
2025-02-18,Bonny Light,REF_003,28.0,31.12,14.72,12.88,3.92,3.0,6.37,90824
2025-02-25,Bonny Light,REF_003,27.72,34.41,13.61,11.37,5.0,3.42,4.47,35913
2025-03-04,Bonny Light,REF_003,28.11,34.0,13.82,12.27,6.39,4.51,0.9,25043
2025-03-11,Bonny Light,REF_003,29.71,33.48,13.84,10.74,4.14,3.61,4.48,82326
2025-03-18,Bonny Light,REF_003,30.61,33.96,14.24,14.71,5.26,3.44,-2.21,87109
2025-03-25,Bonny Light,REF_003,27.83,31.7,14.84,14.09,3.29,4.29,3.95,48201
2025-04-01,Bonny Light,REF_003,29.91,31.61,15.22,14.17,4.62,4.68,-0.21,90543
2025-04-08,Bonny Light,REF_003,28.94,34.86,15.23,9.52,3.27,2.99,5.19,53995
2025-04-15,Bonny Light,REF_003,27.47,31.63,15.22,13.16,6.5,4.91,1.11,44032
2025-04-22,Bonny Light,REF_003,29.85,31.81,14.38,9.47,3.64,2.3,8.56,62176
2025-04-29,Bonny Light,REF_003,30.89,31.56,14.28,12.81,4.98,4.74,0.74,24966
2025-05-06,Bonny Light,REF_003,27.19,32.6,14.38,9.78,3.67,4.41,7.95,26971
2025-05-13,Bonny Light,REF_003,28.87,34.89,14.5,11.48,4.44,3.56,2.26,76087
2025-05-20,Bonny Light,REF_003,30.39,33.67,14.85,8.62,3.06,4.2,5.21,33553
2025-05-27,Bonny Light,REF_003,30.61,33.21,14.23,13.41,5.96,4.11,-1.54,72091
2025-06-03,Bonny Light,REF_003,29.16,34.78,15.05,10.31,6.22,4.67,-0.19,65642
2025-06-10,Bonny Light,REF_003,29.32,33.76,13.6,8.61,6.28,3.72,4.71,21025
2025-06-17,Bonny Light,REF_003,28.76,32.26,15.02,11.55,5.31,2.71,4.38,81915
2025-06-24,Bonny Light,REF_003,30.82,34.24,14.26,13.85,3.75,2.34,0.75,49439
2025-07-01,Bonny Light,REF_003,27.82,32.11,14.44,10.83,6.46,2.68,5.66,99711
2025-07-08,Bonny Light,REF_003,28.53,33.13,13.54,12.06,6.85,4.25,1.65,31964
2025-07-15,Bonny Light,REF_003,28.87,32.77,13.47,14.2,4.53,3.48,2.68,36212
2025-07-22,Bonny Light,REF_003,27.7,34.68,13.35,10.8,5.92,2.93,4.62,50142
2025-07-29,Bonny Light,REF_003,29.35,35.05,14.79,14.77,5.77,2.81,-2.54,35873
2025-08-05,Bonny Light,REF_003,30.39,32.78,14.01,14.62,3.05,3.57,1.58,79756
2025-08-12,Bonny Light,REF_003,30.04,32.54,14.34,8.04,5.14,3.77,6.12,88731
2025-08-19,Bonny Light,REF_003,27.94,34.37,14.71,12.66,4.58,3.1,2.64,73293
2025-08-26,Bonny Light,REF_003,31.06,32.69,15.11,12.11,6.47,2.65,-0.09,78600
2025-09-02,Bonny Light,REF_003,30.44,34.4,14.84,10.13,5.09,2.9,2.21,40866
2025-09-09,Bonny Light,REF_003,28.3,32.21,14.66,12.55,3.82,4.07,4.39,36196
2025-09-16,Bonny Light,REF_003,27.9,34.06,14.0,11.99,3.8,3.84,4.41,28719
2025-09-23,Bonny Light,REF_003,27.76,32.62,14.85,9.24,3.47,2.09,9.97,47436
2025-09-30,Bonny Light,REF_003,28.22,32.24,15.24,9.36,4.83,4.96,5.15,12755
2025-10-07,Bonny Light,REF_003,29.88,32.56,15.09,14.38,4.55,2.66,0.88,48520
2025-10-14,Bonny Light,REF_003,30.96,32.2,15.24,13.74,4.07,4.37,-0.57,14481
2025-10-21,Bonny Light,REF_003,29.29,32.5,14.13,11.31,5.01,3.97,3.79,72709
2025-10-28,Bonny Light,REF_003,31.0,34.12,14.65,10.75,3.47,2.18,3.84,52991
2025-11-04,Bonny Light,REF_003,29.77,33.67,15.18,10.68,5.51,4.66,0.53,46366
2025-11-11,Bonny Light,REF_003,29.01,34.76,14.37,13.6,6.74,3.71,-2.2,19826
2025-11-18,Bonny Light,REF_003,30.38,34.34,13.5,11.84,4.95,4.54,0.45,34716
2025-11-25,Bonny Light,REF_003,28.8,33.49,14.31,14.69,6.84,2.24,-0.37,36806
2025-12-02,Bonny Light,REF_003,27.13,32.74,14.6,11.3,3.27,2.59,8.38,25596
2025-12-09,Bonny Light,REF_003,29.14,33.78,13.91,8.91,6.19,4.58,3.49,34883
2025-12-16,Bonny Light,REF_003,28.78,31.4,13.73,13.37,4.46,3.81,4.45,95156
2025-12-23,Bonny Light,REF_003,29.99,32.89,14.01,9.33,6.02,2.34,5.42,15525
2025-12-30,Bonny Light,REF_003,27.51,32.04,14.53,14.03,6.97,4.19,0.72,23137
2026-01-06,Bonny Light,REF_003,28.21,31.6,13.5,11.97,6.63,4.05,4.04,82058
2026-01-13,Bonny Light,REF_003,29.13,32.97,15.15,13.05,4.84,3.0,1.86,18381
2026-01-20,Bonny Light,REF_003,30.38,31.75,14.3,12.46,5.98,2.25,2.88,10961
2026-01-27,Bonny Light,REF_003,29.92,32.89,13.64,14.87,6.17,3.74,-1.22,73189
2026-02-03,Bonny Light,REF_003,27.72,34.92,15.27,12.54,5.67,4.11,-0.23,69920
2026-02-10,Bonny Light,REF_003,28.85,33.23,13.84,11.13,4.74,2.86,5.34,80803
2026-02-17,Bonny Light,REF_003,28.73,33.28,13.59,11.32,6.05,3.33,3.7,60196
2026-02-24,Bonny Light,REF_003,29.9,32.63,13.98,8.6,5.33,4.12,5.44,62312
2026-03-03,Bonny Light,REF_003,28.23,32.12,13.59,8.33,4.71,2.48,10.54,72171
2026-03-10,Bonny Light,REF_003,30.94,31.37,15.06,12.6,6.44,2.46,1.12,91583
2026-03-17,Bonny Light,REF_003,30.93,34.7,14.84,8.63,3.88,4.74,2.28,30648
2026-03-24,Bonny Light,REF_003,28.49,31.27,14.53,11.94,6.85,4.68,2.24,55534
2026-03-31,Bonny Light,REF_003,29.53,32.72,13.54,14.07,5.2,3.28,1.66,16161
2026-04-07,Bonny Light,REF_003,29.76,32.67,13.78,14.14,3.73,3.55,2.38,81618
2024-04-09,Bonny Light,REF_004,32.51,38.31,16.4,9.79,3.34,4.84,-5.19,48154
2024-04-16,Bonny Light,REF_004,33.2,35.22,16.69,12.3,3.19,3.78,-4.38,79718
2024-04-23,Bonny Light,REF_004,34.35,37.86,16.91,8.54,5.88,4.48,-8.02,55150
2024-04-30,Bonny Light,REF_004,35.23,36.38,16.78,11.32,3.86,3.42,-6.98,23279
2024-05-07,Bonny Light,REF_004,32.69,38.08,16.61,9.57,6.98,3.73,-7.66,62723
2024-05-14,Bonny Light,REF_004,35.32,36.65,16.82,10.96,6.02,4.62,-10.39,34588
2024-05-21,Bonny Light,REF_004,32.99,35.86,17.57,9.95,6.57,4.93,-7.88,71120
2024-05-28,Bonny Light,REF_004,35.82,35.7,18.01,12.75,4.05,2.96,-9.29,53976
2024-06-04,Bonny Light,REF_004,35.11,38.04,17.65,13.05,4.06,4.22,-12.13,64448
2024-06-11,Bonny Light,REF_004,32.84,38.35,17.41,13.56,5.1,4.8,-12.05,22715
2024-06-18,Bonny Light,REF_004,34.13,34.65,16.77,9.97,4.89,4.46,-4.87,51998
2024-06-25,Bonny Light,REF_004,34.19,38.25,17.89,8.35,3.71,2.11,-4.5,16215
2024-07-02,Bonny Light,REF_004,33.3,37.46,16.87,10.75,4.58,3.77,-6.72,90362
2024-07-09,Bonny Light,REF_004,35.88,36.97,17.39,12.77,5.67,3.57,-12.25,76326
2024-07-16,Bonny Light,REF_004,33.91,38.54,16.48,11.1,4.59,4.31,-8.92,27174
2024-07-23,Bonny Light,REF_004,33.68,37.34,17.59,11.82,4.74,4.26,-9.42,68178
2024-07-30,Bonny Light,REF_004,35.44,37.48,16.66,12.34,3.18,3.16,-8.26,47074
2024-08-06,Bonny Light,REF_004,35.36,35.27,17.67,9.35,6.79,3.59,-8.03,73739
2024-08-13,Bonny Light,REF_004,34.53,35.76,18.18,12.39,5.04,3.59,-9.49,90162
2024-08-20,Bonny Light,REF_004,32.18,36.11,18.06,8.26,5.56,3.21,-3.38,28412
2024-08-27,Bonny Light,REF_004,34.39,37.87,17.31,9.03,4.22,4.94,-7.77,19998
2024-09-03,Bonny Light,REF_004,32.59,38.51,18.14,12.95,3.6,2.72,-8.52,26216
2024-09-10,Bonny Light,REF_004,34.47,36.15,16.48,10.04,6.44,4.39,-7.96,67871
2024-09-17,Bonny Light,REF_004,32.29,38.08,17.45,11.46,6.74,2.03,-8.04,60030
2024-09-24,Bonny Light,REF_004,35.11,34.8,17.09,14.84,3.85,3.59,-9.29,77146
2024-10-01,Bonny Light,REF_004,33.51,36.18,16.51,9.33,6.52,4.45,-6.5,37417
2024-10-08,Bonny Light,REF_004,33.47,36.31,17.07,12.58,3.05,4.64,-7.12,37058
2024-10-15,Bonny Light,REF_004,35.43,36.37,17.93,13.78,4.21,3.92,-11.64,64667
2024-10-22,Bonny Light,REF_004,33.85,36.43,16.99,10.17,5.19,2.1,-4.73,94029
2024-10-29,Bonny Light,REF_004,34.54,36.32,16.5,12.41,3.07,4.04,-6.89,16527
2024-11-05,Bonny Light,REF_004,34.57,36.17,17.71,8.97,3.47,2.74,-3.63,47036
2024-11-12,Bonny Light,REF_004,32.96,34.88,17.03,12.94,5.33,4.89,-8.03,49232
2024-11-19,Bonny Light,REF_004,33.27,37.32,17.2,12.33,6.79,3.5,-10.41,54835
2024-11-26,Bonny Light,REF_004,35.04,37.57,17.41,8.45,6.92,3.13,-8.54,38503
2024-12-03,Bonny Light,REF_004,35.87,38.04,17.04,10.16,5.88,3.0,-9.99,32628
2024-12-10,Bonny Light,REF_004,35.86,36.81,17.9,12.99,6.02,4.71,-14.3,55069
2024-12-17,Bonny Light,REF_004,34.96,37.74,18.27,12.99,6.57,2.29,-12.81,21348
2024-12-24,Bonny Light,REF_004,32.58,35.13,16.55,8.86,6.98,2.82,-2.92,53024
2024-12-31,Bonny Light,REF_004,35.23,35.02,17.01,9.12,3.25,4.88,-4.51,87252
2025-01-07,Bonny Light,REF_004,35.46,38.02,16.69,13.49,5.91,4.78,-14.36,29739
2025-01-14,Bonny Light,REF_004,33.6,35.73,16.9,12.57,3.66,3.39,-5.84,68197
2025-01-21,Bonny Light,REF_004,32.46,35.58,18.31,13.57,5.71,4.57,-10.2,11257
2025-01-28,Bonny Light,REF_004,31.97,35.17,17.37,11.99,3.45,2.22,-2.17,84550
2025-02-04,Bonny Light,REF_004,33.8,38.52,16.84,12.53,6.22,4.62,-12.53,37568
2025-02-11,Bonny Light,REF_004,32.72,35.45,17.71,11.66,5.4,2.06,-5.0,45187
2025-02-18,Bonny Light,REF_004,33.18,38.0,17.93,11.01,5.52,2.14,-7.79,67352
2025-02-25,Bonny Light,REF_004,32.33,37.41,17.53,10.1,4.48,2.27,-4.12,39050
2025-03-04,Bonny Light,REF_004,35.81,36.49,17.33,12.4,4.94,3.07,-10.04,22556
2025-03-11,Bonny Light,REF_004,34.46,37.55,18.23,8.02,3.27,4.7,-6.22,66803
2025-03-18,Bonny Light,REF_004,35.78,36.27,17.21,10.41,3.57,3.14,-6.38,11318
2025-03-25,Bonny Light,REF_004,33.98,37.94,17.02,8.66,6.9,2.39,-6.89,57582
2025-04-01,Bonny Light,REF_004,35.18,35.56,18.06,11.9,4.33,4.6,-9.63,65980
2025-04-08,Bonny Light,REF_004,34.41,36.57,16.93,10.13,3.35,2.73,-4.12,35004
2025-04-15,Bonny Light,REF_004,32.18,34.99,16.92,12.74,3.74,3.57,-4.13,55711
2025-04-22,Bonny Light,REF_004,35.28,36.99,18.21,12.4,3.1,3.14,-9.12,72914
2025-04-29,Bonny Light,REF_004,33.84,36.23,17.72,10.0,6.64,3.24,-7.67,66809
2025-05-06,Bonny Light,REF_004,35.87,37.69,17.44,14.02,5.24,3.32,-13.59,88610
2025-05-13,Bonny Light,REF_004,32.05,36.18,17.07,13.0,3.05,3.98,-5.33,41172
2025-05-20,Bonny Light,REF_004,32.34,38.47,16.8,10.44,3.83,3.99,-5.87,80426
2025-05-27,Bonny Light,REF_004,35.39,35.79,17.43,12.64,5.52,4.15,-10.92,79275
2025-06-03,Bonny Light,REF_004,32.33,35.22,17.85,11.34,4.71,3.37,-4.82,43482
2025-06-10,Bonny Light,REF_004,34.31,35.84,17.65,9.42,6.03,4.34,-7.6,62066
2025-06-17,Bonny Light,REF_004,33.42,34.61,16.62,8.56,3.04,4.17,-0.42,96046
2025-06-24,Bonny Light,REF_004,31.99,35.0,18.1,12.82,4.62,4.98,-7.51,61625
2025-07-01,Bonny Light,REF_004,34.62,37.16,16.83,11.42,3.87,3.53,-7.42,12770
2025-07-08,Bonny Light,REF_004,33.47,36.04,16.96,8.55,6.08,3.26,-4.37,83257
2025-07-15,Bonny Light,REF_004,35.29,35.4,17.22,13.05,5.0,4.57,-10.52,61441
2025-07-22,Bonny Light,REF_004,34.46,37.7,16.62,12.09,3.34,2.78,-7.0,29131
2025-07-29,Bonny Light,REF_004,34.21,37.93,16.65,13.38,3.57,2.57,-8.3,92524
2025-08-05,Bonny Light,REF_004,31.98,35.34,16.81,9.97,4.45,2.31,-0.87,52160
2025-08-12,Bonny Light,REF_004,33.54,37.05,18.11,10.08,5.19,3.11,-7.09,13622
2025-08-19,Bonny Light,REF_004,35.23,37.09,16.38,9.75,4.24,4.43,-7.12,78464
2025-08-26,Bonny Light,REF_004,33.53,35.18,17.15,13.67,4.81,2.35,-6.69,13469
2025-09-02,Bonny Light,REF_004,33.28,35.14,17.87,9.95,6.51,3.85,-6.6,45429
2025-09-09,Bonny Light,REF_004,34.38,35.73,16.66,14.75,5.25,2.02,-8.8,37928
2025-09-16,Bonny Light,REF_004,32.58,35.58,16.49,9.72,5.73,4.46,-4.56,41265
2025-09-23,Bonny Light,REF_004,34.03,34.72,16.56,11.86,6.36,2.26,-5.8,47669
2025-09-30,Bonny Light,REF_004,35.83,37.5,16.77,10.0,6.79,2.66,-9.56,49681
2025-10-07,Bonny Light,REF_004,33.37,36.51,16.85,12.68,3.94,3.81,-7.15,42199
2025-10-14,Bonny Light,REF_004,32.95,37.33,18.31,14.09,3.35,3.36,-9.39,72530
2025-10-21,Bonny Light,REF_004,34.19,37.46,18.33,10.4,6.08,2.28,-8.74,88277
2025-10-28,Bonny Light,REF_004,35.06,36.63,18.02,12.67,5.21,4.84,-12.43,21723
2025-11-04,Bonny Light,REF_004,35.92,35.17,17.34,9.62,4.09,3.9,-6.03,13123
2025-11-11,Bonny Light,REF_004,35.71,35.67,16.92,14.04,6.06,4.02,-12.42,23172
2025-11-18,Bonny Light,REF_004,35.02,35.99,18.37,12.7,6.34,4.2,-12.63,63481
2025-11-25,Bonny Light,REF_004,34.81,36.94,16.48,10.42,4.27,4.14,-7.06,61855
2025-12-02,Bonny Light,REF_004,34.39,37.94,17.43,9.53,3.05,2.48,-4.81,12752
2025-12-09,Bonny Light,REF_004,32.89,37.09,16.68,8.57,6.88,4.99,-7.11,67332
2025-12-16,Bonny Light,REF_004,32.38,37.84,17.46,9.27,5.3,2.12,-4.37,97522
2025-12-23,Bonny Light,REF_004,35.25,35.59,17.22,10.77,6.45,3.06,-8.33,14318
2025-12-30,Bonny Light,REF_004,32.8,35.41,18.28,14.47,4.2,2.01,-7.17,56529
2026-01-06,Bonny Light,REF_004,35.13,35.62,17.26,9.21,4.31,4.28,-5.81,48545
2026-01-13,Bonny Light,REF_004,33.73,37.71,17.91,9.31,4.66,4.55,-7.86,51106
2026-01-20,Bonny Light,REF_004,34.59,35.77,16.5,9.15,4.61,3.06,-3.68,90607
2026-01-27,Bonny Light,REF_004,34.13,37.06,17.76,11.72,6.08,4.35,-11.09,41624
2026-02-03,Bonny Light,REF_004,32.28,38.5,17.66,12.96,6.03,3.84,-11.27,52381
2026-02-10,Bonny Light,REF_004,35.88,37.46,18.07,11.08,6.62,4.2,-13.31,77151
2026-02-17,Bonny Light,REF_004,32.29,37.02,17.05,12.68,5.27,2.33,-6.65,57698
2026-02-24,Bonny Light,REF_004,33.75,37.66,17.39,11.37,5.88,4.01,-10.04,99266
2026-03-03,Bonny Light,REF_004,33.35,37.3,16.71,13.63,6.14,4.18,-11.32,20714
2026-03-10,Bonny Light,REF_004,35.89,38.32,17.12,12.04,6.56,3.48,-13.41,63924
2026-03-17,Bonny Light,REF_004,34.36,37.15,17.53,10.84,5.16,4.61,-9.65,87769
2026-03-24,Bonny Light,REF_004,35.03,36.21,17.95,10.71,5.66,3.7,-9.27,37002
2026-03-31,Bonny Light,REF_004,33.76,37.87,18.21,9.44,4.82,3.3,-7.39,54011
2026-04-07,Bonny Light,REF_004,35.85,36.62,18.04,12.65,3.43,4.09,-10.68,68235
2024-04-09,Bonny Light,REF_005,34.39,30.08,14.27,11.62,3.0,4.1,2.54,56211
2024-04-16,Bonny Light,REF_005,32.58,28.68,12.85,9.13,5.33,4.31,7.13,31114
2024-04-23,Bonny Light,REF_005,34.1,32.19,13.69,13.43,3.82,2.22,0.54,42884
2024-04-30,Bonny Light,REF_005,34.15,31.34,14.36,12.41,4.65,4.39,-1.29,23776
2024-05-07,Bonny Light,REF_005,34.56,30.06,12.76,9.13,6.93,3.87,2.68,25683
2024-05-14,Bonny Light,REF_005,32.38,30.08,12.56,8.76,6.05,4.36,5.81,98941
2024-05-21,Bonny Light,REF_005,31.58,32.15,13.08,10.29,3.51,4.96,4.42,98289
2024-05-28,Bonny Light,REF_005,34.77,28.96,14.13,12.44,3.52,2.79,3.4,72030
2024-06-04,Bonny Light,REF_005,34.52,31.99,13.54,11.74,5.74,4.33,-1.86,25352
2024-06-11,Bonny Light,REF_005,34.27,29.96,13.22,8.54,5.35,2.28,6.38,92182
2024-06-18,Bonny Light,REF_005,33.79,32.56,12.94,12.76,6.86,2.9,-1.8,18669
2024-06-25,Bonny Light,REF_005,33.85,30.06,12.99,14.96,6.02,3.46,-1.33,14500
2024-07-02,Bonny Light,REF_005,32.08,29.79,13.42,11.48,3.1,4.83,5.3,58852
2024-07-09,Bonny Light,REF_005,31.39,31.4,12.59,13.05,5.81,4.95,0.81,40783
2024-07-16,Bonny Light,REF_005,31.89,28.96,12.59,13.67,5.87,4.93,2.08,37826
2024-07-23,Bonny Light,REF_005,34.52,28.97,14.26,8.36,6.15,2.92,4.82,26307
2024-07-30,Bonny Light,REF_005,34.13,32.18,13.98,10.19,4.41,2.57,2.54,84165
2024-08-06,Bonny Light,REF_005,31.74,32.21,13.65,12.12,6.35,4.0,-0.07,37381
2024-08-13,Bonny Light,REF_005,32.71,29.29,13.38,8.77,5.61,2.51,7.74,87753
2024-08-20,Bonny Light,REF_005,34.11,32.16,12.62,13.59,6.52,2.13,-1.14,99916
2024-08-27,Bonny Light,REF_005,32.51,29.44,13.28,8.06,6.54,2.81,7.36,56943
2024-09-03,Bonny Light,REF_005,33.8,31.76,12.95,13.02,3.47,4.11,0.88,92736
2024-09-10,Bonny Light,REF_005,31.65,29.06,13.56,8.32,3.75,2.57,11.08,53312
2024-09-17,Bonny Light,REF_005,32.3,30.5,13.49,13.11,6.78,3.51,0.3,41950
2024-09-24,Bonny Light,REF_005,32.34,31.13,14.33,13.35,3.82,4.68,0.33,76196
2024-10-01,Bonny Light,REF_005,31.82,31.45,13.03,11.44,4.2,2.25,5.81,79172
2024-10-08,Bonny Light,REF_005,34.62,29.52,12.93,11.01,6.25,2.23,3.44,82784
2024-10-15,Bonny Light,REF_005,35.0,30.84,12.57,9.89,3.45,2.78,5.48,83060
2024-10-22,Bonny Light,REF_005,31.53,29.73,13.48,14.12,4.0,4.33,2.8,62521
2024-10-29,Bonny Light,REF_005,34.01,32.04,12.5,11.71,5.99,4.65,-0.91,21942
2024-11-05,Bonny Light,REF_005,32.68,28.91,14.12,14.0,4.93,2.06,3.3,19197
2024-11-12,Bonny Light,REF_005,33.81,32.53,14.13,13.59,4.67,4.96,-3.67,84247
2024-11-19,Bonny Light,REF_005,32.65,31.59,13.31,12.62,6.88,2.74,0.2,81550
2024-11-26,Bonny Light,REF_005,33.67,32.4,12.72,13.04,3.15,2.74,2.29,38876
2024-12-03,Bonny Light,REF_005,33.04,32.46,12.58,9.18,3.81,3.27,5.65,15462
2024-12-10,Bonny Light,REF_005,35.17,30.83,14.07,13.41,5.64,4.71,-3.84,91214
2024-12-17,Bonny Light,REF_005,31.82,32.2,13.5,9.88,5.43,2.84,4.33,53110
2024-12-24,Bonny Light,REF_005,34.58,28.72,12.81,14.7,4.78,2.91,1.5,93095
2024-12-31,Bonny Light,REF_005,34.95,28.77,13.17,14.39,3.72,3.73,1.26,38870
2025-01-07,Bonny Light,REF_005,34.26,29.23,13.64,8.0,4.01,2.49,8.38,28884
2025-01-14,Bonny Light,REF_005,34.75,32.25,13.96,12.13,3.92,2.82,0.16,37890
2025-01-21,Bonny Light,REF_005,34.42,29.61,14.39,13.58,7.0,3.38,-2.37,63039
2025-01-28,Bonny Light,REF_005,32.43,31.01,14.4,8.21,4.16,2.84,6.95,98413
2025-02-04,Bonny Light,REF_005,31.84,31.85,13.0,14.02,4.95,2.73,1.62,73875
2025-02-11,Bonny Light,REF_005,34.68,30.48,13.88,9.27,6.75,2.29,2.66,29975
2025-02-18,Bonny Light,REF_005,32.46,29.21,13.26,11.2,5.07,2.12,6.67,29719
2025-02-25,Bonny Light,REF_005,34.54,31.84,13.11,11.23,3.73,4.47,1.09,96101
2025-03-04,Bonny Light,REF_005,32.47,31.72,13.15,8.02,5.4,3.23,6.0,78259
2025-03-11,Bonny Light,REF_005,34.3,32.38,13.32,11.38,4.6,2.89,1.12,67405
2025-03-18,Bonny Light,REF_005,34.62,29.23,14.41,12.79,6.12,5.0,-2.16,55362
2025-03-25,Bonny Light,REF_005,31.59,31.76,14.19,9.14,3.1,2.41,7.82,39156
2025-04-01,Bonny Light,REF_005,35.01,28.61,14.06,13.98,6.24,2.25,-0.14,71127
2025-04-08,Bonny Light,REF_005,35.12,29.08,12.51,14.12,5.58,3.94,-0.35,96798
2025-04-15,Bonny Light,REF_005,34.39,30.19,13.32,9.01,4.22,3.34,5.54,33497
2025-04-22,Bonny Light,REF_005,34.97,28.64,13.62,13.4,5.93,3.93,-0.5,46930
2025-04-29,Bonny Light,REF_005,34.98,29.91,13.95,14.49,3.51,4.84,-1.68,79842
2025-05-06,Bonny Light,REF_005,33.78,30.09,14.26,8.31,4.73,4.27,4.57,83002
2025-05-13,Bonny Light,REF_005,32.12,28.79,14.05,10.95,3.57,2.26,8.26,67657
2025-05-20,Bonny Light,REF_005,33.64,32.01,12.51,14.08,6.55,3.34,-2.13,16899
2025-05-27,Bonny Light,REF_005,35.1,28.88,13.63,11.45,6.34,3.51,1.09,52220
2025-06-03,Bonny Light,REF_005,34.83,32.45,13.55,11.18,6.32,4.49,-2.83,38744
2025-06-10,Bonny Light,REF_005,33.61,29.21,13.72,13.84,3.75,2.97,2.9,50404
2025-06-17,Bonny Light,REF_005,34.69,31.52,13.08,9.7,5.78,3.44,1.78,63419
2025-06-24,Bonny Light,REF_005,33.9,30.83,13.67,14.21,6.47,2.45,-1.54,62784
2025-07-01,Bonny Light,REF_005,33.07,29.74,13.71,11.58,6.1,2.28,3.53,37241
2025-07-08,Bonny Light,REF_005,31.41,31.58,14.27,12.11,5.47,2.14,3.02,55340
2025-07-15,Bonny Light,REF_005,33.42,28.75,14.01,9.95,5.89,3.21,4.77,99608
2025-07-22,Bonny Light,REF_005,32.16,28.83,14.41,9.71,5.54,3.12,6.23,67566
2025-07-29,Bonny Light,REF_005,33.69,31.42,12.48,13.85,4.91,3.56,0.07,46992
2025-08-05,Bonny Light,REF_005,35.27,31.8,13.07,13.48,4.75,4.61,-2.98,12776
2025-08-12,Bonny Light,REF_005,32.73,30.31,13.94,9.28,4.15,4.17,5.43,16915
2025-08-19,Bonny Light,REF_005,32.11,31.61,14.2,13.1,5.11,2.3,1.57,84450
2025-08-26,Bonny Light,REF_005,31.81,30.14,12.55,12.97,5.01,4.72,2.81,22486
2025-09-02,Bonny Light,REF_005,34.59,30.64,13.18,12.5,6.16,3.32,-0.39,30952
2025-09-09,Bonny Light,REF_005,34.97,29.85,14.44,13.37,5.75,2.04,-0.42,50367
2025-09-16,Bonny Light,REF_005,33.32,30.1,12.75,10.57,3.3,2.87,7.09,17531
2025-09-23,Bonny Light,REF_005,34.32,31.28,14.33,10.66,6.14,3.76,-0.49,68149
2025-09-30,Bonny Light,REF_005,33.5,31.71,12.53,8.56,3.38,2.87,7.44,63201
2025-10-07,Bonny Light,REF_005,33.89,31.45,13.01,12.55,3.47,2.03,3.6,72521
2025-10-14,Bonny Light,REF_005,34.17,31.08,12.97,14.49,6.5,3.55,-2.76,99022
2025-10-21,Bonny Light,REF_005,32.5,30.56,14.3,11.23,4.88,2.24,4.28,29021
2025-10-28,Bonny Light,REF_005,31.94,30.86,13.08,8.54,5.04,4.01,6.53,76287
2025-11-04,Bonny Light,REF_005,34.66,30.52,13.23,12.79,3.05,3.9,1.85,46511
2025-11-11,Bonny Light,REF_005,33.12,29.78,12.7,10.81,4.23,4.88,4.47,94918
2025-11-18,Bonny Light,REF_005,33.88,32.21,13.95,10.42,5.42,2.66,1.46,71848
2025-11-25,Bonny Light,REF_005,31.49,31.92,13.61,8.41,6.49,4.63,3.45,86753
2025-12-02,Bonny Light,REF_005,34.41,31.31,13.24,8.95,4.16,3.04,4.89,42226
2025-12-09,Bonny Light,REF_005,33.57,29.43,12.83,13.02,3.03,2.45,5.68,49146
2025-12-16,Bonny Light,REF_005,31.91,32.43,13.79,11.03,3.45,3.16,4.24,68554
2025-12-23,Bonny Light,REF_005,35.18,30.49,13.83,9.37,5.49,2.72,2.92,27832
2025-12-30,Bonny Light,REF_005,33.35,29.44,13.89,14.56,4.57,2.97,1.22,25829
2026-01-06,Bonny Light,REF_005,32.87,30.83,13.19,12.36,5.65,2.29,2.8,72800
2026-01-13,Bonny Light,REF_005,34.91,28.7,13.55,12.23,5.84,3.16,1.61,83683
2026-01-20,Bonny Light,REF_005,33.47,30.23,13.89,14.49,6.25,4.79,-3.12,33934
2026-01-27,Bonny Light,REF_005,31.78,30.73,12.54,12.72,3.96,3.36,4.9,69000
2026-02-03,Bonny Light,REF_005,33.24,29.54,14.21,13.35,5.4,4.1,0.16,47379
2026-02-10,Bonny Light,REF_005,32.81,29.24,14.06,10.67,5.77,2.9,4.56,81639
2026-02-17,Bonny Light,REF_005,31.73,31.1,14.06,12.62,5.78,3.58,1.13,60312
2026-02-24,Bonny Light,REF_005,31.57,29.6,13.89,14.62,5.17,4.18,0.97,71522
2026-03-03,Bonny Light,REF_005,35.31,31.78,13.7,8.81,4.45,2.75,3.21,86830
2026-03-10,Bonny Light,REF_005,33.09,30.74,14.38,13.86,6.16,2.43,-0.65,12049
2026-03-17,Bonny Light,REF_005,31.81,31.56,13.27,8.82,5.96,2.58,6.0,63013
2026-03-24,Bonny Light,REF_005,34.28,31.03,14.44,11.04,4.25,2.6,2.37,55340
2026-03-31,Bonny Light,REF_005,34.72,32.38,14.39,11.72,5.42,3.74,-2.38,51937
2026-04-07,Bonny Light,REF_005,31.92,28.86,13.32,9.3,6.55,4.29,5.77,65656
2024-04-09,Arab Light,REF_001,22.04,32.99,13.82,13.31,4.89,2.79,10.16,53005
2024-04-16,Arab Light,REF_001,24.07,33.64,12.16,13.48,3.68,3.71,9.26,82586
2024-04-23,Arab Light,REF_001,22.53,31.97,12.75,10.14,6.35,4.48,11.79,84103
2024-04-30,Arab Light,REF_001,21.42,33.55,12.18,9.45,5.06,3.22,15.13,20069
2024-05-07,Arab Light,REF_001,20.45,32.8,12.73,8.11,4.72,2.92,18.26,61894
2024-05-14,Arab Light,REF_001,24.0,31.59,14.1,8.6,3.35,4.14,14.22,77376
2024-05-21,Arab Light,REF_001,21.98,31.5,13.69,14.69,6.96,3.9,7.27,76610
2024-05-28,Arab Light,REF_001,23.57,33.55,14.09,13.67,5.65,3.13,6.33,63818
2024-06-04,Arab Light,REF_001,23.81,31.58,12.17,10.29,6.84,4.38,10.94,26842
2024-06-11,Arab Light,REF_001,20.33,33.03,13.26,8.58,6.86,3.85,14.07,68636
2024-06-18,Arab Light,REF_001,23.7,31.7,13.22,12.03,6.87,2.39,10.08,78302
2024-06-25,Arab Light,REF_001,22.59,33.74,13.77,8.08,4.03,2.54,15.26,51553
2024-07-02,Arab Light,REF_001,23.91,30.38,13.08,14.19,6.7,3.97,7.77,84677
2024-07-09,Arab Light,REF_001,21.58,31.5,12.2,11.52,4.82,3.12,15.25,20200
2024-07-16,Arab Light,REF_001,21.21,31.17,13.99,14.77,3.01,2.51,13.34,89990
2024-07-23,Arab Light,REF_001,20.44,34.13,12.87,11.77,6.06,2.73,12.01,19060
2024-07-30,Arab Light,REF_001,23.52,34.29,13.42,13.78,6.77,2.69,5.53,41536
2024-08-06,Arab Light,REF_001,21.16,30.6,13.57,9.02,3.37,3.07,19.2,15450
2024-08-13,Arab Light,REF_001,21.0,30.64,13.86,13.46,6.44,4.6,10.0,95005
2024-08-20,Arab Light,REF_001,21.03,33.96,13.16,9.16,5.62,2.98,14.09,14182
2024-08-27,Arab Light,REF_001,20.6,32.05,13.76,10.18,6.06,2.17,15.18,45435
2024-09-03,Arab Light,REF_001,20.79,33.81,14.04,10.28,6.96,4.26,9.86,10111
2024-09-10,Arab Light,REF_001,22.23,33.69,13.17,11.85,4.79,3.19,11.08,12465
2024-09-17,Arab Light,REF_001,22.77,33.42,13.69,12.37,4.37,2.07,11.31,90620
2024-09-24,Arab Light,REF_001,22.0,32.76,12.49,8.99,3.35,4.4,16.01,68181
2024-10-01,Arab Light,REF_001,22.77,34.03,12.42,9.19,3.76,3.27,14.55,88679
2024-10-08,Arab Light,REF_001,23.81,32.72,13.42,14.28,5.5,2.69,7.58,73442
2024-10-15,Arab Light,REF_001,23.36,32.9,12.65,10.8,4.88,2.44,12.97,50700
2024-10-22,Arab Light,REF_001,20.93,32.35,12.21,14.64,3.99,3.4,12.48,12947
2024-10-29,Arab Light,REF_001,21.06,33.13,12.33,12.4,3.01,3.4,14.69,74920
2024-11-05,Arab Light,REF_001,23.99,32.33,13.79,13.62,4.18,4.62,7.47,67625
2024-11-12,Arab Light,REF_001,20.7,34.11,12.46,11.29,4.87,3.88,12.69,69846
2024-11-19,Arab Light,REF_001,21.22,31.77,12.39,8.88,6.3,4.25,15.19,49841
2024-11-26,Arab Light,REF_001,20.67,32.16,12.69,13.45,3.39,3.35,14.3,63224
2024-12-03,Arab Light,REF_001,24.23,30.71,12.33,14.92,4.62,4.23,8.96,80512
2024-12-10,Arab Light,REF_001,21.54,31.21,12.66,13.35,6.36,4.1,10.78,49710
2024-12-17,Arab Light,REF_001,21.33,32.06,13.93,14.04,4.29,2.98,11.35,80197
2024-12-24,Arab Light,REF_001,21.99,32.65,12.95,9.7,3.76,2.42,16.54,11028
2024-12-31,Arab Light,REF_001,21.41,31.04,12.62,8.53,4.37,3.56,18.47,95011
2025-01-07,Arab Light,REF_001,21.67,30.48,12.83,13.72,4.36,2.88,14.06,92709
2025-01-14,Arab Light,REF_001,21.47,34.24,13.77,12.79,5.39,2.67,9.66,75735
2025-01-21,Arab Light,REF_001,21.67,32.3,12.31,10.07,5.12,3.4,15.12,40916
2025-01-28,Arab Light,REF_001,22.17,33.34,13.02,11.54,5.8,4.52,9.6,57417
2025-02-04,Arab Light,REF_001,24.08,31.77,12.61,12.85,3.7,4.7,10.29,44791
2025-02-11,Arab Light,REF_001,23.08,32.64,12.21,12.96,6.16,4.95,8.0,47451
2025-02-18,Arab Light,REF_001,22.3,33.86,12.64,9.32,3.53,4.93,13.41,34332
2025-02-25,Arab Light,REF_001,23.31,32.15,12.59,14.39,4.86,3.7,9.0,30024
2025-03-04,Arab Light,REF_001,21.58,33.35,12.79,11.54,3.46,4.55,12.73,76382
2025-03-11,Arab Light,REF_001,23.33,31.07,13.1,8.19,4.26,3.04,17.01,92232
2025-03-18,Arab Light,REF_001,24.26,32.83,13.14,11.08,3.07,4.4,11.22,70464
2025-03-25,Arab Light,REF_001,22.88,33.59,13.96,10.73,4.71,4.93,9.21,69798
2025-04-01,Arab Light,REF_001,23.69,31.24,12.74,10.74,4.27,4.65,12.67,56035
2025-04-08,Arab Light,REF_001,24.1,31.64,12.18,8.97,3.87,3.92,15.33,26297
2025-04-15,Arab Light,REF_001,21.81,33.54,12.35,8.56,5.16,4.09,14.48,91985
2025-04-22,Arab Light,REF_001,22.93,34.14,12.59,10.39,6.36,4.43,9.15,69840
2025-04-29,Arab Light,REF_001,22.31,30.43,12.67,9.11,3.2,4.33,17.96,21818
2025-05-06,Arab Light,REF_001,21.71,34.27,12.92,8.99,5.76,4.43,11.92,35123
2025-05-13,Arab Light,REF_001,23.52,31.44,13.49,8.87,4.71,3.56,14.4,75275
2025-05-20,Arab Light,REF_001,22.88,33.77,12.47,12.63,3.51,3.43,11.3,57210
2025-05-27,Arab Light,REF_001,20.39,30.64,13.78,10.01,4.38,3.92,16.87,29864
2025-06-03,Arab Light,REF_001,21.06,32.04,12.22,14.42,6.76,3.34,10.16,28831
2025-06-10,Arab Light,REF_001,22.17,30.76,12.9,8.52,5.82,2.83,17.01,56859
2025-06-17,Arab Light,REF_001,20.34,32.45,12.11,14.48,5.0,2.3,13.31,40694
2025-06-24,Arab Light,REF_001,20.47,32.48,12.35,11.31,4.22,4.28,14.88,53402
2025-07-01,Arab Light,REF_001,23.68,34.12,14.04,9.82,6.07,3.31,8.95,48355
2025-07-08,Arab Light,REF_001,23.76,30.94,13.06,12.15,3.26,4.59,12.24,38290
2025-07-15,Arab Light,REF_001,22.91,34.07,13.54,14.2,3.28,3.48,8.52,60834
2025-07-22,Arab Light,REF_001,23.04,30.82,13.42,9.02,3.27,3.41,17.02,64033
2025-07-29,Arab Light,REF_001,24.12,33.15,13.29,9.5,3.61,3.82,12.51,30065
2025-08-05,Arab Light,REF_001,23.11,30.81,12.78,13.41,6.32,3.04,10.52,28604
2025-08-12,Arab Light,REF_001,24.12,33.4,13.72,9.56,4.7,2.2,12.3,19845
2025-08-19,Arab Light,REF_001,21.17,31.57,14.1,10.95,5.79,4.71,11.7,32145
2025-08-26,Arab Light,REF_001,20.86,31.33,13.87,12.66,4.81,4.46,12.01,31305
2025-09-02,Arab Light,REF_001,21.24,32.62,13.69,9.82,3.84,3.42,15.37,22078
2025-09-09,Arab Light,REF_001,23.28,32.67,13.13,14.11,5.93,2.45,8.44,47838
2025-09-16,Arab Light,REF_001,21.57,33.56,13.54,11.3,6.29,3.23,10.49,82319
2025-09-23,Arab Light,REF_001,20.41,30.89,13.62,8.8,5.74,4.17,16.37,69597
2025-09-30,Arab Light,REF_001,23.56,32.4,13.9,11.99,5.03,3.53,9.59,92087
2025-10-07,Arab Light,REF_001,21.26,33.14,12.59,8.65,6.81,2.39,15.16,71757
2025-10-14,Arab Light,REF_001,21.98,33.7,13.65,9.01,4.87,2.08,14.7,48657
2025-10-21,Arab Light,REF_001,23.09,31.28,13.73,8.37,3.14,2.08,18.31,35202
2025-10-28,Arab Light,REF_001,22.15,30.79,14.1,15.0,5.08,3.7,9.18,93412
2025-11-04,Arab Light,REF_001,23.36,31.03,13.69,9.62,4.72,3.6,13.98,74529
2025-11-11,Arab Light,REF_001,20.89,30.66,13.84,13.79,5.09,3.99,11.75,74737
2025-11-18,Arab Light,REF_001,22.19,31.38,13.07,14.66,6.35,3.4,8.95,30302
2025-11-25,Arab Light,REF_001,23.84,32.91,12.91,8.78,6.01,2.95,12.59,64567
2025-12-02,Arab Light,REF_001,22.56,33.15,13.18,12.41,3.33,4.0,11.37,27477
2025-12-09,Arab Light,REF_001,21.85,32.41,13.48,13.2,5.82,2.29,10.96,44821
2025-12-16,Arab Light,REF_001,21.41,31.95,13.4,9.35,5.01,4.65,14.23,75801
2025-12-23,Arab Light,REF_001,23.19,33.75,12.9,13.32,3.23,2.17,11.44,39861
2025-12-30,Arab Light,REF_001,21.07,32.43,12.47,14.83,6.4,4.95,7.85,82698
2026-01-06,Arab Light,REF_001,24.09,31.83,13.1,9.68,5.54,4.36,11.4,54886
2026-01-13,Arab Light,REF_001,21.47,32.39,12.23,13.05,4.81,4.69,11.36,93092
2026-01-20,Arab Light,REF_001,20.79,34.34,14.04,12.39,6.3,2.06,10.08,97334
2026-01-27,Arab Light,REF_001,22.11,33.99,12.88,13.52,4.67,3.09,9.74,95209
2026-02-03,Arab Light,REF_001,23.08,33.72,13.19,14.43,5.96,2.22,7.41,79018
2026-02-10,Arab Light,REF_001,20.36,33.67,12.77,12.19,6.0,3.91,11.1,70513
2026-02-17,Arab Light,REF_001,23.86,31.85,13.2,9.22,4.87,2.45,14.55,67022
2026-02-24,Arab Light,REF_001,21.58,33.79,12.79,10.01,4.97,2.53,14.34,28342
2026-03-03,Arab Light,REF_001,23.42,32.34,12.52,8.22,4.87,4.23,14.41,41607
2026-03-10,Arab Light,REF_001,21.28,31.94,14.02,10.96,4.04,3.71,14.05,82966
2026-03-17,Arab Light,REF_001,20.37,32.59,13.78,9.51,6.69,3.73,13.33,56505
2026-03-24,Arab Light,REF_001,24.14,30.87,13.59,13.73,4.95,2.02,10.7,57190
2026-03-31,Arab Light,REF_001,20.9,32.61,13.58,11.72,5.52,2.31,13.36,18734
2026-04-07,Arab Light,REF_001,23.69,30.55,12.67,14.56,4.84,4.02,9.66,29952
2024-04-09,Arab Light,REF_002,25.46,31.86,12.38,10.57,3.98,2.76,12.98,55484
2024-04-16,Arab Light,REF_002,22.89,30.72,14.13,12.09,4.05,2.83,13.3,82992
2024-04-23,Arab Light,REF_002,25.17,32.28,13.05,13.35,6.75,2.5,6.9,87553
2024-04-30,Arab Light,REF_002,25.02,31.03,12.77,11.96,4.09,2.44,12.7,95777
2024-05-07,Arab Light,REF_002,23.59,31.45,12.44,11.53,5.97,2.74,12.27,43199
2024-05-14,Arab Light,REF_002,22.34,30.98,13.91,9.66,3.12,3.61,16.38,62154
2024-05-21,Arab Light,REF_002,22.94,32.13,12.27,10.38,3.58,2.69,16.01,44428
2024-05-28,Arab Light,REF_002,23.6,29.94,12.39,12.72,4.62,2.53,14.21,31142
2024-06-04,Arab Light,REF_002,24.5,29.77,13.21,10.52,6.24,4.37,11.38,72028
2024-06-11,Arab Light,REF_002,23.16,32.09,13.47,10.33,6.52,4.95,9.48,38299
2024-06-18,Arab Light,REF_002,24.83,31.57,13.12,10.71,4.17,4.76,10.86,76673
2024-06-25,Arab Light,REF_002,23.39,32.57,13.63,9.87,3.7,4.51,12.33,83026
2024-07-02,Arab Light,REF_002,25.61,29.64,13.27,12.91,5.33,4.13,9.11,22353
2024-07-09,Arab Light,REF_002,21.63,29.94,12.95,10.3,6.5,2.25,16.44,49843
2024-07-16,Arab Light,REF_002,25.45,31.57,12.46,10.04,5.51,2.04,12.93,97129
2024-07-23,Arab Light,REF_002,23.89,32.38,13.19,14.71,5.36,3.99,6.49,87475
2024-07-30,Arab Light,REF_002,25.07,29.68,12.76,9.72,3.03,4.63,15.12,38542
2024-08-06,Arab Light,REF_002,23.01,29.96,14.17,13.78,5.29,4.32,9.47,79940
2024-08-13,Arab Light,REF_002,24.25,30.26,13.63,11.99,5.9,3.63,10.35,96070
2024-08-20,Arab Light,REF_002,24.13,31.86,13.88,10.65,4.26,3.51,11.71,62602
2024-08-27,Arab Light,REF_002,22.51,32.29,13.8,12.04,5.09,2.88,11.39,91862
2024-09-03,Arab Light,REF_002,24.64,31.48,13.51,10.36,3.24,2.61,14.16,17153
2024-09-10,Arab Light,REF_002,23.66,32.05,12.95,11.71,3.34,4.31,11.98,12950
2024-09-17,Arab Light,REF_002,24.16,31.3,12.56,11.66,6.12,3.24,10.96,43093
2024-09-24,Arab Light,REF_002,22.19,31.94,13.85,11.93,3.66,3.98,12.45,12712
2024-10-01,Arab Light,REF_002,24.98,33.25,13.38,14.17,3.34,2.69,8.2,38553
2024-10-08,Arab Light,REF_002,24.72,31.5,12.89,9.11,6.24,2.06,13.49,40354
2024-10-15,Arab Light,REF_002,22.59,30.08,12.53,11.46,4.7,3.56,15.08,75485
2024-10-22,Arab Light,REF_002,25.19,30.04,12.36,10.24,5.19,2.3,14.69,74437
2024-10-29,Arab Light,REF_002,23.85,32.56,12.91,10.81,6.23,2.8,10.85,44327
2024-11-05,Arab Light,REF_002,21.68,31.78,13.89,8.2,5.46,4.54,14.46,54453
2024-11-12,Arab Light,REF_002,22.88,33.55,12.32,9.47,6.54,2.89,12.35,83786
2024-11-19,Arab Light,REF_002,22.96,32.81,13.56,11.28,5.09,2.53,11.77,20429
2024-11-26,Arab Light,REF_002,24.49,32.96,13.63,14.39,6.56,4.33,3.63,90831
2024-12-03,Arab Light,REF_002,22.29,32.49,13.7,9.08,6.64,2.03,13.78,49114
2024-12-10,Arab Light,REF_002,21.71,31.66,13.01,12.36,6.07,4.31,10.89,74999
2024-12-17,Arab Light,REF_002,22.03,31.23,13.82,12.58,5.72,2.68,11.93,39255
2024-12-24,Arab Light,REF_002,25.45,32.95,12.52,11.81,4.96,3.33,8.98,52355
2024-12-31,Arab Light,REF_002,24.19,33.43,13.94,14.13,5.81,2.05,6.44,49641
2025-01-07,Arab Light,REF_002,23.67,32.93,14.04,11.16,4.2,3.01,10.99,62079
2025-01-14,Arab Light,REF_002,22.72,33.21,13.03,14.93,3.44,2.56,10.11,56043
2025-01-21,Arab Light,REF_002,25.1,30.98,13.87,10.98,6.41,2.83,9.84,52470
2025-01-28,Arab Light,REF_002,22.74,30.42,13.03,10.34,6.15,4.24,13.07,42269
2025-02-04,Arab Light,REF_002,25.59,33.46,14.03,12.11,4.65,2.94,7.23,11352
2025-02-11,Arab Light,REF_002,24.15,31.78,13.45,12.03,3.55,4.09,10.96,42439
2025-02-18,Arab Light,REF_002,23.69,31.03,12.23,14.14,3.59,3.75,11.57,89481
2025-02-25,Arab Light,REF_002,22.51,31.21,12.95,8.62,4.69,3.44,16.58,12393
2025-03-04,Arab Light,REF_002,23.58,29.94,13.98,12.55,3.23,4.48,12.25,42543
2025-03-11,Arab Light,REF_002,22.53,30.58,13.39,8.57,3.23,3.88,17.82,98371
2025-03-18,Arab Light,REF_002,23.56,31.22,14.08,9.69,3.96,4.72,12.78,68223
2025-03-25,Arab Light,REF_002,21.84,32.26,13.83,9.92,4.53,2.59,15.03,67001
2025-04-01,Arab Light,REF_002,24.28,29.84,13.55,12.61,3.14,3.67,12.92,65254
2025-04-08,Arab Light,REF_002,23.34,33.17,12.85,8.47,5.69,3.82,12.67,99015
2025-04-15,Arab Light,REF_002,22.55,31.14,13.11,14.03,4.66,4.32,10.19,24124
2025-04-22,Arab Light,REF_002,23.26,30.18,14.09,9.24,4.68,2.25,16.3,92924
2025-04-29,Arab Light,REF_002,24.12,33.41,12.28,9.22,4.52,3.86,12.58,39656
2025-05-06,Arab Light,REF_002,24.47,30.22,13.39,10.79,5.03,3.71,12.39,15390
2025-05-13,Arab Light,REF_002,25.32,32.71,13.08,11.83,3.13,3.49,10.44,48368
2025-05-20,Arab Light,REF_002,23.12,32.82,12.55,9.23,5.09,4.06,13.12,12019
2025-05-27,Arab Light,REF_002,23.81,30.76,13.7,11.28,6.34,3.19,10.92,84438
2025-06-03,Arab Light,REF_002,24.49,32.88,13.82,11.4,4.47,4.3,8.65,42537
2025-06-10,Arab Light,REF_002,21.98,33.0,12.98,8.93,5.59,4.67,12.85,87486
2025-06-17,Arab Light,REF_002,23.84,29.92,13.58,12.26,3.84,4.7,11.86,17800
2025-06-24,Arab Light,REF_002,23.12,29.94,14.01,8.25,4.7,4.59,15.39,32624
2025-07-01,Arab Light,REF_002,22.04,30.07,13.0,11.0,5.87,2.71,15.3,73165
2025-07-08,Arab Light,REF_002,25.62,33.02,13.46,14.58,6.96,3.71,2.64,34626
2025-07-15,Arab Light,REF_002,25.28,32.94,12.36,14.55,4.46,2.97,7.43,40894
2025-07-22,Arab Light,REF_002,22.9,31.63,13.35,10.98,4.65,4.21,12.28,10272
2025-07-29,Arab Light,REF_002,25.41,32.42,13.61,10.95,6.86,2.0,8.75,16883
2025-08-05,Arab Light,REF_002,24.84,32.52,12.73,12.16,5.13,3.58,9.04,63600
2025-08-12,Arab Light,REF_002,25.6,33.51,14.15,11.84,4.27,3.68,6.94,66041
2025-08-19,Arab Light,REF_002,22.87,32.09,13.43,14.32,3.95,4.09,9.24,50568
2025-08-26,Arab Light,REF_002,22.14,30.83,12.31,10.24,3.28,4.78,16.44,19157
2025-09-02,Arab Light,REF_002,24.89,33.19,13.13,8.38,5.38,2.7,12.33,25899
2025-09-09,Arab Light,REF_002,23.89,30.99,13.65,12.14,6.32,2.18,10.84,31142
2025-09-16,Arab Light,REF_002,23.89,33.08,13.82,12.76,5.3,3.89,7.26,29224
2025-09-23,Arab Light,REF_002,24.0,31.54,12.96,14.21,6.32,2.23,8.74,98715
2025-09-30,Arab Light,REF_002,22.54,30.42,14.08,11.11,6.22,2.86,12.75,88585
2025-10-07,Arab Light,REF_002,24.95,31.64,13.6,14.75,4.81,3.48,6.77,75052
2025-10-14,Arab Light,REF_002,23.17,33.41,12.27,10.82,5.86,3.29,11.18,33332
2025-10-21,Arab Light,REF_002,23.28,33.09,13.28,10.35,5.69,3.84,10.48,60440
2025-10-28,Arab Light,REF_002,23.19,29.85,13.43,10.94,4.72,2.7,15.17,32447
2025-11-04,Arab Light,REF_002,24.77,31.48,12.41,8.32,3.9,3.46,15.66,65552
2025-11-11,Arab Light,REF_002,22.2,31.3,12.34,8.26,6.45,3.98,15.48,80298
2025-11-18,Arab Light,REF_002,22.35,30.85,13.08,12.61,5.14,3.65,12.32,24124
2025-11-25,Arab Light,REF_002,23.52,32.86,13.21,9.4,4.65,4.26,12.09,22149
2025-12-02,Arab Light,REF_002,23.94,33.42,12.95,8.31,5.53,2.14,13.7,27244
2025-12-09,Arab Light,REF_002,21.82,30.25,13.9,13.14,4.37,4.69,11.83,69866
2025-12-16,Arab Light,REF_002,23.41,29.84,13.65,10.63,4.21,2.86,15.39,10693
2025-12-23,Arab Light,REF_002,24.59,30.14,13.23,8.11,5.51,3.11,15.3,66767
2025-12-30,Arab Light,REF_002,21.98,30.63,12.41,12.52,3.43,3.85,15.17,22122
2026-01-06,Arab Light,REF_002,25.4,31.23,12.44,8.29,4.32,4.67,13.65,22943
2026-01-13,Arab Light,REF_002,24.79,31.23,13.8,14.12,6.99,2.2,6.87,81667
2026-01-20,Arab Light,REF_002,21.9,30.82,13.48,11.13,5.26,4.9,12.5,83679
2026-01-27,Arab Light,REF_002,23.08,31.96,12.29,11.17,5.43,4.14,11.92,91136
2026-02-03,Arab Light,REF_002,22.76,33.17,13.51,8.54,4.52,3.43,14.06,41723
2026-02-10,Arab Light,REF_002,22.09,31.77,12.45,14.41,6.46,3.43,9.4,16097
2026-02-17,Arab Light,REF_002,23.83,31.93,13.97,8.47,5.77,3.69,12.34,25729
2026-02-24,Arab Light,REF_002,22.11,32.34,12.87,15.0,6.58,3.7,7.41,67755
2026-03-03,Arab Light,REF_002,22.26,33.14,13.11,11.65,6.49,2.02,11.33,54491
2026-03-10,Arab Light,REF_002,24.13,30.2,12.33,11.74,5.19,2.99,13.42,89400
2026-03-17,Arab Light,REF_002,22.83,31.63,12.56,8.08,4.7,3.58,16.62,78821
2026-03-24,Arab Light,REF_002,23.42,30.68,13.4,10.67,3.93,4.73,13.17,58302
2026-03-31,Arab Light,REF_002,22.42,32.25,13.8,13.31,5.4,3.56,9.26,79959
2026-04-07,Arab Light,REF_002,24.46,31.85,13.51,9.18,3.08,4.79,13.14,94175
2024-04-09,Arab Light,REF_003,26.16,31.51,10.42,13.57,5.69,3.89,8.75,93721
2024-04-16,Arab Light,REF_003,28.3,31.45,10.15,14.57,3.91,3.12,8.49,84410
2024-04-23,Arab Light,REF_003,25.56,31.16,10.67,12.37,6.83,4.43,8.98,36624
2024-04-30,Arab Light,REF_003,24.96,32.47,10.92,9.21,5.51,2.13,14.8,26876
2024-05-07,Arab Light,REF_003,27.26,30.22,10.4,12.59,6.47,4.04,9.03,51709
2024-05-14,Arab Light,REF_003,27.36,31.39,11.3,10.15,3.46,4.05,12.29,20897
2024-05-21,Arab Light,REF_003,26.58,29.53,10.42,11.29,6.58,4.04,11.56,25447
2024-05-28,Arab Light,REF_003,28.25,30.61,10.16,11.69,3.76,3.1,12.43,82497
2024-06-04,Arab Light,REF_003,27.36,30.52,10.21,9.98,6.91,3.03,12.0,65451
2024-06-11,Arab Light,REF_003,26.73,28.7,11.64,8.62,5.63,4.43,14.25,77386
2024-06-18,Arab Light,REF_003,27.96,31.57,10.64,14.27,6.65,3.31,5.59,53629
2024-06-25,Arab Light,REF_003,26.67,29.72,9.98,9.83,6.38,3.63,13.78,86517
2024-07-02,Arab Light,REF_003,27.71,30.0,10.12,11.97,6.74,4.52,8.93,78745
2024-07-09,Arab Light,REF_003,27.78,30.72,10.09,10.0,5.31,2.95,13.15,80341
2024-07-16,Arab Light,REF_003,26.22,29.06,11.32,12.89,4.01,4.94,11.56,46287
2024-07-23,Arab Light,REF_003,27.45,32.25,10.07,14.15,5.82,2.5,7.77,69806
2024-07-30,Arab Light,REF_003,28.23,31.8,11.27,9.13,3.76,3.64,12.16,62213
2024-08-06,Arab Light,REF_003,28.5,30.48,10.36,9.34,3.22,2.21,15.9,61675
2024-08-13,Arab Light,REF_003,25.43,32.01,10.95,14.05,4.71,3.79,9.06,57288
2024-08-20,Arab Light,REF_003,28.67,31.79,10.94,12.25,4.0,4.2,8.14,98454
2024-08-27,Arab Light,REF_003,25.25,31.16,10.79,13.95,3.0,2.41,13.45,13336
2024-09-03,Arab Light,REF_003,25.38,31.44,10.03,12.36,6.47,2.1,12.22,12410
2024-09-10,Arab Light,REF_003,28.69,31.3,10.04,10.15,6.94,2.68,10.21,77754
2024-09-17,Arab Light,REF_003,25.69,30.2,11.52,8.2,4.23,3.46,16.7,66294
2024-09-24,Arab Light,REF_003,24.84,30.25,10.44,8.19,4.42,4.8,17.06,34716
2024-10-01,Arab Light,REF_003,27.07,29.8,9.97,10.03,4.88,2.89,15.36,66175
2024-10-08,Arab Light,REF_003,28.52,28.88,11.19,8.01,3.0,2.4,17.99,53193
2024-10-15,Arab Light,REF_003,24.92,31.49,9.81,11.47,5.7,2.71,13.89,62136
2024-10-22,Arab Light,REF_003,25.77,29.46,11.39,10.33,6.26,2.65,14.13,42027
2024-10-29,Arab Light,REF_003,25.14,30.59,10.52,8.04,4.86,2.22,18.63,85326
2024-11-05,Arab Light,REF_003,26.7,31.37,11.4,8.36,4.35,2.08,15.75,14466
2024-11-12,Arab Light,REF_003,24.88,30.52,10.66,8.43,4.05,2.73,18.74,36695
2024-11-19,Arab Light,REF_003,27.29,31.39,10.43,13.52,4.67,3.57,9.13,23099
2024-11-26,Arab Light,REF_003,25.66,31.52,11.71,12.93,3.22,2.43,12.54,50120
2024-12-03,Arab Light,REF_003,27.66,29.27,11.26,11.89,6.1,3.67,10.15,64227
2024-12-10,Arab Light,REF_003,25.72,31.49,11.44,14.1,3.12,3.87,10.26,99058
2024-12-17,Arab Light,REF_003,27.08,29.29,11.51,9.85,3.18,3.29,15.8,19024
2024-12-24,Arab Light,REF_003,25.19,30.46,10.98,14.34,5.82,4.53,8.69,47060
2024-12-31,Arab Light,REF_003,26.0,30.98,11.14,11.98,4.06,3.11,12.73,50347
2025-01-07,Arab Light,REF_003,24.78,32.13,10.78,13.26,3.69,3.67,11.7,93351
2025-01-14,Arab Light,REF_003,25.58,29.99,10.53,10.68,5.4,3.18,14.63,70664
2025-01-21,Arab Light,REF_003,26.67,29.24,11.65,9.68,5.25,2.18,15.34,92675
2025-01-28,Arab Light,REF_003,28.44,30.06,10.0,13.39,4.05,4.1,9.96,92363
2025-02-04,Arab Light,REF_003,27.09,32.05,10.2,14.37,3.91,2.68,9.7,89188
2025-02-11,Arab Light,REF_003,26.95,31.8,11.36,12.53,3.76,4.08,9.53,15727
2025-02-18,Arab Light,REF_003,25.53,31.18,11.57,13.4,4.33,4.47,9.52,96993
2025-02-25,Arab Light,REF_003,26.06,29.35,10.15,10.8,3.21,3.46,16.97,75906
2025-03-04,Arab Light,REF_003,26.85,32.49,10.68,8.09,4.88,4.79,12.22,18627
2025-03-11,Arab Light,REF_003,25.62,31.47,10.34,13.36,4.68,4.39,10.15,59637
2025-03-18,Arab Light,REF_003,25.06,30.15,10.42,13.67,5.5,4.33,10.87,43493
2025-03-25,Arab Light,REF_003,27.49,28.87,9.83,10.01,6.09,3.6,14.1,46793
2025-04-01,Arab Light,REF_003,28.31,30.6,10.98,14.9,5.09,4.35,5.77,47244
2025-04-08,Arab Light,REF_003,24.87,31.94,11.64,11.04,5.01,3.27,12.21,99721
2025-04-15,Arab Light,REF_003,28.34,28.77,11.31,12.21,3.1,3.33,12.94,23474
2025-04-22,Arab Light,REF_003,28.22,28.66,11.5,14.59,3.29,4.16,9.59,59400
2025-04-29,Arab Light,REF_003,28.54,31.8,11.14,14.48,3.64,3.13,7.27,85864
2025-05-06,Arab Light,REF_003,25.13,32.35,11.24,11.08,4.35,2.44,13.4,18430
2025-05-13,Arab Light,REF_003,26.42,31.98,10.82,11.16,4.28,2.47,12.88,99108
2025-05-20,Arab Light,REF_003,24.83,29.85,11.29,11.64,4.26,4.98,13.15,65725
2025-05-27,Arab Light,REF_003,25.91,32.0,10.05,11.25,6.36,4.95,9.49,44475
2025-06-03,Arab Light,REF_003,25.28,30.87,11.64,12.66,5.41,2.93,11.21,64570
2025-06-10,Arab Light,REF_003,28.27,30.11,10.24,11.37,4.5,3.41,12.11,18615
2025-06-17,Arab Light,REF_003,26.07,31.91,10.55,14.78,5.84,3.1,7.75,32649
2025-06-24,Arab Light,REF_003,27.47,29.82,11.61,8.81,3.11,2.66,16.51,64595
2025-07-01,Arab Light,REF_003,28.07,29.29,10.92,9.01,5.25,2.05,15.41,60202
2025-07-08,Arab Light,REF_003,26.81,28.78,11.13,12.01,5.49,3.59,12.19,74979
2025-07-15,Arab Light,REF_003,26.83,32.3,11.64,13.09,6.65,4.77,4.73,33579
2025-07-22,Arab Light,REF_003,28.7,29.68,9.79,14.74,3.89,3.75,9.45,97360
2025-07-29,Arab Light,REF_003,24.93,29.68,10.97,13.34,6.23,4.65,10.2,25159
2025-08-05,Arab Light,REF_003,26.21,31.46,11.18,10.16,4.22,2.96,13.81,90287
2025-08-12,Arab Light,REF_003,28.37,28.67,10.4,10.74,6.93,4.83,10.06,66549
2025-08-19,Arab Light,REF_003,24.91,29.37,10.62,14.71,3.38,4.37,12.63,27207
2025-08-26,Arab Light,REF_003,26.76,31.67,11.14,13.43,6.25,2.92,7.83,42762
2025-09-02,Arab Light,REF_003,27.99,28.76,10.78,14.44,6.54,4.41,7.07,11939
2025-09-09,Arab Light,REF_003,28.28,32.25,11.08,10.09,4.96,4.29,9.05,83172
2025-09-16,Arab Light,REF_003,26.1,29.91,11.23,12.8,5.05,3.26,11.64,69144
2025-09-23,Arab Light,REF_003,24.86,28.91,10.9,9.47,6.1,4.32,15.45,73896
2025-09-30,Arab Light,REF_003,28.34,29.17,10.27,9.77,6.13,3.56,12.76,32740
2025-10-07,Arab Light,REF_003,25.27,32.18,11.14,11.7,6.86,4.55,8.3,26030
2025-10-14,Arab Light,REF_003,26.76,30.55,11.44,9.04,4.81,3.91,13.49,95072
2025-10-21,Arab Light,REF_003,28.32,30.74,10.97,13.97,5.98,4.64,5.38,90633
2025-10-28,Arab Light,REF_003,28.06,28.64,10.38,10.82,5.71,2.92,13.47,39120
2025-11-04,Arab Light,REF_003,26.33,32.43,10.63,8.98,3.03,2.71,15.9,94492
2025-11-11,Arab Light,REF_003,28.55,30.72,11.05,13.57,3.22,3.12,9.77,67802
2025-11-18,Arab Light,REF_003,28.32,31.51,10.45,14.37,5.66,4.49,5.19,44695
2025-11-25,Arab Light,REF_003,24.74,29.27,11.61,8.23,5.38,3.23,17.54,48662
2025-12-02,Arab Light,REF_003,26.33,28.88,10.0,8.44,3.22,2.26,20.88,72695
2025-12-09,Arab Light,REF_003,25.18,29.65,11.07,8.79,6.64,3.43,15.24,96675
2025-12-16,Arab Light,REF_003,25.5,28.73,10.93,10.3,5.29,3.42,15.83,51144
2025-12-23,Arab Light,REF_003,28.13,29.37,10.75,10.91,5.7,2.15,12.98,57647
2025-12-30,Arab Light,REF_003,26.64,32.5,11.27,9.08,5.04,4.35,11.12,57211
2026-01-06,Arab Light,REF_003,26.15,30.11,10.49,8.14,5.92,3.83,15.35,34180
2026-01-13,Arab Light,REF_003,27.25,29.84,10.24,13.19,6.24,3.88,9.37,80573
2026-01-20,Arab Light,REF_003,26.19,28.89,10.96,9.79,6.11,3.07,14.98,70360
2026-01-27,Arab Light,REF_003,26.94,31.88,11.42,8.48,4.18,4.61,12.5,46359
2026-02-03,Arab Light,REF_003,26.79,29.34,10.86,9.85,6.32,2.6,14.24,42386
2026-02-10,Arab Light,REF_003,25.11,30.96,11.64,9.21,3.08,3.27,16.74,77357
2026-02-17,Arab Light,REF_003,28.63,28.81,11.33,10.58,3.61,2.58,14.46,93149
2026-02-24,Arab Light,REF_003,27.97,29.85,11.63,8.74,4.29,3.96,13.56,99947
2026-03-03,Arab Light,REF_003,26.59,31.85,11.59,8.07,4.16,2.3,15.45,79845
2026-03-10,Arab Light,REF_003,27.0,28.99,10.6,11.6,5.79,4.34,11.69,17908
2026-03-17,Arab Light,REF_003,26.68,29.25,11.26,12.6,5.89,2.22,12.09,55929
2026-03-24,Arab Light,REF_003,28.09,31.46,11.48,9.44,4.15,3.32,12.06,57093
2026-03-31,Arab Light,REF_003,25.74,30.13,11.13,12.52,3.44,4.96,12.09,60647
2026-04-07,Arab Light,REF_003,26.66,32.48,10.03,11.81,6.22,3.2,9.61,76267
2024-04-09,Arab Light,REF_004,26.84,29.51,10.43,9.62,6.49,3.7,13.42,34103
2024-04-16,Arab Light,REF_004,29.17,30.93,10.93,13.36,5.38,4.05,6.18,38930
2024-04-23,Arab Light,REF_004,26.23,28.85,10.37,11.3,4.62,2.01,16.62,87073
2024-04-30,Arab Light,REF_004,28.12,29.62,12.14,14.58,3.38,3.85,8.31,83532
2024-05-07,Arab Light,REF_004,26.09,28.34,10.73,9.96,6.86,4.34,13.68,15376
2024-05-14,Arab Light,REF_004,28.54,28.51,10.92,10.23,4.09,2.93,14.78,77878
2024-05-21,Arab Light,REF_004,26.46,31.03,10.39,12.17,6.45,2.24,11.26,67139
2024-05-28,Arab Light,REF_004,27.44,29.16,10.41,12.74,4.24,3.02,13.0,74583
2024-06-04,Arab Light,REF_004,29.18,29.17,11.7,14.7,3.39,3.59,8.28,11004
2024-06-11,Arab Light,REF_004,28.7,28.98,10.87,12.81,6.16,3.2,9.28,69896
2024-06-18,Arab Light,REF_004,29.22,31.38,11.61,14.6,6.5,4.19,2.5,92552
2024-06-25,Arab Light,REF_004,28.66,29.84,11.21,8.06,3.12,4.24,14.86,59929
2024-07-02,Arab Light,REF_004,28.44,31.63,11.11,8.62,5.51,2.3,12.39,65917
2024-07-09,Arab Light,REF_004,27.51,30.68,10.91,9.01,3.94,4.05,13.9,53034
2024-07-16,Arab Light,REF_004,27.56,29.12,11.88,15.0,4.25,4.16,8.04,25399
2024-07-23,Arab Light,REF_004,28.36,29.55,11.42,9.66,6.41,2.52,12.07,93574
2024-07-30,Arab Light,REF_004,25.64,28.98,11.33,14.01,5.31,2.65,12.08,87313
2024-08-06,Arab Light,REF_004,27.78,28.76,11.33,12.73,5.72,4.17,9.51,90616
2024-08-13,Arab Light,REF_004,28.69,30.26,10.27,13.25,6.9,2.92,7.71,64620
2024-08-20,Arab Light,REF_004,28.47,30.39,12.05,11.31,5.13,2.11,10.53,91019
2024-08-27,Arab Light,REF_004,26.44,31.75,10.61,9.77,4.94,3.98,12.5,49659
2024-09-03,Arab Light,REF_004,26.8,29.99,12.12,14.73,4.31,4.04,8.0,74972
2024-09-10,Arab Light,REF_004,28.01,28.28,11.29,13.34,3.8,3.04,12.23,28342
2024-09-17,Arab Light,REF_004,28.94,31.27,10.55,13.32,4.46,4.06,7.41,54403
2024-09-24,Arab Light,REF_004,27.28,31.36,11.48,9.65,3.44,4.8,11.99,23804
2024-10-01,Arab Light,REF_004,28.33,29.81,10.49,13.44,6.62,2.36,8.95,16037
2024-10-08,Arab Light,REF_004,28.79,29.84,11.56,11.09,4.65,2.9,11.17,60663
2024-10-15,Arab Light,REF_004,26.03,30.7,11.31,13.93,6.68,4.7,6.64,64110
2024-10-22,Arab Light,REF_004,26.67,29.26,11.51,12.98,3.65,4.99,10.93,19675
2024-10-29,Arab Light,REF_004,27.82,29.96,11.39,11.74,3.23,4.99,10.88,98314
2024-11-05,Arab Light,REF_004,27.49,28.66,10.57,8.4,5.45,3.43,15.99,47468
2024-11-12,Arab Light,REF_004,27.5,31.32,10.35,11.81,5.8,4.91,8.31,76572
2024-11-19,Arab Light,REF_004,27.59,30.9,12.2,14.22,3.36,3.72,8.01,80782
2024-11-26,Arab Light,REF_004,28.08,29.5,10.85,12.39,4.65,3.18,11.35,85306
2024-12-03,Arab Light,REF_004,26.66,30.41,11.95,12.35,4.97,2.11,11.55,71341
2024-12-10,Arab Light,REF_004,29.39,31.07,11.48,11.28,3.9,4.08,8.82,25957
2024-12-17,Arab Light,REF_004,28.94,29.25,11.01,9.51,4.93,4.04,12.32,37250
2024-12-24,Arab Light,REF_004,28.2,30.31,10.95,10.19,6.45,2.04,11.86,74431
2024-12-31,Arab Light,REF_004,27.06,30.7,11.22,8.59,6.93,2.26,13.24,24259
2025-01-07,Arab Light,REF_004,27.08,31.61,10.79,11.98,5.09,2.99,10.46,72669
2025-01-14,Arab Light,REF_004,27.4,30.14,10.63,14.49,3.44,4.07,9.83,89730
2025-01-21,Arab Light,REF_004,25.73,27.95,10.87,13.53,5.87,4.47,11.58,45774
2025-01-28,Arab Light,REF_004,29.37,29.3,11.82,10.46,3.87,3.01,12.18,27340
2025-02-04,Arab Light,REF_004,25.91,29.29,10.5,11.52,3.14,3.29,16.35,96220
2025-02-11,Arab Light,REF_004,26.83,28.38,10.82,13.54,4.25,3.15,13.03,80990
2025-02-18,Arab Light,REF_004,26.44,29.74,10.33,9.22,3.84,3.39,17.04,83888
2025-02-25,Arab Light,REF_004,26.81,29.35,10.81,10.24,4.61,4.7,13.47,12193
2025-03-04,Arab Light,REF_004,27.89,31.38,11.04,12.56,5.34,3.02,8.77,22367
2025-03-11,Arab Light,REF_004,26.27,28.06,11.74,11.73,6.14,2.87,13.19,82420
2025-03-18,Arab Light,REF_004,26.63,28.32,11.27,14.62,4.66,3.55,10.96,50616
2025-03-25,Arab Light,REF_004,27.22,28.69,11.05,11.48,5.98,2.42,13.16,61445
2025-04-01,Arab Light,REF_004,28.04,29.36,11.31,12.98,4.86,3.0,10.45,84223
2025-04-08,Arab Light,REF_004,29.35,28.7,11.99,11.82,4.79,4.68,8.68,91930
2025-04-15,Arab Light,REF_004,26.49,29.27,11.91,11.44,4.15,4.89,11.86,29533
2025-04-22,Arab Light,REF_004,27.84,29.54,11.11,8.74,4.03,2.5,16.24,77466
2025-04-29,Arab Light,REF_004,28.19,31.01,11.61,8.9,6.91,2.57,10.82,41540
2025-05-06,Arab Light,REF_004,28.22,28.39,10.55,14.14,4.33,4.0,10.37,87287
2025-05-13,Arab Light,REF_004,29.29,28.67,10.45,13.19,3.75,3.74,10.91,57938
2025-05-20,Arab Light,REF_004,27.63,30.43,11.91,9.9,5.22,3.01,11.89,38686
2025-05-27,Arab Light,REF_004,25.48,30.23,12.15,13.33,3.97,4.15,10.69,36757
2025-06-03,Arab Light,REF_004,28.41,31.25,10.88,8.02,4.22,2.62,14.61,65675
2025-06-10,Arab Light,REF_004,26.56,27.98,11.27,14.12,4.81,3.13,12.14,26066
2025-06-17,Arab Light,REF_004,26.94,29.16,12.2,8.21,3.96,2.21,17.33,87167
2025-06-24,Arab Light,REF_004,27.06,31.02,11.59,14.5,3.1,2.62,10.11,73182
2025-07-01,Arab Light,REF_004,27.74,30.61,11.36,12.07,6.73,4.76,6.73,13419
2025-07-08,Arab Light,REF_004,27.05,29.87,10.92,8.35,4.89,4.93,13.99,16499
2025-07-15,Arab Light,REF_004,28.66,28.61,11.36,10.71,4.4,4.61,11.65,97612
2025-07-22,Arab Light,REF_004,26.94,30.39,11.32,8.54,3.16,4.32,15.32,45508
2025-07-29,Arab Light,REF_004,26.63,31.77,10.38,9.88,6.43,3.24,11.67,62582
2025-08-05,Arab Light,REF_004,25.59,31.51,10.48,9.49,3.63,3.49,15.8,83516
2025-08-12,Arab Light,REF_004,26.46,28.4,11.03,14.87,3.04,3.51,12.68,70243
2025-08-19,Arab Light,REF_004,28.62,30.82,10.36,11.23,3.31,3.86,11.8,16932
2025-08-26,Arab Light,REF_004,25.59,29.06,12.08,12.97,3.02,2.85,14.43,11574
2025-09-02,Arab Light,REF_004,26.57,30.57,11.73,13.63,6.64,3.1,7.76,87633
2025-09-09,Arab Light,REF_004,28.31,29.98,12.12,14.63,6.59,2.61,5.76,28709
2025-09-16,Arab Light,REF_004,29.0,29.42,11.8,12.81,6.05,2.08,8.84,48696
2025-09-23,Arab Light,REF_004,28.82,29.79,11.59,13.29,3.48,2.47,10.56,75209
2025-09-30,Arab Light,REF_004,25.61,29.2,12.04,12.02,6.64,2.93,11.55,67296
2025-10-07,Arab Light,REF_004,26.54,28.28,12.19,9.23,3.75,4.53,15.48,82201
2025-10-14,Arab Light,REF_004,29.31,28.12,10.4,11.14,5.37,2.11,13.56,24255
2025-10-21,Arab Light,REF_004,28.21,30.51,10.39,14.52,4.02,4.66,7.7,93068
2025-10-28,Arab Light,REF_004,27.36,29.48,10.76,13.65,3.79,3.87,11.1,61042
2025-11-04,Arab Light,REF_004,26.39,31.76,11.9,8.14,4.69,3.08,14.04,89452
2025-11-11,Arab Light,REF_004,26.45,31.83,10.61,9.71,5.66,2.48,13.26,89992
2025-11-18,Arab Light,REF_004,25.83,31.76,11.96,13.88,4.63,3.54,8.4,51072
2025-11-25,Arab Light,REF_004,29.34,27.97,10.97,14.78,4.48,3.2,9.26,66817
2025-12-02,Arab Light,REF_004,29.02,29.01,12.1,9.98,6.26,2.83,10.8,16568
2025-12-09,Arab Light,REF_004,28.64,29.63,10.99,11.01,5.45,2.79,11.49,31354
2025-12-16,Arab Light,REF_004,27.33,27.97,11.49,13.76,5.91,3.41,10.13,60885
2025-12-23,Arab Light,REF_004,25.5,31.48,11.32,10.21,4.17,3.98,13.33,62589
2025-12-30,Arab Light,REF_004,26.15,29.47,11.56,10.08,5.04,2.76,14.94,16451
2026-01-06,Arab Light,REF_004,26.95,30.76,10.64,13.28,5.68,3.52,9.18,97431
2026-01-13,Arab Light,REF_004,28.93,30.08,11.32,9.94,6.68,4.69,8.35,76785
2026-01-20,Arab Light,REF_004,25.91,30.65,10.71,9.32,6.04,4.88,12.5,19801
2026-01-27,Arab Light,REF_004,26.05,28.71,12.13,12.87,5.71,3.52,11.0,58383
2026-02-03,Arab Light,REF_004,26.56,28.45,11.77,11.29,4.02,3.9,14.01,28851
2026-02-10,Arab Light,REF_004,27.35,28.59,11.73,10.25,4.77,4.26,13.05,69363
2026-02-17,Arab Light,REF_004,26.99,28.12,12.05,8.06,5.94,4.84,14.01,37600
2026-02-24,Arab Light,REF_004,25.7,28.83,10.83,11.16,5.1,4.18,14.2,91082
2026-03-03,Arab Light,REF_004,27.25,30.82,10.46,10.3,3.47,4.08,13.62,91688
2026-03-10,Arab Light,REF_004,28.95,29.14,10.68,9.92,4.15,2.25,14.92,22000
2026-03-17,Arab Light,REF_004,26.25,27.86,10.3,12.89,5.48,4.84,12.38,46158
2026-03-24,Arab Light,REF_004,27.17,28.1,10.51,12.84,3.94,4.32,13.11,73511
2026-03-31,Arab Light,REF_004,28.38,30.59,11.62,11.83,5.71,3.58,8.28,28547
2026-04-07,Arab Light,REF_004,26.27,29.45,10.24,14.23,4.07,2.15,13.59,48198
2024-04-09,Arab Light,REF_005,27.07,31.08,11.83,13.6,5.82,2.01,8.58,10187
2024-04-16,Arab Light,REF_005,28.8,29.84,10.88,13.13,5.33,3.39,8.64,20479
2024-04-23,Arab Light,REF_005,25.22,31.6,10.56,11.05,5.94,4.77,10.86,88622
2024-04-30,Arab Light,REF_005,28.35,30.22,12.17,12.79,6.55,2.27,7.67,13560
2024-05-07,Arab Light,REF_005,26.61,32.09,11.13,14.19,3.94,2.12,9.91,78515
2024-05-14,Arab Light,REF_005,27.4,30.54,12.0,13.77,4.3,4.51,7.47,41064
2024-05-21,Arab Light,REF_005,27.38,29.55,10.84,11.14,4.26,2.39,14.44,53409
2024-05-28,Arab Light,REF_005,26.94,29.42,10.66,8.21,3.12,3.08,18.58,23198
2024-06-04,Arab Light,REF_005,28.57,29.58,10.45,10.83,3.77,2.19,14.62,77745
2024-06-11,Arab Light,REF_005,27.12,29.01,11.25,8.27,4.42,3.09,16.84,84068
2024-06-18,Arab Light,REF_005,27.83,32.37,10.59,11.74,3.08,4.48,9.91,42992
2024-06-25,Arab Light,REF_005,25.17,30.08,10.89,13.36,3.51,3.67,13.33,81452
2024-07-02,Arab Light,REF_005,27.85,32.53,10.31,10.48,4.48,2.1,12.25,83553
2024-07-09,Arab Light,REF_005,27.65,30.89,11.12,14.27,4.06,3.0,9.0,95736
2024-07-16,Arab Light,REF_005,25.15,31.9,11.75,14.31,3.36,4.91,8.61,12595
2024-07-23,Arab Light,REF_005,26.24,29.12,10.42,14.75,5.88,3.52,10.07,19737
2024-07-30,Arab Light,REF_005,27.0,30.06,10.86,12.33,6.16,3.33,10.26,54396
2024-08-06,Arab Light,REF_005,27.5,29.28,11.97,13.86,5.16,2.56,9.66,55068
2024-08-13,Arab Light,REF_005,25.32,31.83,10.94,10.18,6.78,3.27,11.69,81061
2024-08-20,Arab Light,REF_005,27.44,30.05,10.56,13.58,6.05,2.51,9.81,32420
2024-08-27,Arab Light,REF_005,27.96,32.72,12.0,12.79,6.66,2.86,5.02,10868
2024-09-03,Arab Light,REF_005,26.18,32.67,12.08,8.35,5.01,2.24,13.48,81012
2024-09-10,Arab Light,REF_005,26.38,32.43,10.42,13.14,4.6,2.8,10.22,56570
2024-09-17,Arab Light,REF_005,26.84,30.18,11.61,12.63,3.31,3.79,11.65,73966
2024-09-24,Arab Light,REF_005,25.2,31.42,11.92,13.82,3.17,4.09,10.38,81727
2024-10-01,Arab Light,REF_005,26.48,30.95,10.84,10.17,5.01,2.45,14.09,43346
2024-10-08,Arab Light,REF_005,26.1,29.73,11.28,13.87,3.97,3.98,11.07,32877
2024-10-15,Arab Light,REF_005,25.46,32.55,11.58,8.73,5.53,2.53,13.61,89901
2024-10-22,Arab Light,REF_005,25.88,32.01,10.71,11.91,6.65,2.89,9.95,17325
2024-10-29,Arab Light,REF_005,27.1,29.47,11.77,12.14,4.39,4.12,11.02,31467
2024-11-05,Arab Light,REF_005,28.56,30.17,11.84,9.81,5.86,2.09,11.67,36596
2024-11-12,Arab Light,REF_005,25.27,30.59,11.18,10.51,6.92,2.73,12.79,81194
2024-11-19,Arab Light,REF_005,26.68,30.12,10.72,12.43,4.33,4.44,11.27,97161
2024-11-26,Arab Light,REF_005,25.8,29.3,10.94,11.27,4.2,4.91,13.57,80128
2024-12-03,Arab Light,REF_005,28.76,30.27,10.92,10.85,5.09,4.22,9.88,89299
2024-12-10,Arab Light,REF_005,26.75,29.94,10.95,12.88,5.27,3.46,10.76,28249
2024-12-17,Arab Light,REF_005,28.4,31.91,10.59,10.57,5.17,3.36,10.0,45801
2024-12-24,Arab Light,REF_005,27.77,29.0,11.26,9.84,3.34,3.39,15.41,25423
2024-12-31,Arab Light,REF_005,25.93,30.81,12.26,12.79,4.12,3.15,10.95,46551
2025-01-07,Arab Light,REF_005,25.51,29.42,10.61,11.65,5.7,3.77,13.34,97999
2025-01-14,Arab Light,REF_005,25.4,32.73,11.25,9.53,6.77,3.41,10.92,41261
2025-01-21,Arab Light,REF_005,25.75,29.85,12.27,10.13,6.91,2.99,12.1,30827
2025-01-28,Arab Light,REF_005,25.63,30.43,10.79,12.88,3.96,4.51,11.81,85061
2025-02-04,Arab Light,REF_005,26.04,31.8,12.03,12.13,4.47,3.32,10.22,80760
2025-02-11,Arab Light,REF_005,26.07,30.12,10.63,10.79,3.35,2.96,16.08,43613
2025-02-18,Arab Light,REF_005,25.92,29.19,11.36,14.06,4.34,2.71,12.43,35653
2025-02-25,Arab Light,REF_005,28.34,30.89,10.57,12.96,3.62,2.18,11.43,33011
2025-03-04,Arab Light,REF_005,25.57,31.2,11.28,13.07,5.05,3.26,10.58,57359
2025-03-11,Arab Light,REF_005,26.63,28.93,11.67,14.73,4.69,3.27,10.07,14119
2025-03-18,Arab Light,REF_005,28.46,32.5,11.94,8.74,6.6,2.07,9.69,50011
2025-03-25,Arab Light,REF_005,26.9,32.12,11.82,13.58,6.47,3.43,5.69,80222
2025-04-01,Arab Light,REF_005,25.17,30.56,10.37,14.41,6.83,2.25,10.41,57936
2025-04-08,Arab Light,REF_005,26.19,30.15,11.21,8.88,3.72,3.73,16.11,11688
2025-04-15,Arab Light,REF_005,27.29,30.06,11.98,12.2,5.83,2.34,10.3,33927
2025-04-22,Arab Light,REF_005,28.88,30.52,11.03,14.12,3.13,3.6,8.72,28923
2025-04-29,Arab Light,REF_005,26.37,29.58,10.39,10.92,6.16,4.86,11.74,66146
2025-05-06,Arab Light,REF_005,26.45,31.86,11.32,10.57,3.72,4.39,11.69,55038
2025-05-13,Arab Light,REF_005,28.75,31.99,11.15,13.19,4.81,2.24,7.87,56501
2025-05-20,Arab Light,REF_005,28.36,32.2,11.46,10.66,3.04,2.93,11.34,99082
2025-05-27,Arab Light,REF_005,27.8,31.65,11.84,12.34,5.34,3.36,7.67,49954
2025-06-03,Arab Light,REF_005,28.38,30.36,11.99,13.86,6.08,2.11,7.21,23317
2025-06-10,Arab Light,REF_005,26.15,32.17,12.06,8.29,4.3,4.55,12.48,32472
2025-06-17,Arab Light,REF_005,28.8,30.74,12.19,11.0,4.3,3.09,9.89,89587
2025-06-24,Arab Light,REF_005,26.22,31.46,11.25,14.59,3.64,3.29,9.56,21217
2025-07-01,Arab Light,REF_005,27.21,30.39,10.44,13.95,4.5,3.48,10.03,46676
2025-07-08,Arab Light,REF_005,26.85,28.85,11.94,10.33,5.9,2.19,13.94,57144
2025-07-15,Arab Light,REF_005,28.53,30.37,10.71,8.69,6.44,2.72,12.54,97756
2025-07-22,Arab Light,REF_005,25.88,30.71,11.23,8.43,5.13,4.02,14.6,76792
2025-07-29,Arab Light,REF_005,26.98,32.03,11.82,9.36,4.61,2.43,12.77,22008
2025-08-05,Arab Light,REF_005,27.74,30.9,11.52,13.13,4.11,3.2,9.4,64612
2025-08-12,Arab Light,REF_005,25.28,32.11,11.0,12.61,6.98,3.43,8.59,29354
2025-08-19,Arab Light,REF_005,25.76,29.02,11.85,10.05,3.69,4.14,15.48,37822
2025-08-26,Arab Light,REF_005,27.3,30.45,10.98,11.43,4.26,4.61,10.98,16573
2025-09-02,Arab Light,REF_005,25.01,30.41,10.66,13.21,4.41,2.78,13.52,42344
2025-09-09,Arab Light,REF_005,25.77,29.98,11.45,14.05,4.48,2.96,11.31,80361
2025-09-16,Arab Light,REF_005,24.98,29.99,11.22,12.2,3.62,3.3,14.68,60967
2025-09-23,Arab Light,REF_005,26.93,31.08,11.64,10.66,3.25,2.17,14.27,87284
2025-09-30,Arab Light,REF_005,27.6,31.84,12.17,13.25,5.77,3.97,5.4,33271
2025-10-07,Arab Light,REF_005,28.72,30.95,10.76,9.47,6.26,2.75,11.09,13728
2025-10-14,Arab Light,REF_005,26.61,32.05,11.14,13.62,6.31,4.57,5.69,63000
2025-10-21,Arab Light,REF_005,27.69,29.83,10.51,11.73,3.04,3.4,13.8,19188
2025-10-28,Arab Light,REF_005,25.33,32.26,11.59,12.52,4.62,3.24,10.44,37279
2025-11-04,Arab Light,REF_005,26.63,31.13,10.69,9.83,4.98,3.15,13.59,83753
2025-11-11,Arab Light,REF_005,28.18,30.13,11.22,14.84,6.31,2.65,6.69,35220
2025-11-18,Arab Light,REF_005,25.23,31.49,10.95,11.76,6.07,4.51,10.0,39282
2025-11-25,Arab Light,REF_005,25.84,32.18,11.08,13.75,3.6,4.74,8.82,53481
2025-12-02,Arab Light,REF_005,25.57,30.92,12.05,10.73,3.71,3.73,13.28,85102
2025-12-09,Arab Light,REF_005,25.38,28.95,10.43,9.61,3.03,3.29,19.32,72797
2025-12-16,Arab Light,REF_005,27.74,31.33,10.91,13.15,5.31,4.58,6.99,53020
2025-12-23,Arab Light,REF_005,25.61,31.32,10.61,14.74,5.81,4.27,7.63,71134
2025-12-30,Arab Light,REF_005,25.28,30.64,11.62,9.61,5.72,4.46,12.67,34743
2026-01-06,Arab Light,REF_005,25.69,32.31,10.32,9.79,4.63,4.02,13.24,99735
2026-01-13,Arab Light,REF_005,26.38,32.58,11.05,12.87,3.66,3.38,10.09,88414
2026-01-20,Arab Light,REF_005,26.17,29.2,11.36,11.08,3.92,4.72,13.55,64151
2026-01-27,Arab Light,REF_005,26.28,32.77,10.59,13.94,3.92,2.72,9.79,54834
2026-02-03,Arab Light,REF_005,27.54,31.54,10.36,10.01,5.64,4.67,10.24,70290
2026-02-10,Arab Light,REF_005,25.96,30.81,11.61,8.95,5.18,3.41,14.08,40298
2026-02-17,Arab Light,REF_005,27.39,31.33,12.26,11.0,5.13,2.47,10.43,59352
2026-02-24,Arab Light,REF_005,25.04,29.38,10.66,12.43,5.27,4.39,12.83,51795
2026-03-03,Arab Light,REF_005,26.79,29.43,11.8,8.03,4.7,2.56,16.69,79390
2026-03-10,Arab Light,REF_005,27.59,31.61,10.61,12.68,5.76,2.01,9.74,38584
2026-03-17,Arab Light,REF_005,25.24,31.51,10.74,9.85,3.31,3.45,15.9,12972
2026-03-24,Arab Light,REF_005,28.28,28.89,10.44,12.48,6.67,4.68,8.57,17526
2026-03-31,Arab Light,REF_005,26.05,30.87,10.37,11.7,4.79,3.77,12.46,92828
2026-04-07,Arab Light,REF_005,25.99,31.34,11.17,11.05,5.59,4.85,10.01,87672
2024-04-09,Forties,REF_001,20.63,27.1,9.87,11.53,5.6,2.56,22.71,72618
2024-04-16,Forties,REF_001,19.98,26.95,9.6,12.75,6.61,2.37,21.75,10786
2024-04-23,Forties,REF_001,18.14,30.19,10.23,12.3,3.53,3.25,22.36,74371
2024-04-30,Forties,REF_001,21.06,27.76,10.7,8.98,4.55,4.63,22.33,68492
2024-05-07,Forties,REF_001,20.72,29.86,9.71,9.64,5.77,3.69,20.6,79538
2024-05-14,Forties,REF_001,19.52,29.48,10.5,13.25,5.97,3.76,17.52,52447
2024-05-21,Forties,REF_001,21.37,28.81,10.38,11.54,5.22,3.99,18.7,75569
2024-05-28,Forties,REF_001,19.27,27.66,9.17,10.97,3.84,3.25,25.84,88719
2024-06-04,Forties,REF_001,21.38,28.54,8.99,10.99,5.41,3.11,21.57,28464
2024-06-11,Forties,REF_001,18.38,28.13,9.13,9.75,6.49,4.34,23.78,14978
2024-06-18,Forties,REF_001,18.76,28.36,8.82,12.78,4.54,3.19,23.56,33879
2024-06-25,Forties,REF_001,18.81,29.68,10.27,14.55,5.8,3.73,17.16,33333
2024-07-02,Forties,REF_001,20.14,29.86,8.83,11.1,3.6,4.43,22.04,65268
2024-07-09,Forties,REF_001,21.0,26.48,10.51,8.47,4.15,2.47,26.92,23084
2024-07-16,Forties,REF_001,18.16,28.15,10.26,14.29,5.27,2.47,21.39,17127
2024-07-23,Forties,REF_001,19.45,29.29,9.94,12.08,3.19,3.23,22.81,59534
2024-07-30,Forties,REF_001,19.87,26.25,9.1,14.65,5.03,4.11,20.99,37736
2024-08-06,Forties,REF_001,19.82,27.66,9.29,10.88,4.84,2.99,24.52,33219
2024-08-13,Forties,REF_001,19.97,27.75,9.1,13.31,5.89,4.66,19.31,59951
2024-08-20,Forties,REF_001,18.59,29.69,9.26,12.59,3.76,3.89,22.23,85677
2024-08-27,Forties,REF_001,19.64,28.11,10.68,8.16,4.33,4.76,24.33,67837
2024-09-03,Forties,REF_001,19.65,28.78,9.34,8.5,4.1,3.01,26.63,53187
2024-09-10,Forties,REF_001,19.05,28.31,9.09,9.29,4.41,3.42,26.43,40755
2024-09-17,Forties,REF_001,19.78,27.47,9.05,14.04,3.8,4.9,20.95,98866
2024-09-24,Forties,REF_001,20.26,28.24,10.29,14.11,5.84,2.31,18.95,10268
2024-10-01,Forties,REF_001,18.24,26.98,9.06,11.57,5.08,4.17,24.89,28132
2024-10-08,Forties,REF_001,17.85,28.9,9.66,12.66,4.52,4.25,22.15,71434
2024-10-15,Forties,REF_001,20.08,26.34,10.41,10.64,3.54,4.27,24.72,53782
2024-10-22,Forties,REF_001,17.6,29.36,9.57,13.28,6.02,2.3,21.86,65190
2024-10-29,Forties,REF_001,18.92,28.42,8.87,12.12,6.11,4.96,20.61,38825
2024-11-05,Forties,REF_001,18.1,27.69,8.73,10.86,6.66,2.58,25.37,52994
2024-11-12,Forties,REF_001,19.77,26.95,9.36,14.38,4.18,3.91,21.46,22325
2024-11-19,Forties,REF_001,20.16,27.35,9.16,8.87,3.19,4.9,26.38,47251
2024-11-26,Forties,REF_001,20.59,29.91,9.1,14.09,5.83,3.73,16.74,82817
2024-12-03,Forties,REF_001,17.92,27.29,8.96,14.27,3.4,4.94,23.23,19890
2024-12-10,Forties,REF_001,20.12,28.87,10.56,10.26,4.33,4.54,21.32,98071
2024-12-17,Forties,REF_001,17.6,28.77,9.18,13.1,6.09,4.29,20.97,49196
2024-12-24,Forties,REF_001,18.11,28.57,10.27,14.39,4.81,2.74,21.12,20694
2024-12-31,Forties,REF_001,20.67,28.37,10.04,9.11,3.03,4.9,23.87,82979
2025-01-07,Forties,REF_001,19.08,28.06,10.55,9.45,6.21,2.05,24.59,88814
2025-01-14,Forties,REF_001,19.83,28.14,10.11,8.47,3.78,3.22,26.44,65607
2025-01-21,Forties,REF_001,18.05,27.75,9.22,12.52,6.68,2.5,23.28,27033
2025-01-28,Forties,REF_001,19.88,28.05,10.13,10.02,5.18,3.16,23.59,35313
2025-02-04,Forties,REF_001,20.39,29.41,9.35,12.36,3.71,4.37,20.39,35312
2025-02-11,Forties,REF_001,18.16,29.99,9.54,12.5,6.24,4.06,19.51,60819
2025-02-18,Forties,REF_001,18.96,29.9,8.96,14.19,5.84,3.71,18.43,39227
2025-02-25,Forties,REF_001,18.06,28.0,10.26,13.22,5.58,4.98,19.9,97537
2025-03-04,Forties,REF_001,19.08,27.0,9.62,13.91,4.83,3.01,22.54,76710
2025-03-11,Forties,REF_001,20.08,30.11,9.79,14.77,4.16,4.59,16.49,41583
2025-03-18,Forties,REF_001,20.72,29.93,9.94,13.1,6.83,3.13,16.35,56042
2025-03-25,Forties,REF_001,21.07,28.92,10.44,12.33,5.96,2.04,19.24,40570
2025-04-01,Forties,REF_001,20.56,27.85,9.42,14.66,5.21,2.58,19.72,52500
2025-04-08,Forties,REF_001,19.55,30.19,10.13,11.64,4.73,4.75,19.02,68134
2025-04-15,Forties,REF_001,18.9,28.09,9.25,14.72,5.81,3.18,20.05,26489
2025-04-22,Forties,REF_001,18.18,28.14,9.63,10.92,6.41,4.94,21.77,41934
2025-04-29,Forties,REF_001,18.66,29.31,9.6,9.52,3.72,2.84,26.35,10119
2025-05-06,Forties,REF_001,21.24,27.95,8.86,9.15,4.29,3.66,24.84,73334
2025-05-13,Forties,REF_001,18.71,30.06,10.22,13.78,4.29,3.14,19.8,58425
2025-05-20,Forties,REF_001,19.28,27.27,10.69,13.94,3.95,4.68,20.19,62819
2025-05-27,Forties,REF_001,17.53,27.62,8.75,8.61,3.72,3.45,30.33,44315
2025-06-03,Forties,REF_001,18.07,27.81,9.3,10.87,3.69,3.83,26.42,14007
2025-06-10,Forties,REF_001,19.03,29.81,9.54,11.09,3.27,3.82,23.45,94276
2025-06-17,Forties,REF_001,18.64,27.8,9.87,8.65,6.8,3.4,24.82,20358
2025-06-24,Forties,REF_001,18.82,27.73,9.39,12.85,4.38,2.97,23.86,38987
2025-07-01,Forties,REF_001,20.59,27.46,8.72,10.56,4.11,4.73,23.82,53011
2025-07-08,Forties,REF_001,18.41,30.16,9.19,13.34,5.6,3.39,19.91,46525
2025-07-15,Forties,REF_001,20.97,28.13,9.45,10.48,4.1,3.23,23.65,20792
2025-07-22,Forties,REF_001,17.74,28.4,9.6,9.21,3.43,2.43,29.19,38372
2025-07-29,Forties,REF_001,19.28,27.0,10.21,9.35,3.5,4.98,25.67,50294
2025-08-05,Forties,REF_001,18.16,29.81,9.16,14.48,3.48,4.53,20.4,26584
2025-08-12,Forties,REF_001,21.23,28.53,9.08,13.91,4.56,4.2,18.49,67909
2025-08-19,Forties,REF_001,20.33,27.61,10.57,11.92,3.31,2.2,24.06,76440
2025-08-26,Forties,REF_001,20.88,29.01,9.25,9.58,5.26,2.59,23.43,44118
2025-09-02,Forties,REF_001,19.99,27.37,9.45,10.52,4.84,4.02,23.8,80411
2025-09-09,Forties,REF_001,20.14,26.34,10.49,12.07,6.68,4.89,19.4,52106
2025-09-16,Forties,REF_001,21.14,27.69,9.22,8.52,4.81,4.07,24.56,97915
2025-09-23,Forties,REF_001,19.56,29.17,10.49,11.8,3.67,4.54,20.77,61675
2025-09-30,Forties,REF_001,20.51,28.86,8.82,9.18,4.14,2.85,25.62,85527
2025-10-07,Forties,REF_001,19.87,26.56,9.47,11.89,4.01,2.12,26.08,44223
2025-10-14,Forties,REF_001,19.32,29.85,10.51,11.5,4.89,3.92,20.01,33231
2025-10-21,Forties,REF_001,18.62,26.24,8.85,9.25,5.56,2.64,28.84,21167
2025-10-28,Forties,REF_001,19.94,28.84,8.82,13.41,5.42,3.19,20.38,98486
2025-11-04,Forties,REF_001,17.52,28.41,9.02,10.31,3.53,4.0,27.21,46141
2025-11-11,Forties,REF_001,21.42,28.85,10.53,9.69,4.28,3.09,22.15,85466
2025-11-18,Forties,REF_001,18.32,30.02,8.78,14.23,4.81,3.58,20.26,99765
2025-11-25,Forties,REF_001,20.96,29.85,9.87,14.69,5.75,4.46,14.43,74884
2025-12-02,Forties,REF_001,20.6,28.78,10.15,11.05,5.83,2.83,20.76,67144
2025-12-09,Forties,REF_001,19.57,29.82,10.04,12.18,4.25,4.59,19.54,14874
2025-12-16,Forties,REF_001,21.08,28.84,9.07,14.32,4.31,2.5,19.88,38723
2025-12-23,Forties,REF_001,21.32,29.24,10.53,10.09,3.33,3.69,21.8,53470
2025-12-30,Forties,REF_001,20.36,28.4,9.49,8.03,4.87,2.36,26.48,92980
2026-01-06,Forties,REF_001,21.16,29.45,9.01,9.03,5.25,4.18,21.91,91408
2026-01-13,Forties,REF_001,21.05,26.85,10.69,9.1,6.36,3.76,22.19,71045
2026-01-20,Forties,REF_001,19.89,29.71,9.97,13.94,3.62,4.6,18.27,99365
2026-01-27,Forties,REF_001,20.12,30.14,9.14,13.8,3.68,3.55,19.58,69763
2026-02-03,Forties,REF_001,20.12,28.91,9.34,14.82,3.03,3.86,19.93,87949
2026-02-10,Forties,REF_001,21.04,29.11,9.85,11.2,4.8,3.28,20.73,72990
2026-02-17,Forties,REF_001,20.4,28.29,10.18,11.7,3.39,4.55,21.49,88343
2026-02-24,Forties,REF_001,18.54,29.38,9.72,8.87,4.59,2.23,26.67,80782
2026-03-03,Forties,REF_001,18.26,26.89,9.11,9.58,5.7,3.92,26.54,21640
2026-03-10,Forties,REF_001,20.37,27.63,9.61,8.87,5.83,3.13,24.55,66891
2026-03-17,Forties,REF_001,19.19,26.43,10.1,11.87,4.74,2.6,25.08,66190
2026-03-24,Forties,REF_001,18.58,27.95,8.81,13.44,3.36,4.67,23.2,88081
2026-03-31,Forties,REF_001,21.36,29.86,10.64,14.21,3.45,3.31,17.16,16854
2026-04-07,Forties,REF_001,19.66,28.35,10.54,14.79,4.04,3.75,18.88,51799
2024-04-09,Forties,REF_002,20.41,27.21,11.35,13.27,5.74,3.89,18.13,99442
2024-04-16,Forties,REF_002,18.17,28.78,12.61,12.87,5.59,2.46,19.5,32199
2024-04-23,Forties,REF_002,18.34,28.58,11.65,14.31,3.43,2.75,20.94,22927
2024-04-30,Forties,REF_002,19.77,30.6,12.44,13.06,3.09,3.04,17.99,87725
2024-05-07,Forties,REF_002,19.44,27.56,11.59,8.62,5.08,4.7,23.01,13484
2024-05-14,Forties,REF_002,19.28,27.65,12.64,8.46,5.47,2.77,23.73,89421
2024-05-21,Forties,REF_002,17.31,28.44,11.03,13.6,4.41,2.56,22.66,75331
2024-05-28,Forties,REF_002,20.1,28.57,11.41,12.43,5.61,3.98,17.91,34818
2024-06-04,Forties,REF_002,20.59,27.58,11.4,9.99,6.72,4.49,19.23,83014
2024-06-11,Forties,REF_002,16.85,29.47,11.12,14.77,5.12,3.69,18.98,42083
2024-06-18,Forties,REF_002,18.97,29.72,11.78,12.49,4.89,4.15,18.0,90960
2024-06-25,Forties,REF_002,17.03,27.15,12.03,10.64,4.13,2.54,26.48,61537
2024-07-02,Forties,REF_002,18.22,28.75,12.57,13.31,6.18,2.37,18.59,39248
2024-07-09,Forties,REF_002,17.25,30.6,12.02,8.13,4.9,2.79,24.3,58596
2024-07-16,Forties,REF_002,17.54,26.95,11.3,10.07,5.87,3.42,24.85,36219
2024-07-23,Forties,REF_002,19.11,27.01,11.98,9.03,4.12,2.85,25.91,51926
2024-07-30,Forties,REF_002,20.64,28.02,11.22,9.18,4.57,2.55,23.82,22399
2024-08-06,Forties,REF_002,20.26,26.93,12.08,9.42,3.05,4.39,23.88,73205
2024-08-13,Forties,REF_002,18.16,27.04,11.38,9.27,6.73,3.59,23.83,96745
2024-08-20,Forties,REF_002,18.23,28.95,11.04,13.66,3.16,4.09,20.87,45249
2024-08-27,Forties,REF_002,19.14,29.09,12.08,9.43,5.13,3.28,21.85,35396
2024-09-03,Forties,REF_002,18.81,30.53,12.55,9.95,6.54,4.63,16.99,32462
2024-09-10,Forties,REF_002,19.22,30.2,11.69,10.59,5.6,2.52,20.18,24555
2024-09-17,Forties,REF_002,20.16,26.89,12.26,10.03,4.93,3.63,22.09,79036
2024-09-24,Forties,REF_002,20.36,29.94,11.8,10.44,5.11,2.09,20.26,32048
2024-10-01,Forties,REF_002,18.29,28.0,10.85,8.36,4.68,2.22,27.6,35758
2024-10-08,Forties,REF_002,18.73,27.56,10.82,11.02,4.79,4.75,22.33,21505
2024-10-15,Forties,REF_002,19.29,28.0,10.9,10.75,4.71,3.09,23.25,78915
2024-10-22,Forties,REF_002,20.18,27.32,10.99,10.95,4.28,4.46,21.82,99713
2024-10-29,Forties,REF_002,17.55,29.77,11.87,12.51,4.06,2.29,21.94,58893
2024-11-05,Forties,REF_002,19.28,30.57,12.01,11.11,6.98,3.12,16.94,24630
2024-11-12,Forties,REF_002,19.3,27.79,12.5,11.0,3.6,2.42,23.39,68467
2024-11-19,Forties,REF_002,18.29,28.18,11.88,9.55,3.58,3.97,24.55,10471
2024-11-26,Forties,REF_002,20.46,27.45,11.55,9.48,3.87,4.51,22.68,62653
2024-12-03,Forties,REF_002,18.07,27.73,11.08,11.88,5.92,2.76,22.55,39907
2024-12-10,Forties,REF_002,19.71,29.67,11.07,10.68,6.48,4.22,18.17,24624
2024-12-17,Forties,REF_002,18.37,30.62,11.71,13.04,3.37,4.5,18.41,64430
2024-12-24,Forties,REF_002,17.53,28.24,10.82,13.44,5.98,3.47,20.52,50681
2024-12-31,Forties,REF_002,18.68,26.87,11.39,8.9,3.74,4.89,25.53,33560
2025-01-07,Forties,REF_002,18.76,30.27,11.48,11.7,3.68,2.86,21.25,55550
2025-01-14,Forties,REF_002,18.29,26.88,11.46,13.71,3.46,2.06,24.15,20683
2025-01-21,Forties,REF_002,19.57,29.9,10.75,14.21,5.51,3.55,16.49,32823
2025-01-28,Forties,REF_002,18.31,30.51,12.48,12.38,5.32,2.63,18.37,95795
2025-02-04,Forties,REF_002,19.85,28.25,12.29,9.48,3.85,4.37,21.9,60337
2025-02-11,Forties,REF_002,19.05,29.02,10.91,10.45,5.29,2.74,22.54,55360
2025-02-18,Forties,REF_002,19.06,30.49,11.15,11.08,6.93,2.56,18.74,80201
2025-02-25,Forties,REF_002,17.54,30.12,11.63,14.81,3.68,4.06,18.16,72575
2025-03-04,Forties,REF_002,19.7,27.13,11.23,10.37,4.3,4.03,23.25,14934
2025-03-11,Forties,REF_002,19.75,28.83,11.0,9.58,3.39,3.38,24.07,63542
2025-03-18,Forties,REF_002,19.15,30.57,11.25,13.33,5.89,2.18,17.62,93700
2025-03-25,Forties,REF_002,20.55,28.31,11.49,13.74,4.98,4.4,16.53,13251
2025-04-01,Forties,REF_002,17.83,27.09,11.56,13.98,5.28,3.56,20.7,42949
2025-04-08,Forties,REF_002,17.08,29.79,11.8,14.52,4.73,3.2,18.88,97691
2025-04-15,Forties,REF_002,17.39,27.73,11.63,11.66,5.19,2.64,23.75,93416
2025-04-22,Forties,REF_002,19.64,27.76,11.24,14.16,4.52,3.67,19.01,20838
2025-04-29,Forties,REF_002,17.83,28.39,11.97,9.96,6.8,2.66,22.38,80101
2025-05-06,Forties,REF_002,18.29,30.06,12.5,9.31,4.97,2.46,22.42,73524
2025-05-13,Forties,REF_002,20.16,28.28,11.45,9.43,4.23,2.97,23.49,24001
2025-05-20,Forties,REF_002,18.07,30.35,11.31,9.92,4.54,4.88,20.93,78812
2025-05-27,Forties,REF_002,17.63,29.73,12.19,14.65,6.56,2.29,16.94,50911
2025-06-03,Forties,REF_002,19.64,30.62,10.83,10.58,4.97,3.24,20.13,51020
2025-06-10,Forties,REF_002,18.3,30.6,12.26,13.16,4.64,4.64,16.38,18400
2025-06-17,Forties,REF_002,17.4,30.54,11.79,9.12,6.8,4.92,19.43,89334
2025-06-24,Forties,REF_002,17.78,27.84,11.47,12.06,6.97,4.87,19.02,92902
2025-07-01,Forties,REF_002,17.18,29.75,12.41,10.33,3.88,4.25,22.2,18175
2025-07-08,Forties,REF_002,20.59,27.35,11.57,14.88,6.95,4.33,14.33,85526
2025-07-15,Forties,REF_002,20.7,30.43,11.9,13.14,5.38,3.52,14.93,89274
2025-07-22,Forties,REF_002,19.78,30.16,10.85,12.04,4.32,3.54,19.32,65166
2025-07-29,Forties,REF_002,20.21,26.85,10.98,14.45,6.87,2.17,18.47,39860
2025-08-05,Forties,REF_002,16.87,29.75,12.02,11.95,5.77,3.61,20.03,31495
2025-08-12,Forties,REF_002,19.84,29.86,12.36,14.68,5.99,2.16,15.1,11875
2025-08-19,Forties,REF_002,19.79,26.95,11.29,8.95,6.88,2.95,23.2,14963
2025-08-26,Forties,REF_002,20.63,29.16,10.73,13.83,3.61,4.41,17.64,64247
2025-09-02,Forties,REF_002,17.54,29.73,11.57,12.47,6.48,2.78,19.44,42937
2025-09-09,Forties,REF_002,20.82,28.75,11.77,10.0,4.66,3.5,20.49,33260
2025-09-16,Forties,REF_002,17.78,29.12,11.02,11.87,5.82,2.59,21.78,77129
2025-09-23,Forties,REF_002,18.27,30.69,12.61,13.59,4.37,4.81,15.65,99890
2025-09-30,Forties,REF_002,18.68,29.18,10.67,8.3,5.0,3.83,24.34,38115
2025-10-07,Forties,REF_002,17.22,29.85,11.49,12.54,5.6,3.64,19.65,26064
2025-10-14,Forties,REF_002,19.29,28.01,12.29,9.35,4.16,3.32,23.57,76601
2025-10-21,Forties,REF_002,19.71,28.07,11.68,9.64,6.08,2.59,22.23,83741
2025-10-28,Forties,REF_002,20.57,30.69,12.37,9.55,4.67,2.27,19.88,24809
2025-11-04,Forties,REF_002,17.03,29.29,11.72,14.42,4.85,3.93,18.77,46143
2025-11-11,Forties,REF_002,20.14,30.43,11.52,8.58,3.65,4.16,21.51,39274
2025-11-18,Forties,REF_002,19.97,29.72,12.05,13.7,6.03,3.9,14.64,10380
2025-11-25,Forties,REF_002,18.89,29.1,12.58,12.55,5.3,3.62,17.95,19296
2025-12-02,Forties,REF_002,18.54,27.26,10.76,10.31,5.58,4.6,22.95,82932
2025-12-09,Forties,REF_002,18.01,26.91,11.46,10.2,4.49,3.68,25.26,12737
2025-12-16,Forties,REF_002,18.31,28.96,11.52,12.67,3.74,2.46,22.34,37708
2025-12-23,Forties,REF_002,17.23,27.67,10.83,10.81,5.85,2.86,24.75,10335
2025-12-30,Forties,REF_002,19.06,29.49,11.44,10.08,4.96,2.3,22.67,67953
2026-01-06,Forties,REF_002,19.76,29.54,11.31,13.9,6.79,2.89,15.81,33644
2026-01-13,Forties,REF_002,19.64,29.56,11.68,14.46,3.59,3.43,17.64,13168
2026-01-20,Forties,REF_002,17.04,26.94,11.64,12.12,3.01,3.9,25.35,54073
2026-01-27,Forties,REF_002,17.72,26.78,10.97,12.2,5.64,3.94,22.75,23784
2026-02-03,Forties,REF_002,20.47,28.37,12.19,9.17,4.88,3.56,21.36,79331
2026-02-10,Forties,REF_002,19.31,28.32,11.22,14.81,4.14,2.39,19.81,37037
2026-02-17,Forties,REF_002,18.13,27.23,12.07,12.33,4.27,4.98,20.98,68950
2026-02-24,Forties,REF_002,19.64,28.95,11.76,8.14,6.08,4.73,20.69,21003
2026-03-03,Forties,REF_002,20.01,28.86,11.23,14.45,3.07,2.82,19.57,89762
2026-03-10,Forties,REF_002,18.75,29.12,12.16,9.04,3.86,5.0,22.08,31370
2026-03-17,Forties,REF_002,18.98,27.92,12.36,14.73,3.57,3.8,18.64,83041
2026-03-24,Forties,REF_002,20.12,28.48,11.11,10.71,6.0,4.98,18.59,59886
2026-03-31,Forties,REF_002,17.61,26.89,12.54,11.38,5.87,3.98,21.73,90178
2026-04-07,Forties,REF_002,17.89,28.49,12.48,12.1,3.29,2.58,23.17,31349
2024-04-09,Forties,REF_003,20.27,25.3,12.22,14.29,3.7,2.69,21.53,57751
2024-04-16,Forties,REF_003,20.17,28.35,11.2,11.43,3.42,2.1,23.34,52103
2024-04-23,Forties,REF_003,20.44,27.09,12.07,8.22,5.45,4.45,22.28,49548
2024-04-30,Forties,REF_003,23.8,25.01,11.12,9.61,6.98,2.88,20.59,44913
2024-05-07,Forties,REF_003,23.35,28.29,12.35,11.91,5.65,3.05,15.4,64644
2024-05-14,Forties,REF_003,21.17,27.55,11.09,14.16,3.57,3.72,18.74,56860
2024-05-21,Forties,REF_003,21.01,24.68,10.78,14.78,6.77,2.36,19.63,43737
2024-05-28,Forties,REF_003,21.82,26.48,11.08,14.39,6.63,2.06,17.54,68500
2024-06-04,Forties,REF_003,20.25,26.96,12.21,12.55,4.88,4.87,18.28,77193
2024-06-11,Forties,REF_003,20.95,26.12,12.0,8.14,3.26,4.58,24.96,13865
2024-06-18,Forties,REF_003,22.67,25.84,12.13,13.93,6.81,2.29,16.32,48056
2024-06-25,Forties,REF_003,22.25,28.23,11.01,8.5,3.81,3.49,22.71,71294
2024-07-02,Forties,REF_003,22.72,24.87,12.0,12.62,4.63,3.71,19.45,79096
2024-07-09,Forties,REF_003,21.0,28.33,10.75,14.32,5.96,3.98,15.65,17461
2024-07-16,Forties,REF_003,23.63,25.75,11.97,14.19,3.98,4.74,15.73,65074
2024-07-23,Forties,REF_003,22.59,28.23,11.53,11.08,5.53,3.66,17.37,15532
2024-07-30,Forties,REF_003,20.68,24.62,10.7,13.11,3.02,2.91,24.96,50438
2024-08-06,Forties,REF_003,23.71,25.88,12.04,10.86,3.39,2.3,21.82,48919
2024-08-13,Forties,REF_003,20.19,26.86,11.47,12.92,3.74,3.78,21.05,25707
2024-08-20,Forties,REF_003,22.85,25.8,11.71,14.18,4.95,2.58,17.94,89751
2024-08-27,Forties,REF_003,21.39,27.49,11.12,10.09,5.57,2.47,21.88,88027
2024-09-03,Forties,REF_003,21.51,24.65,11.09,13.49,6.44,3.7,19.12,36469
2024-09-10,Forties,REF_003,22.07,27.91,11.11,10.7,5.16,4.66,18.39,62393
2024-09-17,Forties,REF_003,20.79,24.93,10.67,14.65,6.29,4.3,18.38,54672
2024-09-24,Forties,REF_003,22.65,25.08,11.72,13.68,3.25,2.89,20.74,19925
2024-10-01,Forties,REF_003,21.0,27.66,11.14,12.83,6.09,4.45,16.83,88603
2024-10-08,Forties,REF_003,22.35,25.69,10.78,11.53,3.41,4.73,21.51,49823
2024-10-15,Forties,REF_003,23.45,27.41,12.19,14.19,3.21,4.18,15.38,30389
2024-10-22,Forties,REF_003,23.91,27.68,10.49,14.49,4.17,3.25,16.01,65105
2024-10-29,Forties,REF_003,23.62,28.28,11.61,10.22,4.12,3.09,19.07,26246
2024-11-05,Forties,REF_003,22.64,26.68,12.03,8.66,4.6,2.72,22.68,58166
2024-11-12,Forties,REF_003,21.83,26.37,11.11,13.09,4.93,2.61,20.07,59270
2024-11-19,Forties,REF_003,22.34,24.65,10.89,9.7,3.99,2.72,25.71,34447
2024-11-26,Forties,REF_003,21.01,28.11,11.12,10.45,4.06,4.9,20.35,58194
2024-12-03,Forties,REF_003,22.4,27.51,11.15,14.78,3.61,3.37,17.18,23089
2024-12-10,Forties,REF_003,23.12,25.0,11.59,8.73,4.81,2.84,23.91,91296
2024-12-17,Forties,REF_003,20.17,27.17,11.87,14.22,6.51,4.93,15.13,32851
2024-12-24,Forties,REF_003,21.06,26.16,11.55,10.57,5.96,2.03,22.68,11588
2024-12-31,Forties,REF_003,22.82,28.1,12.03,8.82,6.74,3.57,17.92,76806
2025-01-07,Forties,REF_003,20.76,26.76,11.14,14.82,4.9,4.27,17.35,64290
2025-01-14,Forties,REF_003,20.33,26.74,11.56,13.01,4.29,4.58,19.49,66034
2025-01-21,Forties,REF_003,20.11,27.4,12.29,12.78,4.52,3.77,19.12,25425
2025-01-28,Forties,REF_003,22.36,26.57,10.53,10.25,3.76,3.17,23.34,31764
2025-02-04,Forties,REF_003,23.29,27.36,11.96,10.53,3.01,2.66,21.19,77976
2025-02-11,Forties,REF_003,22.37,26.72,11.04,8.53,6.14,2.12,23.08,15322
2025-02-18,Forties,REF_003,21.14,26.86,12.46,8.63,4.89,3.81,22.21,84079
2025-02-25,Forties,REF_003,22.71,27.8,11.52,11.04,5.47,4.7,16.75,59576
2025-03-04,Forties,REF_003,22.38,25.92,11.67,12.39,6.01,3.72,17.9,27779
2025-03-11,Forties,REF_003,22.28,25.76,10.65,13.78,3.26,3.9,20.36,98964
2025-03-18,Forties,REF_003,20.31,25.45,12.0,8.68,6.33,2.0,25.23,90095
2025-03-25,Forties,REF_003,20.22,28.26,12.21,11.78,6.11,2.22,19.2,22163
2025-04-01,Forties,REF_003,21.43,26.72,12.22,11.8,5.66,4.04,18.13,88981
2025-04-08,Forties,REF_003,23.06,28.48,10.52,9.45,6.72,4.38,17.39,34062
2025-04-15,Forties,REF_003,23.85,28.05,10.61,13.68,6.14,2.66,15.01,70232
2025-04-22,Forties,REF_003,23.84,27.27,12.11,8.7,5.91,2.61,19.56,16466
2025-04-29,Forties,REF_003,22.16,27.57,11.57,14.52,5.78,2.35,16.03,94106
2025-05-06,Forties,REF_003,20.57,27.6,10.78,14.99,4.33,3.49,18.25,52015
2025-05-13,Forties,REF_003,20.36,26.55,10.78,13.61,6.83,4.42,17.44,48795
2025-05-20,Forties,REF_003,19.97,24.72,11.47,12.76,6.28,3.8,21.02,98048
2025-05-27,Forties,REF_003,21.93,26.97,10.94,10.38,5.73,3.8,20.25,43268
2025-06-03,Forties,REF_003,20.4,25.94,10.57,12.07,4.29,3.14,23.59,61757
2025-06-10,Forties,REF_003,22.28,26.92,11.46,11.42,6.28,3.4,18.23,58242
2025-06-17,Forties,REF_003,23.91,25.29,11.93,11.31,6.32,3.21,18.02,37269
2025-06-24,Forties,REF_003,20.79,28.06,11.92,8.54,5.85,2.11,22.74,26346
2025-07-01,Forties,REF_003,22.33,26.42,12.16,12.26,6.86,4.57,15.41,40619
2025-07-08,Forties,REF_003,23.29,28.05,12.42,8.09,6.5,2.21,19.44,57530
2025-07-15,Forties,REF_003,21.62,28.25,11.29,12.17,5.77,2.06,18.85,63183
2025-07-22,Forties,REF_003,22.03,26.95,10.63,8.39,3.71,4.61,23.69,42082
2025-07-29,Forties,REF_003,21.69,26.13,11.91,9.82,3.27,3.13,24.05,75505
2025-08-05,Forties,REF_003,23.62,24.77,12.1,8.46,4.32,2.07,24.66,92038
2025-08-12,Forties,REF_003,22.78,26.05,11.23,12.48,3.36,2.44,21.66,86250
2025-08-19,Forties,REF_003,20.77,27.48,10.93,8.62,6.6,4.71,20.91,64478
2025-08-26,Forties,REF_003,21.8,26.78,11.29,13.3,6.02,4.46,16.34,57063
2025-09-02,Forties,REF_003,23.16,25.19,10.54,12.54,3.42,3.65,21.5,74901
2025-09-09,Forties,REF_003,21.58,24.74,12.25,8.3,6.62,2.16,24.34,76164
2025-09-16,Forties,REF_003,23.66,28.2,12.27,14.18,5.04,3.67,12.99,65774
2025-09-23,Forties,REF_003,23.54,27.92,12.04,12.73,5.47,4.77,13.52,27337
2025-09-30,Forties,REF_003,20.73,28.5,11.59,11.38,6.4,4.55,16.85,25893
2025-10-07,Forties,REF_003,20.65,27.75,12.05,9.58,6.37,3.44,20.17,52299
2025-10-14,Forties,REF_003,23.9,26.65,10.75,9.96,4.33,4.88,19.53,33763
2025-10-21,Forties,REF_003,21.68,27.57,11.03,12.91,3.83,2.73,20.26,98769
2025-10-28,Forties,REF_003,21.43,27.49,12.16,10.43,4.43,4.32,19.75,64630
2025-11-04,Forties,REF_003,21.4,27.57,12.21,9.65,3.1,2.82,23.26,70704
2025-11-11,Forties,REF_003,23.62,28.02,10.92,14.17,6.24,4.2,12.83,71940
2025-11-18,Forties,REF_003,23.18,28.02,12.12,8.85,5.89,4.52,17.42,26713
2025-11-25,Forties,REF_003,20.81,27.71,11.17,10.8,4.51,2.64,22.36,94491
2025-12-02,Forties,REF_003,23.18,25.57,10.69,10.61,4.66,2.02,23.27,89843
2025-12-09,Forties,REF_003,23.36,27.97,12.09,13.13,5.54,4.88,13.03,74055
2025-12-16,Forties,REF_003,22.48,27.72,10.97,14.77,3.08,3.95,17.04,16938
2025-12-23,Forties,REF_003,23.37,28.44,11.3,14.0,4.34,2.48,16.07,34898
2025-12-30,Forties,REF_003,21.16,27.09,12.07,9.44,3.35,2.66,24.22,36688
2026-01-06,Forties,REF_003,21.08,25.45,11.41,13.99,3.4,4.59,20.09,54730
2026-01-13,Forties,REF_003,22.6,27.83,11.09,14.68,3.33,3.58,16.89,32932
2026-01-20,Forties,REF_003,21.59,26.36,12.31,11.09,5.79,4.86,18.0,54507
2026-01-27,Forties,REF_003,21.59,28.46,12.13,14.58,4.59,4.09,14.56,32464
2026-02-03,Forties,REF_003,23.42,28.3,11.01,8.73,3.8,3.9,20.83,34496
2026-02-10,Forties,REF_003,22.51,25.97,12.31,11.17,4.99,3.04,20.0,16573
2026-02-17,Forties,REF_003,21.93,27.67,12.38,8.54,6.19,2.8,20.49,84053
2026-02-24,Forties,REF_003,21.32,25.03,11.7,14.26,3.73,2.07,21.9,89545
2026-03-03,Forties,REF_003,22.75,27.8,10.6,14.23,4.68,4.69,15.25,15843
2026-03-10,Forties,REF_003,23.5,27.26,11.59,8.43,5.75,3.79,19.68,75366
2026-03-17,Forties,REF_003,22.82,26.34,10.89,14.43,6.7,2.64,16.17,66758
2026-03-24,Forties,REF_003,20.77,28.01,10.68,14.93,5.44,2.07,18.1,89371
2026-03-31,Forties,REF_003,22.69,27.36,11.03,10.36,6.66,3.9,18.0,11525
2026-04-07,Forties,REF_003,21.27,26.96,10.77,8.69,3.24,3.89,25.18,38853
2024-04-09,Forties,REF_004,18.68,26.74,11.26,13.41,5.31,3.47,21.13,33383
2024-04-16,Forties,REF_004,15.83,24.59,11.32,14.49,4.02,4.01,25.74,53042
2024-04-23,Forties,REF_004,18.13,23.43,10.2,9.52,6.57,2.12,30.04,61267
2024-04-30,Forties,REF_004,19.33,26.03,10.92,10.7,5.5,3.44,24.08,73487
2024-05-07,Forties,REF_004,18.09,25.69,11.87,13.85,5.44,3.62,21.46,75154
2024-05-14,Forties,REF_004,18.83,24.6,11.29,8.95,4.72,4.82,26.8,39366
2024-05-21,Forties,REF_004,16.23,24.0,10.74,9.58,4.71,4.16,30.58,89934
2024-05-28,Forties,REF_004,16.06,26.49,10.16,10.66,6.99,2.21,27.44,12059
2024-06-04,Forties,REF_004,16.95,27.22,9.99,9.56,5.41,2.7,28.16,14842
2024-06-11,Forties,REF_004,15.83,25.66,11.08,12.95,3.53,3.5,27.47,64085
2024-06-18,Forties,REF_004,16.51,25.61,11.37,14.94,5.39,4.58,21.61,85030
2024-06-25,Forties,REF_004,19.38,26.31,10.38,10.09,6.14,3.56,24.14,32617
2024-07-02,Forties,REF_004,18.24,27.05,10.67,12.17,5.33,2.38,24.16,18122
2024-07-09,Forties,REF_004,19.17,27.15,11.76,10.78,4.15,4.83,22.16,89452
2024-07-16,Forties,REF_004,18.9,24.76,11.23,13.25,5.3,3.81,22.75,78101
2024-07-23,Forties,REF_004,18.68,24.38,10.73,13.47,4.05,4.75,23.94,85500
2024-07-30,Forties,REF_004,19.2,24.61,10.16,8.7,5.22,2.92,29.19,33716
2024-08-06,Forties,REF_004,16.51,25.67,11.05,10.96,3.55,4.79,27.48,48514
2024-08-13,Forties,REF_004,16.11,23.57,10.26,10.08,5.52,4.91,29.55,34486
2024-08-20,Forties,REF_004,18.77,27.07,10.74,9.77,4.96,4.69,24.0,10988
2024-08-27,Forties,REF_004,17.56,26.45,11.15,11.48,5.21,3.86,24.28,71386
2024-09-03,Forties,REF_004,17.04,25.49,10.5,14.89,3.75,2.45,25.88,34194
2024-09-10,Forties,REF_004,19.3,26.06,10.86,14.48,6.6,3.2,19.5,60727
2024-09-17,Forties,REF_004,19.24,24.7,10.77,13.55,5.79,2.15,23.81,20563
2024-09-24,Forties,REF_004,19.0,23.54,11.79,9.9,5.39,3.69,26.68,45662
2024-10-01,Forties,REF_004,15.74,24.19,11.18,11.12,4.66,2.29,30.81,41241
2024-10-08,Forties,REF_004,17.72,23.73,10.09,11.44,5.25,2.77,29.0,39318
2024-10-15,Forties,REF_004,18.8,26.9,10.6,10.49,6.32,4.92,21.96,38853
2024-10-22,Forties,REF_004,18.77,25.34,10.48,12.77,4.85,2.8,24.98,19650
2024-10-29,Forties,REF_004,19.08,26.93,10.1,12.64,3.65,3.94,23.65,91685
2024-11-05,Forties,REF_004,16.66,24.81,11.54,13.15,4.63,4.55,24.66,92852
2024-11-12,Forties,REF_004,17.43,23.58,10.97,13.18,3.88,2.3,28.67,35669
2024-11-19,Forties,REF_004,15.66,26.28,10.24,13.07,3.94,4.98,25.83,57861
2024-11-26,Forties,REF_004,15.78,26.51,10.77,12.25,6.8,3.55,24.33,82393
2024-12-03,Forties,REF_004,16.83,26.28,10.15,14.25,3.8,2.91,25.79,96239
2024-12-10,Forties,REF_004,16.24,24.44,11.11,14.86,5.77,2.34,25.24,77330
2024-12-17,Forties,REF_004,17.32,27.39,11.21,11.72,5.23,3.92,23.2,75864
2024-12-24,Forties,REF_004,15.93,23.94,10.55,11.35,4.24,2.64,31.34,93252
2024-12-31,Forties,REF_004,15.75,27.18,11.77,12.79,3.13,2.68,26.72,98119
2025-01-07,Forties,REF_004,19.24,27.28,11.94,8.45,5.28,4.5,23.3,38773
2025-01-14,Forties,REF_004,17.36,24.56,10.03,8.51,3.09,3.58,32.88,65658
2025-01-21,Forties,REF_004,16.85,26.72,11.73,8.98,3.21,2.96,29.56,74168
2025-01-28,Forties,REF_004,17.65,25.37,10.26,10.46,6.84,3.02,26.41,63228
2025-02-04,Forties,REF_004,15.85,23.68,10.8,12.23,4.49,2.54,30.42,76236
2025-02-11,Forties,REF_004,16.18,26.09,11.87,11.29,3.8,4.53,26.24,55492
2025-02-18,Forties,REF_004,19.31,26.3,10.81,12.32,3.68,3.16,24.41,63448
2025-02-25,Forties,REF_004,17.98,25.77,11.44,8.74,3.29,2.44,30.34,81315
2025-03-04,Forties,REF_004,15.88,24.32,10.46,12.53,4.61,2.6,29.61,50458
2025-03-11,Forties,REF_004,18.36,26.56,10.2,13.0,3.02,4.17,24.68,69490
2025-03-18,Forties,REF_004,17.49,23.97,11.48,8.5,6.58,4.32,27.66,76686
2025-03-25,Forties,REF_004,18.63,23.69,11.93,14.01,5.03,4.16,22.54,76533
2025-04-01,Forties,REF_004,18.93,24.44,10.7,13.6,6.08,3.57,22.69,45658
2025-04-08,Forties,REF_004,19.49,25.08,11.48,10.89,4.24,3.92,24.9,82685
2025-04-15,Forties,REF_004,19.54,24.02,11.7,11.67,3.43,4.38,25.26,39838
2025-04-22,Forties,REF_004,19.09,24.05,11.37,10.11,4.03,2.15,29.2,53371
2025-04-29,Forties,REF_004,17.18,23.67,10.41,11.41,6.23,4.79,26.31,56379
2025-05-06,Forties,REF_004,17.23,27.24,11.88,9.33,5.13,4.46,24.73,84003
2025-05-13,Forties,REF_004,18.36,25.31,10.76,13.64,3.9,3.29,24.75,61017
2025-05-20,Forties,REF_004,18.94,24.92,11.05,9.95,6.35,4.36,24.43,83808
2025-05-27,Forties,REF_004,15.85,25.37,10.22,12.72,4.25,4.32,27.28,15865
2025-06-03,Forties,REF_004,17.67,23.91,11.07,12.25,4.85,2.84,27.41,12909
2025-06-10,Forties,REF_004,18.26,26.9,11.42,14.25,6.72,3.35,19.1,72819
2025-06-17,Forties,REF_004,17.21,27.1,11.08,13.27,3.06,3.73,24.57,76779
2025-06-24,Forties,REF_004,16.64,23.48,11.44,10.37,4.72,3.69,29.67,19922
2025-07-01,Forties,REF_004,16.03,27.26,10.63,9.79,3.19,2.52,30.57,48780
2025-07-08,Forties,REF_004,16.98,25.12,11.36,12.49,4.97,4.44,24.63,87159
2025-07-15,Forties,REF_004,17.98,23.89,10.76,12.44,3.25,2.06,29.61,95350
2025-07-22,Forties,REF_004,18.54,24.03,10.84,9.35,3.04,3.18,31.02,68354
2025-07-29,Forties,REF_004,19.43,26.5,10.41,10.35,5.08,2.57,25.65,84965
2025-08-05,Forties,REF_004,16.29,24.58,11.11,8.86,5.5,4.83,28.83,72238
2025-08-12,Forties,REF_004,18.87,25.17,10.68,10.3,5.64,3.56,25.78,52508
2025-08-19,Forties,REF_004,16.02,26.11,11.4,9.37,6.04,4.64,26.41,25716
2025-08-26,Forties,REF_004,17.42,26.93,10.93,13.71,3.86,2.19,24.96,15352
2025-09-02,Forties,REF_004,19.51,24.08,11.68,10.21,3.16,2.72,28.64,55494
2025-09-09,Forties,REF_004,16.04,27.11,11.75,9.04,5.95,3.38,26.72,98391
2025-09-16,Forties,REF_004,15.84,25.3,10.52,13.08,3.44,3.88,27.92,95325
2025-09-23,Forties,REF_004,17.43,25.24,10.94,10.91,4.79,3.39,27.3,99825
2025-09-30,Forties,REF_004,16.08,24.56,10.37,11.81,3.01,4.76,29.4,57800
2025-10-07,Forties,REF_004,19.2,24.8,10.25,9.35,4.88,2.12,29.4,80362
2025-10-14,Forties,REF_004,18.78,26.23,11.74,11.85,4.92,3.59,22.9,26375
2025-10-21,Forties,REF_004,17.66,25.59,11.48,10.44,3.37,3.79,27.67,80916
2025-10-28,Forties,REF_004,19.49,23.78,11.44,12.17,3.06,4.15,25.89,12358
2025-11-04,Forties,REF_004,18.76,26.31,11.33,8.84,6.68,4.7,23.4,91023
2025-11-11,Forties,REF_004,17.06,25.39,10.18,8.36,3.24,3.71,32.07,38926
2025-11-18,Forties,REF_004,17.93,25.79,11.77,14.18,5.87,4.46,20.0,10284
2025-11-25,Forties,REF_004,15.68,25.25,11.26,13.56,4.79,4.82,24.64,83348
2025-12-02,Forties,REF_004,16.03,25.18,11.94,10.87,4.55,2.88,28.55,53784
2025-12-09,Forties,REF_004,18.54,23.61,11.62,14.42,6.12,4.75,20.94,18541
2025-12-16,Forties,REF_004,17.42,23.7,11.63,14.67,4.19,3.61,24.79,36790
2025-12-23,Forties,REF_004,17.13,25.33,11.53,9.03,3.63,2.61,30.75,14783
2025-12-30,Forties,REF_004,18.19,24.18,10.83,12.8,4.8,4.72,24.49,79225
2026-01-06,Forties,REF_004,16.71,23.94,11.74,10.78,4.53,4.43,27.87,10841
2026-01-13,Forties,REF_004,17.42,26.28,11.65,14.2,4.86,4.54,21.05,13218
2026-01-20,Forties,REF_004,16.84,23.46,10.28,13.07,3.02,3.57,29.76,47258
2026-01-27,Forties,REF_004,16.11,26.16,11.34,13.08,6.06,2.94,24.3,99471
2026-02-03,Forties,REF_004,15.91,26.01,11.89,9.57,4.11,3.73,28.78,80313
2026-02-10,Forties,REF_004,16.93,26.77,10.43,14.12,4.01,3.85,23.88,42201
2026-02-17,Forties,REF_004,16.9,24.84,10.95,13.92,6.04,3.35,24.01,35394
2026-02-24,Forties,REF_004,19.03,26.9,10.86,12.87,4.48,2.45,23.41,38933
2026-03-03,Forties,REF_004,18.34,26.5,11.66,8.12,4.95,2.82,27.61,71556
2026-03-10,Forties,REF_004,16.6,25.69,11.38,13.39,4.08,2.26,26.61,29684
2026-03-17,Forties,REF_004,18.01,23.58,10.27,14.97,4.53,3.49,25.15,10990
2026-03-24,Forties,REF_004,17.98,24.72,11.01,11.68,6.87,2.8,24.93,61338
2026-03-31,Forties,REF_004,17.14,25.11,10.06,12.82,3.78,3.41,27.68,49084
2026-04-07,Forties,REF_004,17.49,24.92,10.44,11.14,3.18,2.73,30.1,80636
2024-04-09,Forties,REF_005,22.14,28.52,10.58,8.81,6.11,3.56,20.27,82902
2024-04-16,Forties,REF_005,22.1,29.87,10.52,8.2,5.09,4.03,20.18,31029
2024-04-23,Forties,REF_005,22.85,31.91,10.1,12.99,3.12,4.0,15.04,66161
2024-04-30,Forties,REF_005,22.19,29.22,11.29,14.01,5.68,3.42,14.2,65656
2024-05-07,Forties,REF_005,21.82,31.91,9.77,10.19,6.12,3.23,16.96,70523
2024-05-14,Forties,REF_005,19.43,30.84,10.88,12.1,6.06,4.64,16.04,84637
2024-05-21,Forties,REF_005,19.41,30.98,10.43,10.34,6.52,3.68,18.64,55111
2024-05-28,Forties,REF_005,22.04,30.22,11.25,8.72,6.1,2.49,19.18,30270
2024-06-04,Forties,REF_005,19.62,28.96,10.99,12.59,3.92,2.81,21.11,18936
2024-06-11,Forties,REF_005,20.56,29.52,9.82,13.84,6.41,2.33,17.52,33972
2024-06-18,Forties,REF_005,21.84,31.49,9.67,14.32,3.25,3.9,15.53,11986
2024-06-25,Forties,REF_005,22.61,29.42,10.83,9.29,4.29,4.24,19.32,97569
2024-07-02,Forties,REF_005,22.87,31.25,11.22,14.79,3.16,2.51,14.2,14741
2024-07-09,Forties,REF_005,20.9,31.84,10.7,11.89,6.31,4.79,13.58,72869
2024-07-16,Forties,REF_005,22.48,28.71,10.54,10.55,4.33,2.64,20.75,90459
2024-07-23,Forties,REF_005,20.7,30.13,10.08,14.74,5.44,2.0,16.9,34110
2024-07-30,Forties,REF_005,22.9,31.91,10.62,11.95,6.61,4.13,11.9,93899
2024-08-06,Forties,REF_005,20.82,31.91,10.61,12.51,3.33,3.83,16.98,79099
2024-08-13,Forties,REF_005,20.66,30.02,10.32,14.78,4.91,2.38,16.94,12598
2024-08-20,Forties,REF_005,21.99,30.2,9.54,10.68,6.66,4.84,16.1,14820
2024-08-27,Forties,REF_005,19.39,28.03,11.27,8.5,3.43,2.68,26.7,92552
2024-09-03,Forties,REF_005,21.65,30.47,11.1,12.85,5.98,2.22,15.72,63078
2024-09-10,Forties,REF_005,21.91,30.27,9.55,9.48,6.85,4.11,17.82,71965
2024-09-17,Forties,REF_005,21.54,28.52,9.54,11.08,4.78,4.44,20.11,26341
2024-09-24,Forties,REF_005,20.0,28.32,10.33,9.79,4.05,2.76,24.74,30836
2024-10-01,Forties,REF_005,20.18,30.15,10.41,8.44,4.7,4.54,21.58,19063
2024-10-08,Forties,REF_005,22.68,29.24,9.56,9.77,3.28,3.7,21.77,38469
2024-10-15,Forties,REF_005,22.13,30.94,10.47,11.92,5.44,2.81,16.3,22543
2024-10-22,Forties,REF_005,20.41,28.39,10.16,11.87,5.16,2.36,21.66,10750
2024-10-29,Forties,REF_005,19.26,28.15,10.33,10.73,3.97,2.65,24.92,45677
2024-11-05,Forties,REF_005,19.25,28.86,10.34,8.66,6.36,4.03,22.49,44480
2024-11-12,Forties,REF_005,19.5,28.78,9.77,9.12,4.69,2.74,25.4,89612
2024-11-19,Forties,REF_005,22.74,30.77,11.15,9.79,5.66,2.17,17.72,96419
2024-11-26,Forties,REF_005,21.58,29.27,11.08,8.11,4.5,4.69,20.77,33687
2024-12-03,Forties,REF_005,21.57,29.45,10.31,13.22,6.64,2.5,16.3,34920
2024-12-10,Forties,REF_005,20.85,30.46,10.47,13.64,6.07,3.22,15.29,13655
2024-12-17,Forties,REF_005,19.68,29.95,11.39,11.97,5.12,4.17,17.72,23706
2024-12-24,Forties,REF_005,19.49,29.39,11.52,14.13,5.72,3.17,16.58,59920
2024-12-31,Forties,REF_005,20.11,30.7,10.37,8.84,3.86,3.83,22.29,72510
2025-01-07,Forties,REF_005,19.28,31.24,11.18,13.06,5.73,2.7,16.81,92765
2025-01-14,Forties,REF_005,19.97,28.74,10.81,10.55,6.73,3.38,19.82,24734
2025-01-21,Forties,REF_005,22.73,30.07,10.57,10.7,6.34,2.86,16.73,11233
2025-01-28,Forties,REF_005,20.89,31.71,10.08,9.86,5.95,4.33,17.18,49200
2025-02-04,Forties,REF_005,22.23,28.69,10.26,10.83,4.25,2.65,21.07,40433
2025-02-11,Forties,REF_005,18.97,30.82,10.9,11.15,4.29,3.3,20.56,94286
2025-02-18,Forties,REF_005,21.31,30.93,9.99,8.66,3.33,3.42,22.35,74501
2025-02-25,Forties,REF_005,22.0,30.89,11.36,8.36,6.42,3.98,16.99,25796
2025-03-04,Forties,REF_005,21.63,30.05,10.25,9.74,4.86,2.72,20.76,17456
2025-03-11,Forties,REF_005,22.28,30.38,10.26,11.13,6.46,2.96,16.53,44215
2025-03-18,Forties,REF_005,21.96,28.81,10.85,11.04,5.0,4.36,17.98,99381
2025-03-25,Forties,REF_005,22.23,28.65,9.98,10.87,5.88,3.53,18.87,91162
2025-04-01,Forties,REF_005,19.09,29.04,9.97,13.21,4.86,2.05,21.78,79609
2025-04-08,Forties,REF_005,20.35,29.05,9.9,14.62,6.77,2.23,17.09,30949
2025-04-15,Forties,REF_005,21.48,30.69,10.37,11.98,5.81,4.85,14.82,75259
2025-04-22,Forties,REF_005,19.34,30.88,9.67,11.52,5.11,4.33,19.15,11040
2025-04-29,Forties,REF_005,22.4,30.66,9.59,9.12,3.16,4.3,20.77,25381
2025-05-06,Forties,REF_005,19.08,28.56,10.65,11.47,3.99,4.83,21.43,86932
2025-05-13,Forties,REF_005,20.16,29.91,10.56,13.29,4.71,3.64,17.73,47130
2025-05-20,Forties,REF_005,21.95,30.23,11.19,8.38,6.62,4.46,17.18,83665
2025-05-27,Forties,REF_005,19.46,29.06,11.49,14.65,3.91,3.3,18.13,24034
2025-06-03,Forties,REF_005,19.95,28.75,9.69,12.06,3.96,4.98,20.62,56389
2025-06-10,Forties,REF_005,20.34,31.66,10.77,8.89,4.99,3.32,20.03,78861
2025-06-17,Forties,REF_005,21.67,29.49,10.47,11.63,4.69,2.32,19.72,91490
2025-06-24,Forties,REF_005,21.59,29.89,10.67,9.49,5.12,4.24,19.0,58030
2025-07-01,Forties,REF_005,20.82,29.86,11.05,13.27,6.0,2.74,16.26,65610
2025-07-08,Forties,REF_005,22.02,30.25,11.09,13.98,3.7,2.92,16.05,64117
2025-07-15,Forties,REF_005,20.06,31.77,9.92,10.5,6.98,2.57,18.21,50393
2025-07-22,Forties,REF_005,20.15,31.25,10.14,9.13,6.73,2.95,19.65,76757
2025-07-29,Forties,REF_005,20.06,28.72,11.14,8.39,4.33,4.34,23.02,56092
2025-08-05,Forties,REF_005,21.66,28.27,11.03,9.2,6.23,3.69,19.91,76524
2025-08-12,Forties,REF_005,19.75,29.59,11.13,14.38,3.91,4.38,16.86,19769
2025-08-19,Forties,REF_005,20.6,31.76,11.42,10.08,3.77,2.45,19.92,53278
2025-08-26,Forties,REF_005,19.27,29.43,9.56,9.82,6.6,3.34,21.98,16637
2025-09-02,Forties,REF_005,21.49,31.83,10.46,12.37,6.68,3.26,13.92,69812
2025-09-09,Forties,REF_005,20.66,31.86,10.54,14.2,5.03,4.01,13.71,44752
2025-09-16,Forties,REF_005,22.57,30.59,9.57,8.11,5.7,2.34,21.11,74454
2025-09-23,Forties,REF_005,20.19,30.16,9.88,9.72,4.75,4.0,21.3,24015
2025-09-30,Forties,REF_005,20.02,28.84,11.26,12.54,4.87,4.84,17.63,76224
2025-10-07,Forties,REF_005,22.63,30.4,9.81,12.73,3.81,3.04,17.6,55865
2025-10-14,Forties,REF_005,19.53,28.09,10.18,13.77,3.06,2.33,23.04,82616
2025-10-21,Forties,REF_005,20.12,31.76,10.29,13.58,4.04,2.19,18.03,89339
2025-10-28,Forties,REF_005,22.61,30.84,11.07,8.05,6.02,3.42,18.0,50751
2025-11-04,Forties,REF_005,21.06,29.09,10.92,10.07,5.23,2.41,21.21,70756
2025-11-11,Forties,REF_005,19.66,28.69,9.58,8.85,3.93,2.67,26.62,39490
2025-11-18,Forties,REF_005,19.12,31.75,9.77,12.91,5.14,3.66,17.65,19496
2025-11-25,Forties,REF_005,19.87,31.13,10.46,11.2,5.18,3.3,18.86,82552
2025-12-02,Forties,REF_005,21.89,29.28,11.15,11.63,5.51,4.6,15.94,52839
2025-12-09,Forties,REF_005,21.92,30.52,10.38,13.52,3.42,3.74,16.48,14176
2025-12-16,Forties,REF_005,19.52,30.4,10.15,9.84,6.82,3.1,20.17,60826
2025-12-23,Forties,REF_005,21.04,28.26,10.88,11.59,4.53,2.2,21.52,36371
2025-12-30,Forties,REF_005,22.44,28.7,9.97,9.44,6.56,4.1,18.79,89365
2026-01-06,Forties,REF_005,22.55,31.72,10.5,11.33,6.32,3.0,14.58,11999
2026-01-13,Forties,REF_005,20.23,30.87,9.78,13.49,6.26,2.3,17.07,18805
2026-01-20,Forties,REF_005,19.69,29.43,10.6,11.4,6.41,2.43,20.04,72781
2026-01-27,Forties,REF_005,21.1,30.95,10.21,11.3,3.11,2.35,20.97,43749
2026-02-03,Forties,REF_005,20.82,28.35,11.18,14.62,5.39,2.16,17.48,76494
2026-02-10,Forties,REF_005,19.77,30.94,10.4,8.37,4.11,3.28,23.12,76262
2026-02-17,Forties,REF_005,19.43,29.16,9.7,12.31,4.9,4.79,19.72,76649
2026-02-24,Forties,REF_005,22.01,28.66,10.06,11.59,3.05,4.61,20.0,79996
2026-03-03,Forties,REF_005,19.13,31.4,9.54,8.8,3.22,3.44,24.47,80564
2026-03-10,Forties,REF_005,19.61,31.09,9.9,14.93,6.41,4.21,13.83,63251
2026-03-17,Forties,REF_005,19.87,28.48,10.45,10.82,5.7,2.51,22.17,60591
2026-03-24,Forties,REF_005,21.67,29.2,11.09,11.02,3.65,2.58,20.78,35100
2026-03-31,Forties,REF_005,19.53,30.26,11.43,14.27,4.3,4.59,15.62,95862
2026-04-07,Forties,REF_005,20.08,31.63,11.53,13.58,4.56,3.83,14.8,42776
2024-04-09,Basra Light,REF_001,20.27,23.64,12.45,14.07,4.45,4.87,20.24,87567
2024-04-16,Basra Light,REF_001,23.58,25.86,12.49,13.67,6.76,2.84,14.8,57888
2024-04-23,Basra Light,REF_001,23.44,25.79,12.17,14.81,6.22,2.95,14.61,20682
2024-04-30,Basra Light,REF_001,21.06,26.13,10.59,9.33,4.31,4.63,23.96,14590
2024-05-07,Basra Light,REF_001,20.17,25.68,10.93,9.7,3.74,3.74,26.04,14999
2024-05-14,Basra Light,REF_001,23.73,23.97,12.48,13.45,6.31,2.52,17.55,70268
2024-05-21,Basra Light,REF_001,23.24,25.71,11.67,9.12,4.66,2.45,23.15,97557
2024-05-28,Basra Light,REF_001,22.71,23.67,11.53,12.47,3.38,3.99,22.25,25957
2024-06-04,Basra Light,REF_001,21.6,25.98,11.3,10.67,6.37,2.93,21.15,68967
2024-06-11,Basra Light,REF_001,23.37,24.09,10.66,13.78,5.2,4.48,18.42,29173
2024-06-18,Basra Light,REF_001,23.3,23.86,12.34,13.76,5.27,3.83,17.65,41125
2024-06-25,Basra Light,REF_001,20.78,25.3,11.89,14.99,6.27,3.3,17.48,76892
2024-07-02,Basra Light,REF_001,20.4,25.14,11.42,14.99,4.56,2.25,21.23,16050
2024-07-09,Basra Light,REF_001,22.77,24.63,12.31,11.38,4.32,4.28,20.31,47577
2024-07-16,Basra Light,REF_001,22.92,26.33,12.02,14.0,6.39,3.99,14.34,96126
2024-07-23,Basra Light,REF_001,20.05,27.2,10.87,9.48,6.27,3.2,22.93,48277
2024-07-30,Basra Light,REF_001,21.02,24.37,10.78,9.38,5.27,4.12,25.06,76495
2024-08-06,Basra Light,REF_001,21.45,27.16,11.23,8.78,6.78,3.62,20.97,97423
2024-08-13,Basra Light,REF_001,21.55,26.5,10.79,13.98,3.68,2.21,21.29,18797
2024-08-20,Basra Light,REF_001,22.2,24.64,12.49,13.97,6.21,4.43,16.05,90160
2024-08-27,Basra Light,REF_001,23.43,27.19,12.44,10.09,3.88,3.93,19.04,21099
2024-09-03,Basra Light,REF_001,20.82,26.57,11.87,12.56,6.8,4.0,17.38,48772
2024-09-10,Basra Light,REF_001,21.09,24.83,11.13,8.24,4.05,4.51,26.15,75540
2024-09-17,Basra Light,REF_001,22.46,27.08,11.1,12.04,3.13,4.68,19.51,50296
2024-09-24,Basra Light,REF_001,20.68,24.43,12.27,8.76,6.7,3.12,24.03,32597
2024-10-01,Basra Light,REF_001,21.3,25.11,11.67,12.11,4.79,3.34,21.68,35676
2024-10-08,Basra Light,REF_001,21.51,25.34,11.77,8.91,6.06,4.04,22.37,36889
2024-10-15,Basra Light,REF_001,21.81,27.26,10.61,13.68,5.05,3.86,17.73,71607
2024-10-22,Basra Light,REF_001,21.8,24.24,12.39,13.18,5.24,3.35,19.81,54939
2024-10-29,Basra Light,REF_001,23.27,23.52,12.3,8.33,5.46,3.0,24.12,71041
2024-11-05,Basra Light,REF_001,20.31,25.7,12.28,11.46,3.34,2.11,24.79,65908
2024-11-12,Basra Light,REF_001,20.25,23.76,11.42,9.47,3.82,3.44,27.84,35272
2024-11-19,Basra Light,REF_001,20.85,25.53,11.15,8.56,5.73,3.76,24.42,29090
2024-11-26,Basra Light,REF_001,22.3,27.3,12.49,11.72,3.39,3.37,19.43,12428
2024-12-03,Basra Light,REF_001,21.63,27.11,11.51,11.85,3.63,2.05,22.22,99404
2024-12-10,Basra Light,REF_001,21.32,24.59,11.71,13.22,4.01,3.57,21.57,39937
2024-12-17,Basra Light,REF_001,21.9,24.12,11.59,8.33,6.36,3.88,23.82,94734
2024-12-24,Basra Light,REF_001,22.37,24.2,11.54,12.65,4.5,3.66,21.08,24641
2024-12-31,Basra Light,REF_001,23.08,27.11,11.2,13.55,3.37,2.74,18.94,51568
2025-01-07,Basra Light,REF_001,21.52,25.95,11.7,8.61,3.53,2.16,26.54,95734
2025-01-14,Basra Light,REF_001,22.55,26.9,11.65,9.36,5.51,3.52,20.52,46737
2025-01-21,Basra Light,REF_001,21.46,26.08,11.81,9.06,6.26,3.91,21.42,58222
2025-01-28,Basra Light,REF_001,22.97,24.09,12.41,9.89,4.05,4.44,22.14,40059
2025-02-04,Basra Light,REF_001,23.29,24.79,11.67,9.62,5.93,2.5,22.2,90948
2025-02-11,Basra Light,REF_001,21.46,25.36,10.62,14.83,6.25,3.34,18.14,92823
2025-02-18,Basra Light,REF_001,23.7,25.61,11.04,11.41,4.3,3.34,20.6,92025
2025-02-25,Basra Light,REF_001,21.1,26.83,12.44,13.64,5.11,3.69,17.19,83767
2025-03-04,Basra Light,REF_001,20.15,26.42,11.63,10.78,6.07,2.8,22.16,90598
2025-03-11,Basra Light,REF_001,22.73,25.92,11.62,9.49,5.47,4.17,20.61,11052
2025-03-18,Basra Light,REF_001,21.44,26.8,11.84,12.31,3.91,3.9,19.8,80753
2025-03-25,Basra Light,REF_001,21.58,24.2,10.73,11.54,5.74,2.49,23.73,47929
2025-04-01,Basra Light,REF_001,22.25,24.1,11.11,12.26,5.9,3.91,20.48,74227
2025-04-08,Basra Light,REF_001,22.3,26.82,12.23,13.57,5.3,4.98,14.8,13520
2025-04-15,Basra Light,REF_001,20.75,26.71,12.22,13.73,6.49,3.27,16.82,93865
2025-04-22,Basra Light,REF_001,20.81,27.22,11.69,9.15,5.94,2.89,22.3,29841
2025-04-29,Basra Light,REF_001,20.66,23.59,12.1,11.41,6.91,3.32,22.01,85901
2025-05-06,Basra Light,REF_001,23.84,23.56,10.78,10.44,6.48,4.51,20.38,43006
2025-05-13,Basra Light,REF_001,20.77,26.68,11.77,8.22,6.22,4.87,21.47,13787
2025-05-20,Basra Light,REF_001,21.12,26.75,11.74,14.93,6.66,2.53,16.27,70662
2025-05-27,Basra Light,REF_001,22.58,23.92,10.75,11.99,4.61,3.64,22.51,31494
2025-06-03,Basra Light,REF_001,22.2,25.01,12.35,10.14,6.48,3.17,20.65,62034
2025-06-10,Basra Light,REF_001,21.12,26.71,12.26,13.66,5.56,2.91,17.77,67283
2025-06-17,Basra Light,REF_001,23.81,26.07,12.49,10.13,6.38,4.16,16.97,83728
2025-06-24,Basra Light,REF_001,22.81,25.4,11.95,14.52,4.67,4.86,15.79,14445
2025-07-01,Basra Light,REF_001,20.03,25.45,12.27,9.73,5.77,3.64,23.1,36171
2025-07-08,Basra Light,REF_001,21.11,23.77,11.64,11.15,4.16,4.91,23.25,83662
2025-07-15,Basra Light,REF_001,22.07,25.56,10.96,12.54,6.81,4.69,17.35,17629
2025-07-22,Basra Light,REF_001,20.18,27.32,10.97,11.85,3.3,4.53,21.84,20607
2025-07-29,Basra Light,REF_001,22.55,23.7,10.89,11.58,3.18,2.59,25.51,22255
2025-08-05,Basra Light,REF_001,20.13,27.36,11.47,14.01,4.43,2.13,20.46,72608
2025-08-12,Basra Light,REF_001,20.13,25.69,10.85,12.7,6.57,4.87,19.2,57499
2025-08-19,Basra Light,REF_001,22.1,23.63,12.11,14.69,4.75,4.38,18.33,81771
2025-08-26,Basra Light,REF_001,23.11,26.51,11.0,13.26,3.58,4.14,18.4,10318
2025-09-02,Basra Light,REF_001,23.65,26.78,11.94,8.66,6.3,4.63,18.04,71918
2025-09-09,Basra Light,REF_001,23.88,23.85,11.99,11.67,3.58,3.98,21.06,81957
2025-09-16,Basra Light,REF_001,20.63,26.65,10.76,12.14,6.19,2.44,21.19,61436
2025-09-23,Basra Light,REF_001,21.67,25.9,11.42,9.76,4.02,4.59,22.64,24080
2025-09-30,Basra Light,REF_001,20.46,23.86,10.72,8.1,3.64,2.58,30.63,34275
2025-10-07,Basra Light,REF_001,20.47,23.85,11.66,13.03,5.52,3.67,21.8,49650
2025-10-14,Basra Light,REF_001,22.51,27.08,11.83,8.43,5.28,3.57,21.3,50682
2025-10-21,Basra Light,REF_001,22.25,26.17,10.65,11.36,6.27,3.59,19.72,16107
2025-10-28,Basra Light,REF_001,23.07,27.24,12.28,10.54,5.14,3.77,17.96,74421
2025-11-04,Basra Light,REF_001,22.64,24.27,12.26,13.94,4.62,2.39,19.88,64771
2025-11-11,Basra Light,REF_001,21.4,26.44,11.2,9.84,6.47,3.85,20.8,17739
2025-11-18,Basra Light,REF_001,22.73,26.49,11.04,14.77,4.49,4.82,15.66,36425
2025-11-25,Basra Light,REF_001,22.41,25.55,12.56,10.86,3.72,4.5,20.41,13783
2025-12-02,Basra Light,REF_001,23.51,23.92,11.72,12.99,4.35,4.53,18.98,63433
2025-12-09,Basra Light,REF_001,21.55,24.78,10.8,12.48,4.46,2.96,22.97,95495
2025-12-16,Basra Light,REF_001,21.06,26.98,12.52,13.76,3.08,4.61,17.99,29207
2025-12-23,Basra Light,REF_001,21.38,27.44,11.38,12.58,4.24,3.11,19.86,63786
2025-12-30,Basra Light,REF_001,23.76,24.6,11.07,8.18,3.81,2.79,25.78,15658
2026-01-06,Basra Light,REF_001,22.23,23.98,11.59,9.32,6.74,2.92,23.21,18363
2026-01-13,Basra Light,REF_001,23.32,25.08,12.21,10.19,5.0,3.34,20.86,60211
2026-01-20,Basra Light,REF_001,21.58,25.46,11.93,10.9,5.74,4.14,20.25,77403
2026-01-27,Basra Light,REF_001,21.86,23.49,12.08,14.36,5.61,3.57,19.03,60363
2026-02-03,Basra Light,REF_001,22.53,27.47,10.7,8.15,6.86,3.32,20.97,65111
2026-02-10,Basra Light,REF_001,22.99,26.44,11.87,11.3,5.3,4.19,17.91,86573
2026-02-17,Basra Light,REF_001,20.48,24.59,11.37,12.66,4.58,2.72,23.61,12982
2026-02-24,Basra Light,REF_001,23.34,25.15,11.23,11.72,3.49,3.19,21.88,77660
2026-03-03,Basra Light,REF_001,22.92,26.56,11.51,10.58,6.33,2.52,19.59,75262
2026-03-10,Basra Light,REF_001,23.52,24.62,10.97,11.59,3.87,4.61,20.82,31997
2026-03-17,Basra Light,REF_001,21.23,27.03,10.98,14.19,3.84,4.74,17.99,38587
2026-03-24,Basra Light,REF_001,20.96,25.38,11.31,9.41,4.35,4.14,24.44,84871
2026-03-31,Basra Light,REF_001,23.25,26.5,10.58,10.99,3.68,2.22,22.78,76229
2026-04-07,Basra Light,REF_001,23.15,26.73,12.35,12.13,6.99,3.45,15.19,89514
2024-04-09,Basra Light,REF_002,14.29,24.34,9.75,13.51,6.71,3.0,28.39,97728
2024-04-16,Basra Light,REF_002,17.03,24.95,10.53,14.87,6.4,3.09,23.13,37569
2024-04-23,Basra Light,REF_002,17.07,26.24,9.69,10.29,5.65,2.46,28.6,72884
2024-04-30,Basra Light,REF_002,16.63,25.13,10.16,14.55,6.0,4.36,23.18,56463
2024-05-07,Basra Light,REF_002,14.64,26.41,10.91,8.03,3.46,3.42,33.14,49347
2024-05-14,Basra Light,REF_002,17.72,24.41,10.01,13.71,5.45,3.68,25.02,76708
2024-05-21,Basra Light,REF_002,13.95,27.83,9.74,8.57,4.36,4.11,31.44,30833
2024-05-28,Basra Light,REF_002,13.99,24.27,9.87,8.95,4.49,2.52,35.91,40988
2024-06-04,Basra Light,REF_002,15.57,27.01,9.82,11.33,6.26,4.96,25.06,60157
2024-06-11,Basra Light,REF_002,15.52,26.57,10.33,9.15,4.84,4.94,28.65,67638
2024-06-18,Basra Light,REF_002,14.92,27.83,10.14,10.73,5.47,3.71,27.2,36139
2024-06-25,Basra Light,REF_002,15.66,25.37,10.84,8.86,6.0,2.48,30.79,37538
2024-07-02,Basra Light,REF_002,15.12,28.0,10.54,13.44,5.22,4.95,22.72,25964
2024-07-09,Basra Light,REF_002,16.21,27.23,10.62,14.28,5.4,4.48,21.78,25821
2024-07-16,Basra Light,REF_002,14.84,25.82,11.06,10.99,5.51,3.19,28.59,82514
2024-07-23,Basra Light,REF_002,14.59,26.42,10.52,10.82,5.82,2.09,29.74,85734
2024-07-30,Basra Light,REF_002,15.18,27.21,9.97,9.32,4.56,4.39,29.37,73316
2024-08-06,Basra Light,REF_002,15.39,27.79,10.18,10.46,3.58,2.21,30.39,41491
2024-08-13,Basra Light,REF_002,14.16,25.89,11.08,11.33,4.92,2.76,29.85,24966
2024-08-20,Basra Light,REF_002,14.68,26.31,10.54,9.54,4.6,3.71,30.62,78441
2024-08-27,Basra Light,REF_002,15.07,25.13,10.82,11.6,6.43,2.63,28.32,79384
2024-09-03,Basra Light,REF_002,14.44,26.38,9.93,8.71,5.47,3.52,31.56,53738
2024-09-10,Basra Light,REF_002,16.16,25.53,10.7,8.92,5.86,3.74,29.09,53782
2024-09-17,Basra Light,REF_002,14.3,25.16,9.95,9.64,6.82,4.75,29.39,59151
2024-09-24,Basra Light,REF_002,14.61,27.69,10.86,8.27,4.96,3.81,29.79,15982
2024-10-01,Basra Light,REF_002,13.99,25.9,9.37,8.33,3.66,4.73,34.03,78965
2024-10-08,Basra Light,REF_002,15.59,25.96,10.73,11.32,3.26,4.22,28.92,15197
2024-10-15,Basra Light,REF_002,15.73,27.49,9.6,12.95,3.19,4.98,26.07,71387
2024-10-22,Basra Light,REF_002,17.67,26.72,9.85,14.48,5.51,3.73,22.05,48620
2024-10-29,Basra Light,REF_002,14.93,26.16,10.09,13.98,3.12,3.59,28.13,85290
2024-11-05,Basra Light,REF_002,13.9,25.17,9.46,12.17,4.27,4.88,30.15,65466
2024-11-12,Basra Light,REF_002,16.04,27.71,9.81,11.94,5.17,2.25,27.09,93885
2024-11-19,Basra Light,REF_002,16.59,27.59,11.33,11.36,6.21,3.73,23.18,97941
2024-11-26,Basra Light,REF_002,14.78,24.1,9.73,8.9,4.75,2.23,35.51,29817
2024-12-03,Basra Light,REF_002,14.18,25.99,9.89,11.3,3.36,3.55,31.74,21706
2024-12-10,Basra Light,REF_002,14.19,25.28,11.11,13.52,6.84,3.38,25.68,38119
2024-12-17,Basra Light,REF_002,17.67,25.57,9.38,13.74,3.68,4.15,25.81,11360
2024-12-24,Basra Light,REF_002,14.23,25.98,9.5,14.22,6.0,2.98,27.09,63776
2024-12-31,Basra Light,REF_002,16.65,27.06,10.15,14.29,6.77,2.59,22.48,92011
2025-01-07,Basra Light,REF_002,16.64,27.6,10.21,12.63,3.94,4.25,24.73,62356
2025-01-14,Basra Light,REF_002,15.71,26.81,10.47,13.36,6.43,4.4,22.81,37675
2025-01-21,Basra Light,REF_002,17.7,26.64,10.01,8.3,6.95,3.8,26.61,30478
2025-01-28,Basra Light,REF_002,15.76,25.63,11.26,11.45,4.94,4.38,26.58,45182
2025-02-04,Basra Light,REF_002,14.58,27.12,11.18,8.32,6.44,3.31,29.05,36022
2025-02-11,Basra Light,REF_002,13.95,24.86,10.03,8.49,3.76,4.21,34.7,71817
2025-02-18,Basra Light,REF_002,16.87,24.7,9.45,11.28,4.37,4.33,29.0,58494
2025-02-25,Basra Light,REF_002,17.52,24.29,10.09,10.84,3.5,3.75,30.02,13618
2025-03-04,Basra Light,REF_002,16.64,24.19,11.11,8.46,4.83,2.47,32.31,21981
2025-03-11,Basra Light,REF_002,16.68,27.14,10.84,10.83,6.96,3.02,24.53,32075
2025-03-18,Basra Light,REF_002,17.78,27.95,10.55,9.46,3.95,3.56,26.75,79849
2025-03-25,Basra Light,REF_002,14.1,26.79,9.57,13.91,5.13,4.97,25.53,77768
2025-04-01,Basra Light,REF_002,15.78,24.61,10.45,8.8,6.62,2.69,31.06,87883
2025-04-08,Basra Light,REF_002,15.01,24.93,9.97,12.95,5.1,2.32,29.72,22335
2025-04-15,Basra Light,REF_002,15.3,25.4,11.06,12.01,3.75,2.09,30.4,19212
2025-04-22,Basra Light,REF_002,16.59,27.43,10.93,13.53,4.04,4.97,22.51,17776
2025-04-29,Basra Light,REF_002,17.07,24.43,9.9,11.47,3.21,3.18,30.74,41510
2025-05-06,Basra Light,REF_002,16.38,26.91,9.54,8.27,6.1,3.58,29.21,58117
2025-05-13,Basra Light,REF_002,17.71,25.79,9.75,12.76,6.26,3.51,24.21,72263
2025-05-20,Basra Light,REF_002,15.85,25.67,9.43,9.22,4.92,3.19,31.73,85859
2025-05-27,Basra Light,REF_002,14.22,24.24,9.54,12.75,5.38,3.9,29.98,24122
2025-06-03,Basra Light,REF_002,15.86,27.11,10.73,11.07,3.41,4.61,27.2,57358
2025-06-10,Basra Light,REF_002,17.35,25.8,9.84,10.15,4.67,3.84,28.35,79201
2025-06-17,Basra Light,REF_002,14.76,24.79,9.77,14.54,3.66,3.04,29.44,53728
2025-06-24,Basra Light,REF_002,16.02,27.47,9.59,8.76,4.27,3.24,30.66,43639
2025-07-01,Basra Light,REF_002,15.36,27.45,11.03,13.64,6.02,2.12,24.38,23444
2025-07-08,Basra Light,REF_002,16.72,26.42,10.71,13.02,6.65,3.91,22.58,34801
2025-07-15,Basra Light,REF_002,14.12,25.77,10.78,9.97,3.48,5.0,30.88,47698
2025-07-22,Basra Light,REF_002,14.66,24.7,11.09,13.74,5.45,3.64,26.72,95629
2025-07-29,Basra Light,REF_002,14.7,25.7,9.41,10.93,4.54,4.85,29.87,42240
2025-08-05,Basra Light,REF_002,17.13,27.11,9.66,14.74,5.52,3.79,22.05,11053
2025-08-12,Basra Light,REF_002,16.59,24.26,9.73,8.69,4.51,4.39,31.83,73664
2025-08-19,Basra Light,REF_002,14.22,27.24,10.28,8.23,3.9,4.36,31.78,75996
2025-08-26,Basra Light,REF_002,14.54,24.19,9.95,13.56,6.75,3.72,27.27,18199
2025-09-02,Basra Light,REF_002,15.8,28.04,11.24,14.95,5.8,3.28,20.9,90381
2025-09-09,Basra Light,REF_002,17.37,24.62,10.91,14.44,6.59,4.12,21.95,58362
2025-09-16,Basra Light,REF_002,16.9,26.11,10.0,9.81,5.16,3.37,28.65,57204
2025-09-23,Basra Light,REF_002,14.83,26.4,10.69,13.65,5.36,4.27,24.8,25244
2025-09-30,Basra Light,REF_002,14.27,24.76,11.05,11.89,4.82,4.29,28.91,21167
2025-10-07,Basra Light,REF_002,13.82,25.29,9.86,10.15,6.89,3.7,30.29,63020
2025-10-14,Basra Light,REF_002,16.41,25.63,11.32,14.81,6.08,2.64,23.11,89217
2025-10-21,Basra Light,REF_002,14.19,26.56,10.28,8.27,6.62,4.88,29.19,91665
2025-10-28,Basra Light,REF_002,14.56,25.37,11.27,8.74,5.33,3.46,31.26,23670
2025-11-04,Basra Light,REF_002,17.34,24.58,10.55,10.23,4.67,2.63,30.0,66220
2025-11-11,Basra Light,REF_002,17.75,27.38,10.73,13.29,6.36,3.42,21.08,61033
2025-11-18,Basra Light,REF_002,17.37,26.83,9.63,13.46,3.09,4.54,25.08,80946
2025-11-25,Basra Light,REF_002,17.11,24.14,11.31,12.3,6.2,3.7,25.24,40577
2025-12-02,Basra Light,REF_002,14.98,24.32,10.45,9.01,5.27,3.87,32.11,49787
2025-12-09,Basra Light,REF_002,14.42,25.77,11.12,11.21,4.37,3.89,29.23,65697
2025-12-16,Basra Light,REF_002,14.15,24.99,10.35,10.56,4.28,3.34,32.33,36128
2025-12-23,Basra Light,REF_002,15.18,27.14,10.38,14.11,6.79,4.77,21.63,32833
2025-12-30,Basra Light,REF_002,15.68,26.18,11.07,11.91,4.01,3.64,27.5,13985
2026-01-06,Basra Light,REF_002,17.13,26.31,10.66,9.41,5.23,3.59,27.67,65766
2026-01-13,Basra Light,REF_002,17.18,27.1,10.46,14.25,4.43,3.48,23.1,68449
2026-01-20,Basra Light,REF_002,15.55,25.49,9.59,12.45,3.77,2.41,30.74,26393
2026-01-27,Basra Light,REF_002,16.54,24.6,11.31,13.31,4.57,3.78,25.89,10686
2026-02-03,Basra Light,REF_002,17.17,25.13,9.51,13.31,4.32,3.7,26.87,85962
2026-02-10,Basra Light,REF_002,16.89,25.39,11.1,10.72,5.0,3.84,27.06,16388
2026-02-17,Basra Light,REF_002,16.18,26.35,11.11,10.48,3.97,3.43,28.49,71859
2026-02-24,Basra Light,REF_002,16.04,24.6,10.06,8.45,5.96,4.65,30.26,14110
2026-03-03,Basra Light,REF_002,15.89,26.31,10.24,11.52,5.84,3.45,26.75,92768
2026-03-10,Basra Light,REF_002,15.95,24.33,11.27,9.03,6.14,3.58,29.7,76680
2026-03-17,Basra Light,REF_002,15.84,24.28,10.11,12.34,5.52,4.92,26.99,64569
2026-03-24,Basra Light,REF_002,14.94,24.22,10.94,14.23,5.45,3.45,26.78,87488
2026-03-31,Basra Light,REF_002,14.75,25.64,10.38,8.35,5.75,2.57,32.57,39983
2026-04-07,Basra Light,REF_002,15.45,26.6,9.49,10.39,4.1,2.0,31.97,72248
2024-04-09,Basra Light,REF_003,14.81,27.77,11.57,9.2,4.4,4.85,27.41,65696
2024-04-16,Basra Light,REF_003,17.09,26.78,11.12,9.17,3.6,4.06,28.18,89554
2024-04-23,Basra Light,REF_003,15.85,26.18,12.18,9.8,4.56,3.09,28.34,12932
2024-04-30,Basra Light,REF_003,16.69,25.0,10.45,12.97,6.06,4.67,24.16,94071
2024-05-07,Basra Light,REF_003,18.13,24.66,10.64,8.86,4.41,2.37,30.93,68794
2024-05-14,Basra Light,REF_003,17.52,24.8,11.44,8.16,4.74,2.86,30.49,99864
2024-05-21,Basra Light,REF_003,18.34,24.76,12.03,10.93,5.31,3.6,25.04,75354
2024-05-28,Basra Light,REF_003,15.99,24.44,11.03,11.81,5.22,4.38,27.13,13980
2024-06-04,Basra Light,REF_003,18.6,28.13,10.39,10.41,5.36,3.12,23.99,53886
2024-06-11,Basra Light,REF_003,15.96,27.01,10.92,11.01,5.3,4.91,24.89,67762
2024-06-18,Basra Light,REF_003,15.04,25.44,11.03,13.18,4.79,3.98,26.54,85554
2024-06-25,Basra Light,REF_003,15.07,27.23,11.68,13.74,6.82,2.93,22.53,48611
2024-07-02,Basra Light,REF_003,15.7,25.47,10.85,14.09,3.25,2.61,28.02,64950
2024-07-09,Basra Light,REF_003,17.71,26.95,10.29,11.18,3.74,4.96,25.17,99900
2024-07-16,Basra Light,REF_003,14.86,26.84,11.82,10.27,5.77,2.56,27.88,21516
2024-07-23,Basra Light,REF_003,18.35,26.74,11.83,11.73,3.62,3.13,24.61,89349
2024-07-30,Basra Light,REF_003,14.71,24.99,10.7,9.84,3.39,4.54,31.81,24356
2024-08-06,Basra Light,REF_003,17.97,25.59,11.11,11.24,5.85,4.19,24.05,67661
2024-08-13,Basra Light,REF_003,17.75,24.2,11.2,11.67,3.96,3.67,27.56,52044
2024-08-20,Basra Light,REF_003,16.54,24.64,11.06,13.37,4.64,3.46,26.29,97076
2024-08-27,Basra Light,REF_003,18.14,27.88,10.35,12.33,3.89,3.21,24.2,71177
2024-09-03,Basra Light,REF_003,16.97,26.19,11.82,12.78,6.28,4.8,21.17,74077
2024-09-10,Basra Light,REF_003,16.23,25.02,10.73,10.78,5.96,2.12,29.16,83285
2024-09-17,Basra Light,REF_003,17.68,26.16,10.99,8.79,4.16,2.33,29.89,83699
2024-09-24,Basra Light,REF_003,16.69,25.15,10.23,11.67,6.01,4.3,25.96,29298
2024-10-01,Basra Light,REF_003,18.63,26.44,10.86,10.75,3.5,3.48,26.34,77796
2024-10-08,Basra Light,REF_003,16.29,27.63,11.15,14.3,5.81,2.17,22.65,16031
2024-10-15,Basra Light,REF_003,17.85,25.59,10.57,14.06,6.93,4.43,20.57,75261
2024-10-22,Basra Light,REF_003,14.66,24.59,11.53,10.87,3.08,4.22,31.05,47688
2024-10-29,Basra Light,REF_003,17.29,26.04,10.24,12.45,6.15,2.47,25.36,90197
2024-11-05,Basra Light,REF_003,15.38,25.86,11.25,10.2,5.0,4.16,28.17,74300
2024-11-12,Basra Light,REF_003,18.34,27.61,12.16,12.17,4.6,2.72,22.39,31957
2024-11-19,Basra Light,REF_003,15.26,27.07,11.5,10.05,6.57,3.66,25.9,16211
2024-11-26,Basra Light,REF_003,14.9,24.74,10.61,14.21,6.11,2.61,26.82,32364
2024-12-03,Basra Light,REF_003,17.2,27.65,10.83,11.68,6.56,4.31,21.77,90235
2024-12-10,Basra Light,REF_003,15.76,26.93,10.42,12.31,4.22,4.1,26.25,22768
2024-12-17,Basra Light,REF_003,17.31,27.0,11.91,12.81,5.09,4.35,21.53,35598
2024-12-24,Basra Light,REF_003,17.36,27.06,10.98,14.92,4.42,2.25,23.0,37312
2024-12-31,Basra Light,REF_003,15.05,25.52,10.45,11.08,6.11,2.2,29.59,60679
2025-01-07,Basra Light,REF_003,14.83,27.7,12.03,11.45,6.08,3.78,24.13,40659
2025-01-14,Basra Light,REF_003,15.63,27.2,11.05,14.44,6.9,2.63,22.14,60495
2025-01-21,Basra Light,REF_003,16.8,27.64,11.57,12.25,5.72,3.17,22.85,96426
2025-01-28,Basra Light,REF_003,14.88,24.28,11.02,9.08,5.18,2.03,33.53,51371
2025-02-04,Basra Light,REF_003,15.83,24.97,11.08,13.98,5.62,2.48,26.03,54898
2025-02-11,Basra Light,REF_003,18.38,25.92,11.13,14.59,3.54,4.21,22.23,36924
2025-02-18,Basra Light,REF_003,18.12,24.38,12.17,13.38,4.14,4.28,23.53,93067
2025-02-25,Basra Light,REF_003,15.1,27.82,10.91,8.05,3.45,4.65,30.02,98439
2025-03-04,Basra Light,REF_003,18.23,25.93,12.11,10.85,3.45,3.02,26.4,99857
2025-03-11,Basra Light,REF_003,17.16,25.53,11.44,11.0,3.2,2.6,29.07,11731
2025-03-18,Basra Light,REF_003,15.67,27.12,10.58,11.7,5.81,3.65,25.48,11383
2025-03-25,Basra Light,REF_003,16.1,25.93,10.88,11.82,5.05,2.56,27.65,77677
2025-04-01,Basra Light,REF_003,15.3,26.0,11.7,12.88,4.73,4.37,25.02,74238
2025-04-08,Basra Light,REF_003,16.19,27.75,10.48,10.51,5.79,4.62,24.67,39032
2025-04-15,Basra Light,REF_003,16.9,24.21,10.93,10.32,6.37,2.22,29.05,15590
2025-04-22,Basra Light,REF_003,16.42,25.79,10.51,9.84,6.9,3.54,26.99,17906
2025-04-29,Basra Light,REF_003,14.85,24.33,10.97,14.06,6.33,3.1,26.35,79698
2025-05-06,Basra Light,REF_003,17.66,26.1,11.0,9.26,4.12,3.02,28.85,83144
2025-05-13,Basra Light,REF_003,16.86,24.97,10.38,11.48,5.67,4.46,26.19,81758
2025-05-20,Basra Light,REF_003,17.95,25.96,11.92,11.11,3.67,3.19,26.2,40602
2025-05-27,Basra Light,REF_003,16.22,26.8,11.51,9.57,4.26,3.79,27.85,17571
2025-06-03,Basra Light,REF_003,17.41,24.88,11.89,10.81,3.88,4.0,27.12,59862
2025-06-10,Basra Light,REF_003,15.34,27.47,11.1,9.07,6.18,2.4,28.44,97123
2025-06-17,Basra Light,REF_003,16.42,27.08,11.1,9.31,6.03,2.87,27.19,71417
2025-06-24,Basra Light,REF_003,15.68,25.13,11.11,13.71,5.45,2.19,26.72,76047
2025-07-01,Basra Light,REF_003,16.97,26.66,10.9,11.89,4.49,2.24,26.85,85998
2025-07-08,Basra Light,REF_003,17.36,26.85,10.58,12.65,3.93,4.06,24.57,40017
2025-07-15,Basra Light,REF_003,15.28,27.79,10.4,13.33,3.41,4.05,25.73,19934
2025-07-22,Basra Light,REF_003,16.69,24.92,11.93,10.81,3.06,3.88,28.71,50062
2025-07-29,Basra Light,REF_003,18.09,25.9,11.01,11.18,6.44,3.76,23.62,70242
2025-08-05,Basra Light,REF_003,17.53,27.92,11.87,14.49,4.37,2.64,21.18,28305
2025-08-12,Basra Light,REF_003,18.08,27.49,11.49,8.44,4.27,4.2,26.02,32371
2025-08-19,Basra Light,REF_003,17.15,26.34,10.72,14.54,4.03,4.68,22.55,58683
2025-08-26,Basra Light,REF_003,15.02,27.5,11.77,13.82,5.55,4.13,22.2,91635
2025-09-02,Basra Light,REF_003,15.16,24.5,10.44,14.09,5.25,2.53,28.03,22754
2025-09-09,Basra Light,REF_003,16.43,27.43,11.8,13.96,6.08,2.18,22.12,74815
2025-09-16,Basra Light,REF_003,16.73,27.07,11.16,11.38,3.5,4.72,25.44,43715
2025-09-23,Basra Light,REF_003,16.98,24.99,10.93,14.09,3.84,2.62,26.54,33444
2025-09-30,Basra Light,REF_003,16.95,26.25,10.54,12.84,6.63,2.6,24.19,70565
2025-10-07,Basra Light,REF_003,17.0,25.48,11.43,9.47,6.34,2.07,28.22,61035
2025-10-14,Basra Light,REF_003,15.93,27.69,11.19,13.62,6.7,3.0,21.88,89230
2025-10-21,Basra Light,REF_003,17.56,24.6,10.4,13.72,4.87,3.49,25.37,90212
2025-10-28,Basra Light,REF_003,18.27,24.62,10.94,14.27,6.28,4.16,21.47,19177
2025-11-04,Basra Light,REF_003,17.14,26.49,10.53,13.42,4.25,3.86,24.32,42565
2025-11-11,Basra Light,REF_003,14.99,26.26,10.81,8.5,3.79,3.86,31.79,19124
2025-11-18,Basra Light,REF_003,15.0,27.94,10.41,10.63,3.53,4.82,27.67,53304
2025-11-25,Basra Light,REF_003,15.1,27.24,11.75,14.31,5.82,2.16,23.62,59528
2025-12-02,Basra Light,REF_003,16.19,27.16,11.37,13.08,3.72,3.31,25.17,48889
2025-12-09,Basra Light,REF_003,18.58,24.24,11.82,8.68,3.32,2.98,30.37,73069
2025-12-16,Basra Light,REF_003,17.37,26.68,11.74,9.63,5.54,3.91,25.14,68890
2025-12-23,Basra Light,REF_003,17.03,25.05,12.02,14.83,5.76,3.33,21.98,58347
2025-12-30,Basra Light,REF_003,15.09,25.62,12.14,11.83,5.24,4.86,25.21,89771
2026-01-06,Basra Light,REF_003,16.93,25.24,10.43,14.05,6.68,3.48,23.2,18509
2026-01-13,Basra Light,REF_003,17.08,25.63,10.51,14.43,3.96,4.13,24.26,48644
2026-01-20,Basra Light,REF_003,17.96,26.97,10.44,11.15,4.04,4.14,25.3,59021
2026-01-27,Basra Light,REF_003,16.01,25.48,10.42,9.5,5.85,3.83,28.9,42003
2026-02-03,Basra Light,REF_003,18.0,26.1,11.78,13.47,6.39,4.55,19.71,71115
2026-02-10,Basra Light,REF_003,17.65,27.27,10.53,10.1,3.42,2.57,28.46,80045
2026-02-17,Basra Light,REF_003,18.44,26.86,11.96,10.23,6.38,3.02,23.11,90475
2026-02-24,Basra Light,REF_003,17.84,28.1,11.85,10.79,3.44,4.62,23.36,61407
2026-03-03,Basra Light,REF_003,18.08,25.71,10.25,8.37,5.68,2.34,29.56,77091
2026-03-10,Basra Light,REF_003,16.33,26.42,11.79,9.77,4.65,4.19,26.85,92658
2026-03-17,Basra Light,REF_003,15.81,26.66,12.09,12.54,6.57,4.82,21.5,93640
2026-03-24,Basra Light,REF_003,17.69,26.37,10.39,9.56,4.02,2.1,29.87,19173
2026-03-31,Basra Light,REF_003,15.83,24.53,10.53,8.38,4.67,4.46,31.6,83101
2026-04-07,Basra Light,REF_003,18.27,27.15,10.68,12.92,6.02,3.63,21.34,82630
2024-04-09,Basra Light,REF_004,16.72,27.68,9.34,11.91,6.79,2.25,25.31,76903
2024-04-16,Basra Light,REF_004,14.32,27.59,9.71,12.08,6.31,3.9,26.09,54250
2024-04-23,Basra Light,REF_004,14.64,28.33,10.46,8.8,3.59,4.16,30.02,96493
2024-04-30,Basra Light,REF_004,13.98,29.6,9.4,8.18,6.33,3.53,28.99,12150
2024-05-07,Basra Light,REF_004,17.08,29.31,10.39,10.96,3.74,3.4,25.12,35890
2024-05-14,Basra Light,REF_004,14.69,29.74,9.11,10.78,5.19,4.13,26.37,66960
2024-05-21,Basra Light,REF_004,17.04,31.13,10.79,13.35,5.74,2.11,19.83,58014
2024-05-28,Basra Light,REF_004,16.15,28.82,9.69,11.8,6.63,2.78,24.13,45914
2024-06-04,Basra Light,REF_004,16.11,27.91,10.59,12.66,4.41,4.17,24.15,35141
2024-06-11,Basra Light,REF_004,16.6,27.45,9.77,9.83,6.27,4.26,25.83,85767
2024-06-18,Basra Light,REF_004,16.11,30.34,9.8,12.75,3.12,4.64,23.24,71629
2024-06-25,Basra Light,REF_004,16.96,30.25,9.49,9.91,6.2,2.55,24.63,19959
2024-07-02,Basra Light,REF_004,13.56,28.36,9.12,13.61,4.94,2.76,27.66,64187
2024-07-09,Basra Light,REF_004,13.78,30.07,9.92,8.05,4.28,4.25,29.66,26930
2024-07-16,Basra Light,REF_004,17.35,30.75,10.48,8.55,4.42,2.89,25.57,22386
2024-07-23,Basra Light,REF_004,17.5,27.75,9.55,14.16,3.58,3.41,24.05,97812
2024-07-30,Basra Light,REF_004,14.49,29.98,9.08,12.21,4.36,4.1,25.8,48960
2024-08-06,Basra Light,REF_004,14.69,29.35,9.2,13.7,6.0,3.63,23.42,43034
2024-08-13,Basra Light,REF_004,17.16,29.7,9.49,13.65,5.54,2.38,22.08,20280
2024-08-20,Basra Light,REF_004,17.25,28.32,10.25,8.26,5.23,2.69,28.01,22566
2024-08-27,Basra Light,REF_004,16.59,30.4,10.35,8.08,4.14,3.08,27.35,72176
2024-09-03,Basra Light,REF_004,16.52,29.67,10.5,10.99,5.17,2.19,24.96,48444
2024-09-10,Basra Light,REF_004,15.23,29.61,9.68,9.67,3.95,2.4,29.46,73092
2024-09-17,Basra Light,REF_004,15.99,29.48,9.98,10.57,6.07,4.77,23.14,49599
2024-09-24,Basra Light,REF_004,15.14,27.81,10.26,11.91,6.95,3.75,24.18,35974
2024-10-01,Basra Light,REF_004,15.75,31.1,10.37,8.9,4.37,2.9,26.61,87114
2024-10-08,Basra Light,REF_004,15.94,30.4,9.27,14.36,3.23,3.12,23.67,11273
2024-10-15,Basra Light,REF_004,14.24,31.01,9.08,9.02,6.7,4.13,25.83,46626
2024-10-22,Basra Light,REF_004,13.77,30.3,9.91,10.26,4.44,3.52,27.8,59610
2024-10-29,Basra Light,REF_004,16.77,30.25,10.45,13.11,6.03,4.03,19.36,88122
2024-11-05,Basra Light,REF_004,15.73,29.25,10.32,9.16,6.11,4.81,24.62,36663
2024-11-12,Basra Light,REF_004,15.94,27.29,10.45,11.92,5.69,2.43,26.27,82850
2024-11-19,Basra Light,REF_004,14.52,29.9,10.11,12.58,3.2,4.23,25.47,81572
2024-11-26,Basra Light,REF_004,15.4,28.8,9.6,14.5,6.02,4.1,21.59,93304
2024-12-03,Basra Light,REF_004,14.89,29.68,10.29,14.97,4.71,3.2,22.25,17603
2024-12-10,Basra Light,REF_004,13.89,29.21,9.26,8.51,6.86,4.85,27.41,39274
2024-12-17,Basra Light,REF_004,16.66,30.65,9.85,9.57,3.52,2.42,27.33,81723
2024-12-24,Basra Light,REF_004,15.04,29.94,10.0,10.76,3.5,3.0,27.77,85615
2024-12-31,Basra Light,REF_004,16.74,27.28,9.2,13.29,4.34,3.93,25.21,60640
2025-01-07,Basra Light,REF_004,16.11,27.38,10.78,8.15,3.03,2.68,31.88,99414
2025-01-14,Basra Light,REF_004,13.79,30.66,9.24,8.76,6.12,4.54,26.89,81296
2025-01-21,Basra Light,REF_004,14.46,30.68,9.06,10.39,4.85,2.2,28.34,62185
2025-01-28,Basra Light,REF_004,15.74,31.13,10.16,10.78,6.16,3.0,23.02,57958
2025-02-04,Basra Light,REF_004,13.72,28.45,9.98,12.92,3.4,4.39,27.15,91014
2025-02-11,Basra Light,REF_004,14.62,30.22,9.28,11.66,6.19,3.16,24.86,12367
2025-02-18,Basra Light,REF_004,15.66,30.54,9.14,8.21,6.24,2.8,27.42,42790
2025-02-25,Basra Light,REF_004,13.85,27.55,10.15,11.87,4.17,3.36,29.06,44937
2025-03-04,Basra Light,REF_004,16.28,30.61,10.45,8.03,3.4,3.29,27.94,86661
2025-03-11,Basra Light,REF_004,14.45,30.68,9.14,8.51,6.65,2.49,28.09,51739
2025-03-18,Basra Light,REF_004,14.8,27.75,10.18,14.75,5.63,3.06,23.82,74061
2025-03-25,Basra Light,REF_004,14.07,29.48,9.86,10.52,5.96,2.36,27.75,57951
2025-04-01,Basra Light,REF_004,16.92,27.97,9.45,12.62,6.09,2.85,24.1,42390
2025-04-08,Basra Light,REF_004,16.46,28.3,10.25,9.11,4.65,4.07,27.16,51391
2025-04-15,Basra Light,REF_004,13.58,28.79,9.5,8.71,3.04,2.14,34.26,95432
2025-04-22,Basra Light,REF_004,16.5,30.92,9.15,11.99,3.33,2.08,26.02,51965
2025-04-29,Basra Light,REF_004,16.08,27.42,9.65,8.63,4.45,3.42,30.35,40377
2025-05-06,Basra Light,REF_004,15.8,29.5,9.59,10.73,4.76,3.13,26.49,78458
2025-05-13,Basra Light,REF_004,14.06,30.59,9.58,13.07,6.54,4.66,21.5,50712
2025-05-20,Basra Light,REF_004,14.53,29.59,9.29,13.53,5.85,4.39,22.83,48993
2025-05-27,Basra Light,REF_004,15.73,27.57,10.29,11.41,5.04,4.54,25.42,79508
2025-06-03,Basra Light,REF_004,15.64,28.58,9.81,10.46,3.61,3.94,27.96,72236
2025-06-10,Basra Light,REF_004,17.38,28.99,10.91,9.31,5.63,4.98,22.8,67629
2025-06-17,Basra Light,REF_004,15.31,29.22,10.61,14.57,4.82,4.32,21.15,94031
2025-06-24,Basra Light,REF_004,14.63,29.14,10.91,10.47,5.48,3.97,25.4,23873
2025-07-01,Basra Light,REF_004,16.73,28.82,9.92,12.5,4.64,2.98,24.42,59178
2025-07-08,Basra Light,REF_004,14.89,28.9,9.14,13.91,4.65,2.25,26.27,81102
2025-07-15,Basra Light,REF_004,13.58,29.56,10.32,9.34,3.53,2.34,31.33,99399
2025-07-22,Basra Light,REF_004,16.52,28.41,9.59,12.54,4.83,2.81,25.29,15138
2025-07-29,Basra Light,REF_004,16.63,30.72,9.33,8.44,3.47,3.24,28.16,36941
2025-08-05,Basra Light,REF_004,13.79,28.98,9.33,8.47,5.63,3.72,30.08,84375
2025-08-12,Basra Light,REF_004,14.71,27.71,9.64,13.45,3.97,2.77,27.76,23282
2025-08-19,Basra Light,REF_004,17.44,31.03,10.24,9.5,6.07,3.75,21.96,77460
2025-08-26,Basra Light,REF_004,16.94,28.44,10.75,14.29,5.19,4.05,20.34,46993
2025-09-02,Basra Light,REF_004,16.12,29.36,9.57,10.26,5.61,4.87,24.22,28139
2025-09-09,Basra Light,REF_004,15.07,30.39,9.17,14.96,5.71,4.73,19.97,85424
2025-09-16,Basra Light,REF_004,16.61,27.3,9.73,9.41,6.49,4.04,26.43,19636
2025-09-23,Basra Light,REF_004,14.94,27.44,10.4,10.93,3.94,3.55,28.8,13783
2025-09-30,Basra Light,REF_004,14.53,27.86,10.78,10.64,5.34,3.51,27.34,69328
2025-10-07,Basra Light,REF_004,14.62,27.65,9.08,9.35,4.93,2.71,31.66,49060
2025-10-14,Basra Light,REF_004,13.62,29.67,10.68,8.33,3.87,2.95,30.88,35851
2025-10-21,Basra Light,REF_004,13.66,27.59,10.74,12.98,6.83,3.32,24.87,89112
2025-10-28,Basra Light,REF_004,16.77,30.66,9.0,12.57,5.27,3.64,22.1,55394
2025-11-04,Basra Light,REF_004,16.68,31.04,10.58,14.09,4.94,4.07,18.6,47400
2025-11-11,Basra Light,REF_004,14.94,30.74,10.73,12.78,6.35,3.08,21.38,49038
2025-11-18,Basra Light,REF_004,16.78,28.76,9.0,10.47,4.59,2.46,27.93,40971
2025-11-25,Basra Light,REF_004,17.24,30.6,9.81,12.97,3.61,4.26,21.52,52820
2025-12-02,Basra Light,REF_004,16.39,29.74,9.39,13.84,5.29,4.35,21.0,18458
2025-12-09,Basra Light,REF_004,15.96,28.33,10.64,14.65,3.22,4.17,23.02,19268
2025-12-16,Basra Light,REF_004,16.93,27.66,9.31,9.76,5.91,2.88,27.55,63647
2025-12-23,Basra Light,REF_004,15.79,28.77,10.0,8.83,6.5,2.62,27.49,89220
2025-12-30,Basra Light,REF_004,15.57,29.62,9.43,9.56,4.96,2.8,28.05,48082
2026-01-06,Basra Light,REF_004,15.26,28.25,9.5,14.81,5.35,4.5,22.33,14116
2026-01-13,Basra Light,REF_004,13.51,29.24,10.57,12.28,5.48,2.42,26.51,98071
2026-01-20,Basra Light,REF_004,15.62,27.57,9.75,8.5,4.67,4.13,29.75,39117
2026-01-27,Basra Light,REF_004,14.75,29.22,9.92,11.27,5.07,2.14,27.63,52684
2026-02-03,Basra Light,REF_004,17.47,30.22,9.49,12.74,4.32,2.57,23.18,79619
2026-02-10,Basra Light,REF_004,14.34,30.6,9.68,13.3,4.04,3.96,24.09,29127
2026-02-17,Basra Light,REF_004,13.59,30.42,10.63,14.16,3.15,4.28,23.77,85228
2026-02-24,Basra Light,REF_004,14.75,29.05,9.74,11.08,6.39,3.25,25.75,37212
2026-03-03,Basra Light,REF_004,14.02,29.86,9.09,8.43,5.73,4.08,28.79,27917
2026-03-10,Basra Light,REF_004,17.33,30.31,10.29,13.28,4.65,3.37,20.77,88319
2026-03-17,Basra Light,REF_004,13.6,30.37,9.81,11.25,4.3,3.82,26.84,70810
2026-03-24,Basra Light,REF_004,14.14,29.43,9.85,13.47,5.18,3.29,24.64,57603
2026-03-31,Basra Light,REF_004,15.46,30.9,9.54,8.26,5.65,3.81,26.37,91897
2026-04-07,Basra Light,REF_004,13.97,29.25,9.22,11.19,6.2,4.57,25.6,85047
2024-04-09,Basra Light,REF_005,19.08,30.98,9.62,11.07,5.44,4.3,19.51,78570
2024-04-16,Basra Light,REF_005,17.3,28.33,11.03,10.5,3.01,2.6,27.23,97259
2024-04-23,Basra Light,REF_005,18.07,29.89,10.66,12.53,4.51,3.29,21.05,85418
2024-04-30,Basra Light,REF_005,19.48,27.53,9.61,10.0,4.46,3.73,25.18,42985
2024-05-07,Basra Light,REF_005,20.13,29.33,10.21,10.99,4.24,4.17,20.92,30660
2024-05-14,Basra Light,REF_005,19.59,29.56,9.41,8.13,3.68,4.28,25.36,44613
2024-05-21,Basra Light,REF_005,20.05,29.45,9.27,13.92,6.75,2.22,18.34,28751
2024-05-28,Basra Light,REF_005,19.69,31.43,10.96,8.69,5.43,4.0,19.8,66774
2024-06-04,Basra Light,REF_005,19.1,28.61,10.54,13.1,5.3,3.49,19.85,29712
2024-06-11,Basra Light,REF_005,19.01,27.95,9.35,13.44,5.71,3.95,20.59,93531
2024-06-18,Basra Light,REF_005,18.35,29.04,10.03,11.26,5.05,4.33,21.93,29593
2024-06-25,Basra Light,REF_005,18.57,29.46,9.54,12.91,3.23,3.76,22.53,28192
2024-07-02,Basra Light,REF_005,16.87,28.7,10.06,13.72,4.63,4.75,21.27,85828
2024-07-09,Basra Light,REF_005,17.6,28.06,9.69,10.52,5.33,2.37,26.42,57883
2024-07-16,Basra Light,REF_005,19.15,30.08,10.31,13.78,5.57,4.77,16.34,73083
2024-07-23,Basra Light,REF_005,18.58,28.28,9.23,8.63,3.76,2.65,28.88,76783
2024-07-30,Basra Light,REF_005,18.38,28.74,9.31,11.77,5.45,4.63,21.72,55255
2024-08-06,Basra Light,REF_005,16.86,27.7,9.75,8.97,6.08,2.32,28.31,24470
2024-08-13,Basra Light,REF_005,19.5,28.4,11.14,14.04,5.98,3.03,17.91,15110
2024-08-20,Basra Light,REF_005,18.18,28.94,9.46,8.84,5.67,2.7,26.2,71020
2024-08-27,Basra Light,REF_005,19.03,31.04,10.8,9.06,5.44,3.96,20.67,87584
2024-09-03,Basra Light,REF_005,19.4,28.0,9.72,12.46,6.65,4.67,19.1,42326
2024-09-10,Basra Light,REF_005,20.15,29.48,10.13,10.46,5.71,3.8,20.26,43719
2024-09-17,Basra Light,REF_005,19.88,28.96,10.38,10.75,3.47,2.48,24.09,69106
2024-09-24,Basra Light,REF_005,20.08,29.31,9.86,10.36,5.39,3.4,21.61,10066
2024-10-01,Basra Light,REF_005,19.92,28.01,10.56,10.41,5.31,4.57,21.23,23884
2024-10-08,Basra Light,REF_005,19.94,27.59,11.05,9.41,6.18,2.2,23.63,39434
2024-10-15,Basra Light,REF_005,19.37,30.07,10.6,10.46,5.66,3.29,20.55,60932
2024-10-22,Basra Light,REF_005,19.02,28.11,10.9,14.07,3.81,3.25,20.84,51838
2024-10-29,Basra Light,REF_005,19.03,27.53,10.72,14.03,3.57,4.69,20.43,86582
2024-11-05,Basra Light,REF_005,19.0,28.54,9.62,11.42,5.03,3.96,22.43,82147
2024-11-12,Basra Light,REF_005,20.57,30.62,11.02,11.5,3.16,2.16,20.98,34163
2024-11-19,Basra Light,REF_005,19.29,28.78,9.54,13.95,6.94,2.05,19.45,18048
2024-11-26,Basra Light,REF_005,18.83,28.79,10.77,12.58,3.27,3.63,22.12,40287
2024-12-03,Basra Light,REF_005,20.69,29.34,11.06,8.21,3.41,3.16,24.12,89826
2024-12-10,Basra Light,REF_005,19.01,30.73,9.77,8.78,3.98,3.94,23.78,88427
2024-12-17,Basra Light,REF_005,18.65,28.21,10.48,9.38,5.28,2.31,25.69,83002
2024-12-24,Basra Light,REF_005,20.05,29.6,9.28,9.96,3.55,3.57,23.98,19156
2024-12-31,Basra Light,REF_005,20.31,30.84,9.52,12.86,5.79,3.19,17.49,23769
2025-01-07,Basra Light,REF_005,17.36,30.4,9.65,12.22,6.46,3.78,20.13,97656
2025-01-14,Basra Light,REF_005,19.41,28.7,10.91,10.18,6.89,3.43,20.48,95792
2025-01-21,Basra Light,REF_005,17.57,27.48,9.6,8.69,5.94,2.79,27.93,67552
2025-01-28,Basra Light,REF_005,19.51,30.19,10.87,9.04,3.2,2.09,25.1,19341
2025-02-04,Basra Light,REF_005,18.35,31.31,9.91,11.17,6.26,4.76,18.25,97429
2025-02-11,Basra Light,REF_005,20.14,29.45,9.67,12.19,3.79,2.17,22.61,92741
2025-02-18,Basra Light,REF_005,18.77,29.47,10.42,11.16,4.78,4.75,20.65,83489
2025-02-25,Basra Light,REF_005,17.68,28.6,10.53,12.0,6.06,4.18,20.94,73769
2025-03-04,Basra Light,REF_005,20.35,30.5,9.69,14.11,4.34,4.73,16.27,84184
2025-03-11,Basra Light,REF_005,17.13,30.52,10.21,14.84,4.83,2.2,20.27,36382
2025-03-18,Basra Light,REF_005,18.55,29.81,9.51,11.61,4.93,4.51,21.08,37216
2025-03-25,Basra Light,REF_005,18.63,28.99,10.47,13.85,5.7,3.4,18.96,67404
2025-04-01,Basra Light,REF_005,18.12,28.01,9.85,11.11,4.76,4.21,23.94,94271
2025-04-08,Basra Light,REF_005,18.39,27.78,9.27,8.03,6.75,4.99,24.79,14624
2025-04-15,Basra Light,REF_005,18.26,30.12,9.56,12.16,6.25,4.57,19.07,73577
2025-04-22,Basra Light,REF_005,17.16,28.83,11.14,9.35,4.82,3.0,25.7,28498
2025-04-29,Basra Light,REF_005,18.13,28.2,10.96,9.22,5.49,4.83,23.18,95738
2025-05-06,Basra Light,REF_005,19.23,28.52,9.7,13.23,6.92,2.23,20.16,81052
2025-05-13,Basra Light,REF_005,17.32,28.63,10.34,10.08,5.6,3.25,24.77,29720
2025-05-20,Basra Light,REF_005,18.96,27.53,10.69,11.66,6.79,2.31,22.07,75906
2025-05-27,Basra Light,REF_005,18.04,28.93,9.9,10.51,4.72,2.06,25.84,86208
2025-06-03,Basra Light,REF_005,20.36,27.6,10.76,8.51,6.23,3.84,22.71,37571
2025-06-10,Basra Light,REF_005,19.29,29.46,10.48,11.33,6.09,2.14,21.22,40985
2025-06-17,Basra Light,REF_005,19.07,29.79,9.55,8.52,3.08,3.24,26.75,39734
2025-06-24,Basra Light,REF_005,19.1,29.24,9.99,13.9,5.49,3.94,18.34,44364
2025-07-01,Basra Light,REF_005,19.94,28.05,10.01,8.33,3.46,2.24,27.97,49729
2025-07-08,Basra Light,REF_005,19.62,28.69,9.26,12.95,3.83,4.17,21.48,10661
2025-07-15,Basra Light,REF_005,18.08,29.92,10.95,13.28,4.8,4.16,18.81,58378
2025-07-22,Basra Light,REF_005,20.09,30.53,11.16,8.73,4.36,2.58,22.56,66769
2025-07-29,Basra Light,REF_005,19.49,28.25,10.05,12.22,5.64,2.31,22.05,92896
2025-08-05,Basra Light,REF_005,16.97,31.33,9.84,10.21,4.78,4.08,22.78,24364
2025-08-12,Basra Light,REF_005,17.85,31.28,10.96,9.49,5.29,2.61,22.51,59505
2025-08-19,Basra Light,REF_005,18.29,28.89,10.48,9.76,4.62,4.78,23.19,77982
2025-08-26,Basra Light,REF_005,18.36,28.36,10.52,13.65,6.44,3.69,18.96,56511
2025-09-02,Basra Light,REF_005,19.71,28.14,10.91,8.52,5.41,3.77,23.54,37963
2025-09-09,Basra Light,REF_005,16.97,30.31,9.25,9.26,5.18,4.82,24.21,15934
2025-09-16,Basra Light,REF_005,19.15,28.75,10.55,14.67,4.07,4.87,17.94,88356
2025-09-23,Basra Light,REF_005,19.26,30.47,10.94,13.62,4.31,4.44,16.96,38216
2025-09-30,Basra Light,REF_005,20.3,28.46,10.35,12.85,4.7,4.35,18.99,93282
2025-10-07,Basra Light,REF_005,17.58,27.57,10.46,12.22,4.37,4.36,23.46,84352
2025-10-14,Basra Light,REF_005,18.16,30.17,10.49,10.4,6.88,3.04,20.87,65825
2025-10-21,Basra Light,REF_005,18.35,27.49,9.39,9.63,6.25,3.33,25.57,62976
2025-10-28,Basra Light,REF_005,20.61,28.03,10.93,10.65,4.35,3.88,21.56,90877
2025-11-04,Basra Light,REF_005,18.23,30.48,9.24,12.36,5.52,3.67,20.49,94404
2025-11-11,Basra Light,REF_005,20.59,28.81,10.12,13.55,6.38,3.25,17.31,41412
2025-11-18,Basra Light,REF_005,20.11,28.95,10.02,8.95,5.17,2.98,23.82,63154
2025-11-25,Basra Light,REF_005,18.62,30.43,9.76,9.2,5.81,3.15,23.02,60724
2025-12-02,Basra Light,REF_005,20.6,29.37,9.51,10.99,4.91,4.3,20.32,27566
2025-12-09,Basra Light,REF_005,18.22,27.64,10.61,13.21,4.83,3.61,21.88,77483
2025-12-16,Basra Light,REF_005,17.91,29.87,11.13,12.61,3.31,2.87,22.31,56721
2025-12-23,Basra Light,REF_005,17.12,30.14,10.51,14.13,5.0,4.08,19.01,26381
2025-12-30,Basra Light,REF_005,16.84,28.13,9.33,10.99,4.87,3.93,25.9,22669
2026-01-06,Basra Light,REF_005,17.69,30.63,10.36,8.21,6.39,3.89,22.83,26797
2026-01-13,Basra Light,REF_005,17.84,29.65,10.33,13.64,4.43,3.65,20.46,62428
2026-01-20,Basra Light,REF_005,19.07,27.73,10.03,10.37,6.97,3.4,22.43,49170
2026-01-27,Basra Light,REF_005,18.77,31.11,10.43,10.72,6.65,4.79,17.53,33788
2026-02-03,Basra Light,REF_005,18.41,31.3,10.29,11.02,3.78,3.15,22.05,66811
2026-02-10,Basra Light,REF_005,16.99,27.77,9.22,9.53,3.73,4.55,28.21,26671
2026-02-17,Basra Light,REF_005,19.48,27.91,10.39,11.05,4.63,4.57,21.97,25094
2026-02-24,Basra Light,REF_005,19.21,30.73,10.63,14.88,3.01,4.65,16.88,65210
2026-03-03,Basra Light,REF_005,16.84,29.3,10.74,9.28,5.71,2.42,25.71,82310
2026-03-10,Basra Light,REF_005,19.11,27.57,9.39,14.05,3.13,2.9,23.86,61022
2026-03-17,Basra Light,REF_005,17.69,28.33,10.76,10.04,3.15,4.16,25.87,95892
2026-03-24,Basra Light,REF_005,20.16,29.63,10.06,14.48,6.06,3.71,15.9,89184
2026-03-31,Basra Light,REF_005,19.24,31.33,10.92,11.85,6.69,3.03,16.93,73083
2026-04-07,Basra Light,REF_005,17.52,31.02,9.7,14.64,3.07,4.05,20.0,23505
