observation_date,crude_name,refinery_id,spot_price,delivery_cost,total_delivered_price,volume_delivered_bpd,currency,delivery_method
2024-04-09,WTI,REF_001,79.77,11.02,90.79,95536,USD,Rail
2024-04-16,WTI,REF_001,78.21,12.2,90.41,19252,USD,Rail
2024-04-23,WTI,REF_001,76.7,11.97,88.67,34934,USD,Rail
2024-04-30,WTI,REF_001,76.34,11.59,87.93,16217,USD,Rail
2024-05-07,WTI,REF_001,77.57,11.11,88.68,77558,USD,Rail
2024-05-14,WTI,REF_001,78.51,11.08,89.6,17698,USD,Rail
2024-05-21,WTI,REF_001,79.48,12.93,92.41,39871,USD,Rail
2024-05-28,WTI,REF_001,79.22,12.68,91.89,84212,USD,Rail
2024-06-04,WTI,REF_001,78.34,12.43,90.77,33762,USD,Rail
2024-06-11,WTI,REF_001,77.22,13.02,90.24,30764,USD,Rail
2024-06-18,WTI,REF_001,78.49,11.98,90.47,33694,USD,Rail
2024-06-25,WTI,REF_001,79.96,10.86,90.82,84554,USD,Rail
2024-07-02,WTI,REF_001,76.93,10.88,87.81,23619,USD,Rail
2024-07-09,WTI,REF_001,74.61,11.66,86.27,72174,USD,Rail
2024-07-16,WTI,REF_001,73.59,11.4,84.99,35509,USD,Rail
2024-07-23,WTI,REF_001,72.7,11.76,84.46,42484,USD,Rail
2024-07-30,WTI,REF_001,73.08,11.09,84.16,88158,USD,Rail
2024-08-06,WTI,REF_001,71.72,12.83,84.56,16514,USD,Rail
2024-08-13,WTI,REF_001,70.38,13.16,83.54,32613,USD,Rail
2024-08-20,WTI,REF_001,65.31,12.3,77.61,51137,USD,Rail
2024-08-27,WTI,REF_001,63.8,12.41,76.21,21690,USD,Rail
2024-09-03,WTI,REF_001,65.41,10.81,76.23,11640,USD,Rail
2024-09-10,WTI,REF_001,68.55,12.16,80.71,13269,USD,Rail
2024-09-17,WTI,REF_001,68.46,12.1,80.56,20192,USD,Rail
2024-09-24,WTI,REF_001,68.27,11.98,80.26,40486,USD,Rail
2024-10-01,WTI,REF_001,68.86,11.89,80.76,96261,USD,Rail
2024-10-08,WTI,REF_001,70.64,12.58,83.22,27154,USD,Rail
2024-10-15,WTI,REF_001,68.69,12.52,81.21,68319,USD,Rail
2024-10-22,WTI,REF_001,69.09,12.19,81.28,85289,USD,Rail
2024-10-29,WTI,REF_001,65.39,11.08,76.47,97477,USD,Rail
2024-11-05,WTI,REF_001,65.79,12.63,78.43,75984,USD,Rail
2024-11-12,WTI,REF_001,68.89,11.88,80.77,40244,USD,Rail
2024-11-19,WTI,REF_001,70.87,11.02,81.88,15442,USD,Rail
2024-11-26,WTI,REF_001,70.75,11.47,82.22,12361,USD,Rail
2024-12-03,WTI,REF_001,71.74,11.48,83.22,69364,USD,Rail
2024-12-10,WTI,REF_001,72.17,11.9,84.06,32955,USD,Rail
2024-12-17,WTI,REF_001,72.91,11.23,84.14,53940,USD,Rail
2024-12-24,WTI,REF_001,71.89,11.64,83.53,31958,USD,Rail
2024-12-31,WTI,REF_001,73.62,12.65,86.27,75005,USD,Rail
2025-01-07,WTI,REF_001,74.47,10.93,85.41,18768,USD,Rail
2025-01-14,WTI,REF_001,79.29,12.51,91.8,42027,USD,Rail
2025-01-21,WTI,REF_001,76.25,10.83,87.08,13249,USD,Rail
2025-01-28,WTI,REF_001,75.88,12.17,88.06,25175,USD,Rail
2025-02-04,WTI,REF_001,76.85,11.86,88.71,88822,USD,Rail
2025-02-11,WTI,REF_001,77.7,11.36,89.06,76264,USD,Rail
2025-02-18,WTI,REF_001,78.29,12.11,90.4,33551,USD,Rail
2025-02-25,WTI,REF_001,80.06,10.94,91.0,60608,USD,Rail
2025-03-04,WTI,REF_001,83.88,11.71,95.59,11343,USD,Rail
2025-03-11,WTI,REF_001,83.42,12.1,95.52,63022,USD,Rail
2025-03-18,WTI,REF_001,84.19,11.97,96.16,31562,USD,Rail
2025-03-25,WTI,REF_001,80.96,11.81,92.78,17439,USD,Rail
2025-04-01,WTI,REF_001,79.53,11.17,90.71,22376,USD,Rail
2025-04-08,WTI,REF_001,82.96,12.96,95.93,33594,USD,Rail
2025-04-15,WTI,REF_001,85.05,11.72,96.77,66018,USD,Rail
2025-04-22,WTI,REF_001,84.89,11.47,96.36,44901,USD,Rail
2025-04-29,WTI,REF_001,85.59,11.52,97.11,17658,USD,Rail
2025-05-06,WTI,REF_001,87.57,11.21,98.79,85029,USD,Rail
2025-05-13,WTI,REF_001,84.0,12.54,96.53,60272,USD,Rail
2025-05-20,WTI,REF_001,82.25,11.26,93.51,85804,USD,Rail
2025-05-27,WTI,REF_001,84.51,12.74,97.25,76235,USD,Rail
2025-06-03,WTI,REF_001,82.92,11.69,94.6,26581,USD,Rail
2025-06-10,WTI,REF_001,80.43,12.6,93.02,26622,USD,Rail
2025-06-17,WTI,REF_001,81.52,11.93,93.46,90801,USD,Rail
2025-06-24,WTI,REF_001,81.94,12.79,94.73,81523,USD,Rail
2025-07-01,WTI,REF_001,81.12,12.37,93.49,40992,USD,Rail
2025-07-08,WTI,REF_001,78.92,12.48,91.4,35856,USD,Rail
2025-07-15,WTI,REF_001,81.9,11.06,92.96,80810,USD,Rail
2025-07-22,WTI,REF_001,80.52,12.48,93.0,50466,USD,Rail
2025-07-29,WTI,REF_001,82.26,12.49,94.75,65814,USD,Rail
2025-08-05,WTI,REF_001,81.99,12.85,94.84,39845,USD,Rail
2025-08-12,WTI,REF_001,80.15,12.02,92.17,98928,USD,Rail
2025-08-19,WTI,REF_001,78.79,13.0,91.79,50977,USD,Rail
2025-08-26,WTI,REF_001,78.51,10.8,89.31,94881,USD,Rail
2025-09-02,WTI,REF_001,80.51,10.88,91.39,13114,USD,Rail
2025-09-09,WTI,REF_001,81.85,13.03,94.88,25670,USD,Rail
2025-09-16,WTI,REF_001,82.02,12.01,94.03,10625,USD,Rail
2025-09-23,WTI,REF_001,79.79,12.29,92.08,25599,USD,Rail
2025-09-30,WTI,REF_001,79.25,13.12,92.38,70376,USD,Rail
2025-10-07,WTI,REF_001,76.52,12.97,89.49,90552,USD,Rail
2025-10-14,WTI,REF_001,73.5,13.05,86.55,50828,USD,Rail
2025-10-21,WTI,REF_001,73.39,12.29,85.69,55666,USD,Rail
2025-10-28,WTI,REF_001,75.77,12.23,88.0,55852,USD,Rail
2025-11-04,WTI,REF_001,75.8,13.03,88.83,71723,USD,Rail
2025-11-11,WTI,REF_001,77.22,10.99,88.21,28140,USD,Rail
2025-11-18,WTI,REF_001,75.92,10.79,86.72,20059,USD,Rail
2025-11-25,WTI,REF_001,77.0,11.92,88.91,24693,USD,Rail
2025-12-02,WTI,REF_001,75.9,12.31,88.21,86462,USD,Rail
2025-12-09,WTI,REF_001,75.11,12.15,87.25,41200,USD,Rail
2025-12-16,WTI,REF_001,75.13,11.19,86.32,58003,USD,Rail
2025-12-23,WTI,REF_001,76.89,10.82,87.71,13466,USD,Rail
2025-12-30,WTI,REF_001,79.72,11.11,90.83,58007,USD,Rail
2026-01-06,WTI,REF_001,81.34,12.63,93.97,89410,USD,Rail
2026-01-13,WTI,REF_001,79.24,10.94,90.18,87092,USD,Rail
2026-01-20,WTI,REF_001,79.09,10.96,90.06,83601,USD,Rail
2026-01-27,WTI,REF_001,75.37,12.02,87.39,22220,USD,Rail
2026-02-03,WTI,REF_001,71.68,12.55,84.23,37000,USD,Rail
2026-02-10,WTI,REF_001,70.16,10.94,81.1,86317,USD,Rail
2026-02-17,WTI,REF_001,69.4,11.65,81.05,84280,USD,Rail
2026-02-24,WTI,REF_001,69.43,12.14,81.57,68190,USD,Rail
2026-03-03,WTI,REF_001,71.4,12.32,83.72,57715,USD,Rail
2026-03-10,WTI,REF_001,68.8,12.97,81.77,74917,USD,Rail
2026-03-17,WTI,REF_001,72.96,11.53,84.49,40152,USD,Rail
2026-03-24,WTI,REF_001,71.98,13.15,85.13,52105,USD,Rail
2026-03-31,WTI,REF_001,71.88,12.63,84.52,24236,USD,Rail
2026-04-07,WTI,REF_001,68.75,12.91,81.66,93928,USD,Rail
2024-04-09,WTI,REF_002,77.89,1.11,79.0,11523,USD,Pipeline
2024-04-16,WTI,REF_002,78.46,1.1,79.56,40330,USD,Pipeline
2024-04-23,WTI,REF_002,85.73,1.14,86.87,25911,USD,Pipeline
2024-04-30,WTI,REF_002,86.5,1.2,87.7,56165,USD,Pipeline
2024-05-07,WTI,REF_002,89.29,1.01,90.3,23344,USD,Pipeline
2024-05-14,WTI,REF_002,91.52,1.06,92.58,13064,USD,Pipeline
2024-05-21,WTI,REF_002,91.27,1.1,92.38,16004,USD,Pipeline
2024-05-28,WTI,REF_002,89.95,1.01,90.96,94892,USD,Pipeline
2024-06-04,WTI,REF_002,90.1,1.16,91.26,20753,USD,Pipeline
2024-06-11,WTI,REF_002,86.83,1.18,88.02,83277,USD,Pipeline
2024-06-18,WTI,REF_002,87.59,1.12,88.72,46854,USD,Pipeline
2024-06-25,WTI,REF_002,88.44,1.06,89.49,57884,USD,Pipeline
2024-07-02,WTI,REF_002,94.17,1.11,95.28,33461,USD,Pipeline
2024-07-09,WTI,REF_002,92.45,1.11,93.56,58007,USD,Pipeline
2024-07-16,WTI,REF_002,94.09,1.19,95.29,47849,USD,Pipeline
2024-07-23,WTI,REF_002,95.77,1.19,96.97,64062,USD,Pipeline
2024-07-30,WTI,REF_002,94.11,1.22,95.33,56996,USD,Pipeline
2024-08-06,WTI,REF_002,96.65,1.05,97.7,11362,USD,Pipeline
2024-08-13,WTI,REF_002,96.49,1.21,97.7,58070,USD,Pipeline
2024-08-20,WTI,REF_002,97.93,1.16,99.09,62860,USD,Pipeline
2024-08-27,WTI,REF_002,100.65,1.17,101.82,20214,USD,Pipeline
2024-09-03,WTI,REF_002,100.37,1.17,101.54,37764,USD,Pipeline
2024-09-10,WTI,REF_002,97.05,1.19,98.24,15880,USD,Pipeline
2024-09-17,WTI,REF_002,98.39,1.02,99.41,12847,USD,Pipeline
2024-09-24,WTI,REF_002,100.34,1.2,101.54,23031,USD,Pipeline
2024-10-01,WTI,REF_002,101.23,1.09,102.32,57739,USD,Pipeline
2024-10-08,WTI,REF_002,100.68,1.02,101.69,61211,USD,Pipeline
2024-10-15,WTI,REF_002,101.72,1.19,102.91,79889,USD,Pipeline
2024-10-22,WTI,REF_002,105.16,1.12,106.28,68059,USD,Pipeline
2024-10-29,WTI,REF_002,103.45,1.15,104.6,69437,USD,Pipeline
2024-11-05,WTI,REF_002,100.75,1.03,101.78,83731,USD,Pipeline
2024-11-12,WTI,REF_002,97.92,1.06,98.98,64277,USD,Pipeline
2024-11-19,WTI,REF_002,100.17,1.17,101.34,93556,USD,Pipeline
2024-11-26,WTI,REF_002,100.2,1.22,101.42,91857,USD,Pipeline
2024-12-03,WTI,REF_002,97.48,1.12,98.59,59683,USD,Pipeline
2024-12-10,WTI,REF_002,95.62,1.09,96.71,71241,USD,Pipeline
2024-12-17,WTI,REF_002,93.03,1.2,94.24,29978,USD,Pipeline
2024-12-24,WTI,REF_002,88.8,1.18,89.98,38610,USD,Pipeline
2024-12-31,WTI,REF_002,86.97,1.02,87.99,40042,USD,Pipeline
2025-01-07,WTI,REF_002,89.11,1.13,90.24,57116,USD,Pipeline
2025-01-14,WTI,REF_002,88.14,1.14,89.28,60530,USD,Pipeline
2025-01-21,WTI,REF_002,89.41,1.21,90.62,54578,USD,Pipeline
2025-01-28,WTI,REF_002,89.98,1.2,91.18,87672,USD,Pipeline
2025-02-04,WTI,REF_002,87.45,1.21,88.65,35556,USD,Pipeline
2025-02-11,WTI,REF_002,89.65,1.22,90.86,65360,USD,Pipeline
2025-02-18,WTI,REF_002,91.27,1.23,92.5,37810,USD,Pipeline
2025-02-25,WTI,REF_002,91.88,1.03,92.91,75101,USD,Pipeline
2025-03-04,WTI,REF_002,92.0,1.09,93.09,45099,USD,Pipeline
2025-03-11,WTI,REF_002,90.47,1.06,91.53,72940,USD,Pipeline
2025-03-18,WTI,REF_002,91.64,1.09,92.73,45486,USD,Pipeline
2025-03-25,WTI,REF_002,91.82,1.05,92.87,65049,USD,Pipeline
2025-04-01,WTI,REF_002,92.35,1.08,93.43,42053,USD,Pipeline
2025-04-08,WTI,REF_002,93.44,1.03,94.47,32232,USD,Pipeline
2025-04-15,WTI,REF_002,92.0,1.11,93.12,89659,USD,Pipeline
2025-04-22,WTI,REF_002,87.93,1.11,89.04,96168,USD,Pipeline
2025-04-29,WTI,REF_002,89.71,1.04,90.74,41955,USD,Pipeline
2025-05-06,WTI,REF_002,89.19,1.03,90.23,79659,USD,Pipeline
2025-05-13,WTI,REF_002,88.17,1.19,89.36,25105,USD,Pipeline
2025-05-20,WTI,REF_002,84.77,1.22,85.99,45453,USD,Pipeline
2025-05-27,WTI,REF_002,82.7,1.11,83.81,98262,USD,Pipeline
2025-06-03,WTI,REF_002,81.56,1.12,82.68,50692,USD,Pipeline
2025-06-10,WTI,REF_002,79.37,1.12,80.49,50917,USD,Pipeline
2025-06-17,WTI,REF_002,79.05,1.06,80.11,81850,USD,Pipeline
2025-06-24,WTI,REF_002,78.5,1.15,79.64,66878,USD,Pipeline
2025-07-01,WTI,REF_002,77.06,1.15,78.21,61814,USD,Pipeline
2025-07-08,WTI,REF_002,79.68,1.22,80.9,63066,USD,Pipeline
2025-07-15,WTI,REF_002,78.62,1.06,79.68,60559,USD,Pipeline
2025-07-22,WTI,REF_002,79.96,1.17,81.13,90144,USD,Pipeline
2025-07-29,WTI,REF_002,81.01,1.22,82.23,54280,USD,Pipeline
2025-08-05,WTI,REF_002,76.95,1.16,78.11,63608,USD,Pipeline
2025-08-12,WTI,REF_002,77.97,1.05,79.02,72492,USD,Pipeline
2025-08-19,WTI,REF_002,76.95,1.05,78.0,67517,USD,Pipeline
2025-08-26,WTI,REF_002,77.93,1.04,78.97,82861,USD,Pipeline
2025-09-02,WTI,REF_002,77.36,1.18,78.54,55890,USD,Pipeline
2025-09-09,WTI,REF_002,77.53,1.12,78.65,38070,USD,Pipeline
2025-09-16,WTI,REF_002,77.54,1.01,78.55,81559,USD,Pipeline
2025-09-23,WTI,REF_002,73.88,1.19,75.06,76200,USD,Pipeline
2025-09-30,WTI,REF_002,70.72,1.16,71.87,21623,USD,Pipeline
2025-10-07,WTI,REF_002,72.3,1.07,73.37,14067,USD,Pipeline
2025-10-14,WTI,REF_002,72.74,1.11,73.85,49384,USD,Pipeline
2025-10-21,WTI,REF_002,73.22,1.22,74.44,70763,USD,Pipeline
2025-10-28,WTI,REF_002,71.38,1.08,72.45,20293,USD,Pipeline
2025-11-04,WTI,REF_002,74.12,1.03,75.15,91496,USD,Pipeline
2025-11-11,WTI,REF_002,73.8,1.02,74.82,41180,USD,Pipeline
2025-11-18,WTI,REF_002,74.28,1.22,75.51,37455,USD,Pipeline
2025-11-25,WTI,REF_002,74.77,1.22,75.99,54703,USD,Pipeline
2025-12-02,WTI,REF_002,75.33,1.22,76.54,76764,USD,Pipeline
2025-12-09,WTI,REF_002,76.12,1.11,77.23,92715,USD,Pipeline
2025-12-16,WTI,REF_002,77.37,1.19,78.56,67703,USD,Pipeline
2025-12-23,WTI,REF_002,75.55,1.19,76.74,47473,USD,Pipeline
2025-12-30,WTI,REF_002,75.47,1.09,76.56,30757,USD,Pipeline
2026-01-06,WTI,REF_002,78.0,1.07,79.08,92859,USD,Pipeline
2026-01-13,WTI,REF_002,78.32,1.1,79.42,97247,USD,Pipeline
2026-01-20,WTI,REF_002,76.15,1.23,77.38,63487,USD,Pipeline
2026-01-27,WTI,REF_002,79.04,1.18,80.22,50661,USD,Pipeline
2026-02-03,WTI,REF_002,80.18,1.21,81.39,18549,USD,Pipeline
2026-02-10,WTI,REF_002,79.69,1.04,80.73,65084,USD,Pipeline
2026-02-17,WTI,REF_002,79.53,1.13,80.66,27710,USD,Pipeline
2026-02-24,WTI,REF_002,78.56,1.18,79.74,48842,USD,Pipeline
2026-03-03,WTI,REF_002,75.6,1.21,76.81,11009,USD,Pipeline
2026-03-10,WTI,REF_002,74.75,1.01,75.76,99590,USD,Pipeline
2026-03-17,WTI,REF_002,75.3,1.15,76.45,52815,USD,Pipeline
2026-03-24,WTI,REF_002,77.1,1.04,78.15,43041,USD,Pipeline
2026-03-31,WTI,REF_002,76.86,1.17,78.03,10652,USD,Pipeline
2026-04-07,WTI,REF_002,80.49,1.16,81.65,63365,USD,Pipeline
2024-04-09,WTI,REF_003,77.84,2.58,80.43,94695,USD,Pipeline
2024-04-16,WTI,REF_003,81.58,2.93,84.51,55199,USD,Pipeline
2024-04-23,WTI,REF_003,82.45,2.85,85.3,58521,USD,Pipeline
2024-04-30,WTI,REF_003,83.8,3.05,86.86,81919,USD,Pipeline
2024-05-07,WTI,REF_003,87.2,2.64,89.85,93993,USD,Pipeline
2024-05-14,WTI,REF_003,84.65,2.92,87.57,96402,USD,Pipeline
2024-05-21,WTI,REF_003,82.61,3.0,85.61,33564,USD,Pipeline
2024-05-28,WTI,REF_003,80.32,2.73,83.06,89587,USD,Pipeline
2024-06-04,WTI,REF_003,76.51,2.76,79.28,74072,USD,Pipeline
2024-06-11,WTI,REF_003,76.85,2.62,79.47,96594,USD,Pipeline
2024-06-18,WTI,REF_003,80.04,2.93,82.97,71266,USD,Pipeline
2024-06-25,WTI,REF_003,79.95,2.77,82.72,13811,USD,Pipeline
2024-07-02,WTI,REF_003,81.2,2.83,84.03,25063,USD,Pipeline
2024-07-09,WTI,REF_003,81.21,2.67,83.88,87824,USD,Pipeline
2024-07-16,WTI,REF_003,78.67,2.98,81.66,67753,USD,Pipeline
2024-07-23,WTI,REF_003,82.28,3.02,85.3,97384,USD,Pipeline
2024-07-30,WTI,REF_003,82.68,2.8,85.48,85598,USD,Pipeline
2024-08-06,WTI,REF_003,82.81,3.04,85.85,14065,USD,Pipeline
2024-08-13,WTI,REF_003,82.29,2.76,85.05,80344,USD,Pipeline
2024-08-20,WTI,REF_003,84.36,2.67,87.03,12837,USD,Pipeline
2024-08-27,WTI,REF_003,86.05,3.07,89.12,45614,USD,Pipeline
2024-09-03,WTI,REF_003,83.44,2.98,86.42,28048,USD,Pipeline
2024-09-10,WTI,REF_003,84.3,2.78,87.08,90537,USD,Pipeline
2024-09-17,WTI,REF_003,85.43,2.55,87.98,80731,USD,Pipeline
2024-09-24,WTI,REF_003,83.58,2.9,86.48,52512,USD,Pipeline
2024-10-01,WTI,REF_003,82.47,2.61,85.08,92452,USD,Pipeline
2024-10-08,WTI,REF_003,79.66,2.93,82.59,45415,USD,Pipeline
2024-10-15,WTI,REF_003,77.95,2.61,80.57,62413,USD,Pipeline
2024-10-22,WTI,REF_003,78.13,3.02,81.15,33581,USD,Pipeline
2024-10-29,WTI,REF_003,77.49,3.01,80.5,32053,USD,Pipeline
2024-11-05,WTI,REF_003,78.79,2.57,81.36,13657,USD,Pipeline
2024-11-12,WTI,REF_003,76.99,2.79,79.78,13068,USD,Pipeline
2024-11-19,WTI,REF_003,81.39,2.66,84.05,90898,USD,Pipeline
2024-11-26,WTI,REF_003,81.29,2.65,83.93,31374,USD,Pipeline
2024-12-03,WTI,REF_003,81.8,2.83,84.63,39713,USD,Pipeline
2024-12-10,WTI,REF_003,82.94,2.97,85.91,62950,USD,Pipeline
2024-12-17,WTI,REF_003,84.98,2.98,87.96,94677,USD,Pipeline
2024-12-24,WTI,REF_003,83.99,3.09,87.09,11037,USD,Pipeline
2024-12-31,WTI,REF_003,81.98,2.65,84.63,87833,USD,Pipeline
2025-01-07,WTI,REF_003,80.8,3.08,83.89,94606,USD,Pipeline
2025-01-14,WTI,REF_003,81.82,2.89,84.72,87011,USD,Pipeline
2025-01-21,WTI,REF_003,85.47,2.54,88.01,48542,USD,Pipeline
2025-01-28,WTI,REF_003,87.1,2.63,89.73,76992,USD,Pipeline
2025-02-04,WTI,REF_003,87.13,3.05,90.18,78761,USD,Pipeline
2025-02-11,WTI,REF_003,88.07,2.85,90.93,96134,USD,Pipeline
2025-02-18,WTI,REF_003,85.46,2.64,88.1,14545,USD,Pipeline
2025-02-25,WTI,REF_003,82.27,2.95,85.23,99389,USD,Pipeline
2025-03-04,WTI,REF_003,84.55,2.76,87.3,23666,USD,Pipeline
2025-03-11,WTI,REF_003,80.55,2.98,83.53,58090,USD,Pipeline
2025-03-18,WTI,REF_003,81.96,3.04,85.0,85435,USD,Pipeline
2025-03-25,WTI,REF_003,81.46,3.04,84.5,87978,USD,Pipeline
2025-04-01,WTI,REF_003,82.49,2.89,85.38,91939,USD,Pipeline
2025-04-08,WTI,REF_003,81.67,2.94,84.61,28871,USD,Pipeline
2025-04-15,WTI,REF_003,79.84,2.66,82.5,29084,USD,Pipeline
2025-04-22,WTI,REF_003,78.19,3.03,81.22,75675,USD,Pipeline
2025-04-29,WTI,REF_003,78.02,2.82,80.84,17578,USD,Pipeline
2025-05-06,WTI,REF_003,73.23,2.73,75.96,51524,USD,Pipeline
2025-05-13,WTI,REF_003,73.64,2.8,76.44,22516,USD,Pipeline
2025-05-20,WTI,REF_003,72.39,3.06,75.45,74279,USD,Pipeline
2025-05-27,WTI,REF_003,72.48,2.54,75.02,35994,USD,Pipeline
2025-06-03,WTI,REF_003,72.33,2.73,75.06,98670,USD,Pipeline
2025-06-10,WTI,REF_003,69.98,2.84,72.82,94707,USD,Pipeline
2025-06-17,WTI,REF_003,67.13,2.69,69.82,67293,USD,Pipeline
2025-06-24,WTI,REF_003,65.59,2.87,68.46,59824,USD,Pipeline
2025-07-01,WTI,REF_003,64.38,2.7,67.08,87961,USD,Pipeline
2025-07-08,WTI,REF_003,62.8,2.99,65.79,28452,USD,Pipeline
2025-07-15,WTI,REF_003,61.55,2.79,64.34,11695,USD,Pipeline
2025-07-22,WTI,REF_003,60.95,2.77,63.73,31382,USD,Pipeline
2025-07-29,WTI,REF_003,59.14,2.71,61.85,11803,USD,Pipeline
2025-08-05,WTI,REF_003,57.15,2.85,60.0,59310,USD,Pipeline
2025-08-12,WTI,REF_003,55.16,3.09,58.25,22224,USD,Pipeline
2025-08-19,WTI,REF_003,56.04,2.99,59.03,29832,USD,Pipeline
2025-08-26,WTI,REF_003,52.29,2.71,54.99,53786,USD,Pipeline
2025-09-02,WTI,REF_003,50.98,2.67,53.65,59217,USD,Pipeline
2025-09-09,WTI,REF_003,52.54,2.8,55.33,13412,USD,Pipeline
2025-09-16,WTI,REF_003,51.01,2.62,53.63,93570,USD,Pipeline
2025-09-23,WTI,REF_003,50.39,2.56,52.95,23743,USD,Pipeline
2025-09-30,WTI,REF_003,50.95,2.86,53.81,67021,USD,Pipeline
2025-10-07,WTI,REF_003,48.03,2.65,50.68,49498,USD,Pipeline
2025-10-14,WTI,REF_003,46.42,2.55,48.97,10783,USD,Pipeline
2025-10-21,WTI,REF_003,46.71,2.97,49.69,20253,USD,Pipeline
2025-10-28,WTI,REF_003,49.57,2.99,52.56,93046,USD,Pipeline
2025-11-04,WTI,REF_003,47.64,2.6,50.24,27476,USD,Pipeline
2025-11-11,WTI,REF_003,47.8,2.64,50.44,95038,USD,Pipeline
2025-11-18,WTI,REF_003,46.57,2.99,49.56,79492,USD,Pipeline
2025-11-25,WTI,REF_003,48.61,2.73,51.34,12698,USD,Pipeline
2025-12-02,WTI,REF_003,47.14,2.61,49.75,33592,USD,Pipeline
2025-12-09,WTI,REF_003,46.02,2.95,48.97,49999,USD,Pipeline
2025-12-16,WTI,REF_003,47.12,2.53,49.65,95612,USD,Pipeline
2025-12-23,WTI,REF_003,47.53,2.69,50.22,35875,USD,Pipeline
2025-12-30,WTI,REF_003,44.65,2.58,47.23,74030,USD,Pipeline
2026-01-06,WTI,REF_003,47.33,2.64,49.97,93643,USD,Pipeline
2026-01-13,WTI,REF_003,47.49,2.71,50.2,11049,USD,Pipeline
2026-01-20,WTI,REF_003,48.64,3.04,51.68,13203,USD,Pipeline
2026-01-27,WTI,REF_003,46.07,2.67,48.74,12101,USD,Pipeline
2026-02-03,WTI,REF_003,46.7,2.55,49.25,41518,USD,Pipeline
2026-02-10,WTI,REF_003,47.05,2.84,49.89,65827,USD,Pipeline
2026-02-17,WTI,REF_003,49.08,2.83,51.92,37382,USD,Pipeline
2026-02-24,WTI,REF_003,48.95,2.96,51.9,92084,USD,Pipeline
2026-03-03,WTI,REF_003,51.03,2.53,53.57,53032,USD,Pipeline
2026-03-10,WTI,REF_003,51.15,3.04,54.19,94604,USD,Pipeline
2026-03-17,WTI,REF_003,56.15,2.61,58.76,37221,USD,Pipeline
2026-03-24,WTI,REF_003,56.1,2.75,58.85,42329,USD,Pipeline
2026-03-31,WTI,REF_003,52.64,2.83,55.47,54105,USD,Pipeline
2026-04-07,WTI,REF_003,50.63,2.84,53.47,15306,USD,Pipeline
2024-04-09,WTI,REF_004,74.82,6.53,81.35,35205,USD,Tanker
2024-04-16,WTI,REF_004,74.98,6.59,81.57,15681,USD,Tanker
2024-04-23,WTI,REF_004,73.41,5.69,79.1,10459,USD,Tanker
2024-04-30,WTI,REF_004,74.23,5.89,80.12,49673,USD,Tanker
2024-05-07,WTI,REF_004,73.8,5.77,79.58,20465,USD,Tanker
2024-05-14,WTI,REF_004,72.75,5.71,78.47,81239,USD,Tanker
2024-05-21,WTI,REF_004,71.6,6.14,77.75,58579,USD,Tanker
2024-05-28,WTI,REF_004,69.11,5.67,74.78,16833,USD,Tanker
2024-06-04,WTI,REF_004,68.03,5.78,73.81,86515,USD,Tanker
2024-06-11,WTI,REF_004,66.81,6.26,73.07,56027,USD,Tanker
2024-06-18,WTI,REF_004,64.42,6.38,70.79,27488,USD,Tanker
2024-06-25,WTI,REF_004,67.55,6.03,73.59,97470,USD,Tanker
2024-07-02,WTI,REF_004,67.84,6.27,74.1,70734,USD,Tanker
2024-07-09,WTI,REF_004,70.11,6.11,76.22,94805,USD,Tanker
2024-07-16,WTI,REF_004,69.85,5.93,75.79,87923,USD,Tanker
2024-07-23,WTI,REF_004,72.19,5.6,77.79,34955,USD,Tanker
2024-07-30,WTI,REF_004,73.28,6.6,79.88,38650,USD,Tanker
2024-08-06,WTI,REF_004,72.65,5.76,78.41,23885,USD,Tanker
2024-08-13,WTI,REF_004,70.18,6.34,76.51,27223,USD,Tanker
2024-08-20,WTI,REF_004,71.02,5.96,76.99,88626,USD,Tanker
2024-08-27,WTI,REF_004,70.99,6.04,77.03,33657,USD,Tanker
2024-09-03,WTI,REF_004,69.33,6.39,75.72,55811,USD,Tanker
2024-09-10,WTI,REF_004,68.6,6.31,74.91,37278,USD,Tanker
2024-09-17,WTI,REF_004,66.59,6.36,72.95,17302,USD,Tanker
2024-09-24,WTI,REF_004,67.51,6.05,73.56,64877,USD,Tanker
2024-10-01,WTI,REF_004,68.13,6.2,74.33,89503,USD,Tanker
2024-10-08,WTI,REF_004,68.84,6.18,75.01,56545,USD,Tanker
2024-10-15,WTI,REF_004,70.1,6.3,76.4,94977,USD,Tanker
2024-10-22,WTI,REF_004,70.84,5.84,76.68,93187,USD,Tanker
2024-10-29,WTI,REF_004,71.12,6.54,77.66,82142,USD,Tanker
2024-11-05,WTI,REF_004,68.09,5.9,73.98,98730,USD,Tanker
2024-11-12,WTI,REF_004,68.8,6.43,75.23,86569,USD,Tanker
2024-11-19,WTI,REF_004,69.56,5.72,75.28,18611,USD,Tanker
2024-11-26,WTI,REF_004,69.73,6.69,76.42,91579,USD,Tanker
2024-12-03,WTI,REF_004,70.39,6.36,76.75,66562,USD,Tanker
2024-12-10,WTI,REF_004,68.43,6.4,74.83,83607,USD,Tanker
2024-12-17,WTI,REF_004,67.64,6.23,73.87,14578,USD,Tanker
2024-12-24,WTI,REF_004,69.22,6.13,75.35,58906,USD,Tanker
2024-12-31,WTI,REF_004,73.05,5.89,78.95,82425,USD,Tanker
2025-01-07,WTI,REF_004,75.36,6.04,81.4,16494,USD,Tanker
2025-01-14,WTI,REF_004,72.62,5.87,78.49,96858,USD,Tanker
2025-01-21,WTI,REF_004,73.96,5.93,79.89,47564,USD,Tanker
2025-01-28,WTI,REF_004,73.22,5.94,79.16,99007,USD,Tanker
2025-02-04,WTI,REF_004,71.89,6.02,77.91,71140,USD,Tanker
2025-02-11,WTI,REF_004,73.24,5.91,79.15,30222,USD,Tanker
2025-02-18,WTI,REF_004,73.01,5.63,78.64,77597,USD,Tanker
2025-02-25,WTI,REF_004,73.4,5.85,79.25,50516,USD,Tanker
2025-03-04,WTI,REF_004,69.33,6.18,75.51,96920,USD,Tanker
2025-03-11,WTI,REF_004,68.35,6.06,74.4,64239,USD,Tanker
2025-03-18,WTI,REF_004,68.55,5.78,74.33,48335,USD,Tanker
2025-03-25,WTI,REF_004,71.34,5.92,77.26,99506,USD,Tanker
2025-04-01,WTI,REF_004,65.93,5.76,71.69,31519,USD,Tanker
2025-04-08,WTI,REF_004,65.29,6.43,71.72,58141,USD,Tanker
2025-04-15,WTI,REF_004,62.55,5.8,68.35,13050,USD,Tanker
2025-04-22,WTI,REF_004,60.62,6.76,67.38,77779,USD,Tanker
2025-04-29,WTI,REF_004,60.33,6.63,66.96,33062,USD,Tanker
2025-05-06,WTI,REF_004,61.77,6.18,67.95,28223,USD,Tanker
2025-05-13,WTI,REF_004,61.74,6.22,67.96,87350,USD,Tanker
2025-05-20,WTI,REF_004,64.88,6.47,71.35,96963,USD,Tanker
2025-05-27,WTI,REF_004,62.98,6.31,69.29,50798,USD,Tanker
2025-06-03,WTI,REF_004,58.31,6.07,64.38,40651,USD,Tanker
2025-06-10,WTI,REF_004,58.57,6.3,64.87,28366,USD,Tanker
2025-06-17,WTI,REF_004,61.1,5.86,66.96,40581,USD,Tanker
2025-06-24,WTI,REF_004,59.91,6.65,66.56,91334,USD,Tanker
2025-07-01,WTI,REF_004,59.82,6.37,66.19,38444,USD,Tanker
2025-07-08,WTI,REF_004,62.72,5.91,68.62,64802,USD,Tanker
2025-07-15,WTI,REF_004,61.3,6.67,67.97,46940,USD,Tanker
2025-07-22,WTI,REF_004,62.73,5.97,68.71,78367,USD,Tanker
2025-07-29,WTI,REF_004,63.02,6.49,69.51,93564,USD,Tanker
2025-08-05,WTI,REF_004,63.86,6.34,70.2,31706,USD,Tanker
2025-08-12,WTI,REF_004,65.07,6.38,71.46,34879,USD,Tanker
2025-08-19,WTI,REF_004,68.58,6.39,74.96,46107,USD,Tanker
2025-08-26,WTI,REF_004,67.58,5.78,73.35,53572,USD,Tanker
2025-09-02,WTI,REF_004,65.74,5.96,71.69,73561,USD,Tanker
2025-09-09,WTI,REF_004,64.01,6.17,70.18,43585,USD,Tanker
2025-09-16,WTI,REF_004,64.6,6.16,70.76,47915,USD,Tanker
2025-09-23,WTI,REF_004,65.74,6.56,72.31,25563,USD,Tanker
2025-09-30,WTI,REF_004,61.77,6.53,68.3,98634,USD,Tanker
2025-10-07,WTI,REF_004,62.07,5.6,67.67,13416,USD,Tanker
2025-10-14,WTI,REF_004,62.43,6.64,69.08,72517,USD,Tanker
2025-10-21,WTI,REF_004,64.7,6.13,70.84,24521,USD,Tanker
2025-10-28,WTI,REF_004,67.31,5.84,73.15,74112,USD,Tanker
2025-11-04,WTI,REF_004,66.31,5.86,72.17,51718,USD,Tanker
2025-11-11,WTI,REF_004,66.12,6.31,72.43,60698,USD,Tanker
2025-11-18,WTI,REF_004,64.43,6.06,70.49,43272,USD,Tanker
2025-11-25,WTI,REF_004,66.27,6.52,72.79,53472,USD,Tanker
2025-12-02,WTI,REF_004,64.72,6.03,70.75,67368,USD,Tanker
2025-12-09,WTI,REF_004,68.58,5.93,74.51,80951,USD,Tanker
2025-12-16,WTI,REF_004,69.91,5.94,75.85,47685,USD,Tanker
2025-12-23,WTI,REF_004,67.41,6.6,74.01,73431,USD,Tanker
2025-12-30,WTI,REF_004,68.77,6.1,74.87,99085,USD,Tanker
2026-01-06,WTI,REF_004,67.36,6.46,73.81,78134,USD,Tanker
2026-01-13,WTI,REF_004,66.78,5.63,72.41,83747,USD,Tanker
2026-01-20,WTI,REF_004,67.28,5.82,73.1,45949,USD,Tanker
2026-01-27,WTI,REF_004,65.4,5.88,71.28,50436,USD,Tanker
2026-02-03,WTI,REF_004,64.72,5.64,70.36,54264,USD,Tanker
2026-02-10,WTI,REF_004,63.38,5.92,69.3,63127,USD,Tanker
2026-02-17,WTI,REF_004,60.18,5.68,65.87,77798,USD,Tanker
2026-02-24,WTI,REF_004,59.64,6.34,65.98,12963,USD,Tanker
2026-03-03,WTI,REF_004,60.64,6.64,67.28,61631,USD,Tanker
2026-03-10,WTI,REF_004,59.78,6.65,66.43,12625,USD,Tanker
2026-03-17,WTI,REF_004,57.04,5.6,62.65,93635,USD,Tanker
2026-03-24,WTI,REF_004,59.57,5.72,65.29,86836,USD,Tanker
2026-03-31,WTI,REF_004,61.95,5.87,67.82,62509,USD,Tanker
2026-04-07,WTI,REF_004,60.28,6.54,66.82,60956,USD,Tanker
2024-04-09,WTI,REF_005,72.41,2.22,74.63,41919,USD,Pipeline
2024-04-16,WTI,REF_005,69.96,2.09,72.04,31908,USD,Pipeline
2024-04-23,WTI,REF_005,69.26,2.4,71.67,15644,USD,Pipeline
2024-04-30,WTI,REF_005,71.88,2.04,73.93,32204,USD,Pipeline
2024-05-07,WTI,REF_005,69.79,2.14,71.93,25949,USD,Pipeline
2024-05-14,WTI,REF_005,70.68,2.34,73.02,91826,USD,Pipeline
2024-05-21,WTI,REF_005,72.81,1.99,74.8,77172,USD,Pipeline
2024-05-28,WTI,REF_005,69.98,2.37,72.36,16982,USD,Pipeline
2024-06-04,WTI,REF_005,66.45,2.41,68.86,39226,USD,Pipeline
2024-06-11,WTI,REF_005,65.22,2.25,67.47,10815,USD,Pipeline
2024-06-18,WTI,REF_005,68.42,2.16,70.58,12850,USD,Pipeline
2024-06-25,WTI,REF_005,69.34,2.39,71.73,42946,USD,Pipeline
2024-07-02,WTI,REF_005,72.04,2.28,74.32,39283,USD,Pipeline
2024-07-09,WTI,REF_005,71.75,2.23,73.98,18456,USD,Pipeline
2024-07-16,WTI,REF_005,66.41,2.32,68.73,81999,USD,Pipeline
2024-07-23,WTI,REF_005,65.0,2.37,67.38,87151,USD,Pipeline
2024-07-30,WTI,REF_005,62.95,2.2,65.15,48740,USD,Pipeline
2024-08-06,WTI,REF_005,63.65,2.31,65.97,34721,USD,Pipeline
2024-08-13,WTI,REF_005,63.0,2.2,65.21,94991,USD,Pipeline
2024-08-20,WTI,REF_005,63.87,2.14,66.01,75516,USD,Pipeline
2024-08-27,WTI,REF_005,64.23,2.33,66.56,83311,USD,Pipeline
2024-09-03,WTI,REF_005,60.04,2.36,62.4,18959,USD,Pipeline
2024-09-10,WTI,REF_005,59.18,2.14,61.31,82557,USD,Pipeline
2024-09-17,WTI,REF_005,57.95,2.13,60.08,84337,USD,Pipeline
2024-09-24,WTI,REF_005,58.84,2.41,61.25,13691,USD,Pipeline
2024-10-01,WTI,REF_005,56.23,2.39,58.62,24835,USD,Pipeline
2024-10-08,WTI,REF_005,55.07,2.24,57.31,65350,USD,Pipeline
2024-10-15,WTI,REF_005,55.28,2.35,57.63,47448,USD,Pipeline
2024-10-22,WTI,REF_005,54.84,2.03,56.87,44808,USD,Pipeline
2024-10-29,WTI,REF_005,56.26,2.12,58.38,50178,USD,Pipeline
2024-11-05,WTI,REF_005,55.23,2.38,57.61,68720,USD,Pipeline
2024-11-12,WTI,REF_005,52.84,2.08,54.91,14758,USD,Pipeline
2024-11-19,WTI,REF_005,51.96,2.15,54.11,86363,USD,Pipeline
2024-11-26,WTI,REF_005,49.21,2.25,51.46,85823,USD,Pipeline
2024-12-03,WTI,REF_005,52.95,2.21,55.16,39414,USD,Pipeline
2024-12-10,WTI,REF_005,52.54,2.35,54.89,90318,USD,Pipeline
2024-12-17,WTI,REF_005,50.61,2.24,52.84,83474,USD,Pipeline
2024-12-24,WTI,REF_005,48.64,2.22,50.86,15404,USD,Pipeline
2024-12-31,WTI,REF_005,48.7,2.31,51.01,79745,USD,Pipeline
2025-01-07,WTI,REF_005,44.92,2.32,47.24,18534,USD,Pipeline
2025-01-14,WTI,REF_005,42.47,2.13,44.59,84484,USD,Pipeline
2025-01-21,WTI,REF_005,46.28,2.15,48.43,26426,USD,Pipeline
2025-01-28,WTI,REF_005,44.75,2.12,46.87,50000,USD,Pipeline
2025-02-04,WTI,REF_005,45.57,2.05,47.63,35859,USD,Pipeline
2025-02-11,WTI,REF_005,47.21,2.36,49.57,22680,USD,Pipeline
2025-02-18,WTI,REF_005,51.25,2.37,53.62,16805,USD,Pipeline
2025-02-25,WTI,REF_005,49.64,2.39,52.03,13740,USD,Pipeline
2025-03-04,WTI,REF_005,50.98,2.24,53.22,11154,USD,Pipeline
2025-03-11,WTI,REF_005,52.64,2.38,55.02,42347,USD,Pipeline
2025-03-18,WTI,REF_005,53.86,2.23,56.09,76017,USD,Pipeline
2025-03-25,WTI,REF_005,54.91,2.36,57.27,90787,USD,Pipeline
2025-04-01,WTI,REF_005,56.09,2.28,58.37,25657,USD,Pipeline
2025-04-08,WTI,REF_005,55.82,2.01,57.83,66347,USD,Pipeline
2025-04-15,WTI,REF_005,58.33,2.31,60.64,51207,USD,Pipeline
2025-04-22,WTI,REF_005,64.33,2.1,66.43,43658,USD,Pipeline
2025-04-29,WTI,REF_005,65.13,2.35,67.48,12692,USD,Pipeline
2025-05-06,WTI,REF_005,64.18,2.08,66.25,43560,USD,Pipeline
2025-05-13,WTI,REF_005,64.29,2.07,66.36,86366,USD,Pipeline
2025-05-20,WTI,REF_005,63.79,1.99,65.79,76315,USD,Pipeline
2025-05-27,WTI,REF_005,64.52,2.22,66.74,54855,USD,Pipeline
2025-06-03,WTI,REF_005,65.67,2.32,67.99,82300,USD,Pipeline
2025-06-10,WTI,REF_005,62.82,2.33,65.15,61509,USD,Pipeline
2025-06-17,WTI,REF_005,63.71,2.15,65.85,22162,USD,Pipeline
2025-06-24,WTI,REF_005,61.79,2.11,63.9,77830,USD,Pipeline
2025-07-01,WTI,REF_005,59.54,2.01,61.55,56055,USD,Pipeline
2025-07-08,WTI,REF_005,64.87,2.2,67.08,49858,USD,Pipeline
2025-07-15,WTI,REF_005,63.27,2.4,65.67,37551,USD,Pipeline
2025-07-22,WTI,REF_005,63.23,2.28,65.5,42308,USD,Pipeline
2025-07-29,WTI,REF_005,65.62,2.17,67.8,65428,USD,Pipeline
2025-08-05,WTI,REF_005,63.79,2.11,65.9,33891,USD,Pipeline
2025-08-12,WTI,REF_005,62.53,2.02,64.55,17002,USD,Pipeline
2025-08-19,WTI,REF_005,60.62,2.37,62.99,35188,USD,Pipeline
2025-08-26,WTI,REF_005,60.03,2.27,62.3,68314,USD,Pipeline
2025-09-02,WTI,REF_005,66.41,2.15,68.56,22008,USD,Pipeline
2025-09-09,WTI,REF_005,65.46,2.24,67.7,65282,USD,Pipeline
2025-09-16,WTI,REF_005,63.29,2.4,65.69,37469,USD,Pipeline
2025-09-23,WTI,REF_005,63.48,2.02,65.49,24905,USD,Pipeline
2025-09-30,WTI,REF_005,61.52,2.23,63.75,93202,USD,Pipeline
2025-10-07,WTI,REF_005,60.47,2.18,62.66,95814,USD,Pipeline
2025-10-14,WTI,REF_005,58.16,2.31,60.47,39893,USD,Pipeline
2025-10-21,WTI,REF_005,58.44,2.16,60.6,65511,USD,Pipeline
2025-10-28,WTI,REF_005,54.92,2.22,57.15,13038,USD,Pipeline
2025-11-04,WTI,REF_005,52.59,2.26,54.85,66286,USD,Pipeline
2025-11-11,WTI,REF_005,52.28,2.32,54.6,73884,USD,Pipeline
2025-11-18,WTI,REF_005,54.52,2.35,56.87,90591,USD,Pipeline
2025-11-25,WTI,REF_005,56.39,1.99,58.38,69959,USD,Pipeline
2025-12-02,WTI,REF_005,56.78,2.1,58.88,26565,USD,Pipeline
2025-12-09,WTI,REF_005,56.09,2.08,58.17,97492,USD,Pipeline
2025-12-16,WTI,REF_005,52.09,2.31,54.41,11625,USD,Pipeline
2025-12-23,WTI,REF_005,53.54,2.27,55.82,96083,USD,Pipeline
2025-12-30,WTI,REF_005,52.82,2.05,54.87,84383,USD,Pipeline
2026-01-06,WTI,REF_005,53.63,2.01,55.64,99577,USD,Pipeline
2026-01-13,WTI,REF_005,55.19,2.35,57.54,72763,USD,Pipeline
2026-01-20,WTI,REF_005,55.07,2.08,57.15,17708,USD,Pipeline
2026-01-27,WTI,REF_005,52.91,2.35,55.27,16038,USD,Pipeline
2026-02-03,WTI,REF_005,53.99,2.22,56.21,47984,USD,Pipeline
2026-02-10,WTI,REF_005,55.89,2.3,58.2,70731,USD,Pipeline
2026-02-17,WTI,REF_005,57.53,2.43,59.96,76246,USD,Pipeline
2026-02-24,WTI,REF_005,57.35,2.43,59.78,65301,USD,Pipeline
2026-03-03,WTI,REF_005,58.64,2.39,61.03,18183,USD,Pipeline
2026-03-10,WTI,REF_005,60.49,2.0,62.49,35811,USD,Pipeline
2026-03-17,WTI,REF_005,59.16,2.26,61.41,30452,USD,Pipeline
2026-03-24,WTI,REF_005,60.68,2.43,63.11,62589,USD,Pipeline
2026-03-31,WTI,REF_005,62.94,2.33,65.27,16707,USD,Pipeline
2026-04-07,WTI,REF_005,63.13,2.42,65.56,34191,USD,Pipeline
2024-04-09,Brent,REF_001,73.93,4.94,78.87,33529,USD,Rail
2024-04-16,Brent,REF_001,72.07,5.28,77.35,29475,USD,Rail
2024-04-23,Brent,REF_001,69.21,5.34,74.55,21998,USD,Rail
2024-04-30,Brent,REF_001,69.41,5.42,74.83,36850,USD,Rail
2024-05-07,Brent,REF_001,71.17,4.86,76.03,95256,USD,Rail
2024-05-14,Brent,REF_001,69.36,5.7,75.06,40246,USD,Rail
2024-05-21,Brent,REF_001,63.87,4.78,68.66,62822,USD,Rail
2024-05-28,Brent,REF_001,66.87,5.67,72.54,37690,USD,Rail
2024-06-04,Brent,REF_001,67.47,5.43,72.9,49105,USD,Rail
2024-06-11,Brent,REF_001,66.38,5.2,71.58,16946,USD,Rail
2024-06-18,Brent,REF_001,67.3,5.26,72.57,25207,USD,Rail
2024-06-25,Brent,REF_001,67.43,5.23,72.66,97509,USD,Rail
2024-07-02,Brent,REF_001,68.53,5.2,73.73,70905,USD,Rail
2024-07-09,Brent,REF_001,68.61,4.79,73.4,80221,USD,Rail
2024-07-16,Brent,REF_001,68.44,5.59,74.03,38392,USD,Rail
2024-07-23,Brent,REF_001,68.34,5.27,73.62,46988,USD,Rail
2024-07-30,Brent,REF_001,70.45,5.17,75.62,91744,USD,Rail
2024-08-06,Brent,REF_001,70.3,5.21,75.51,20455,USD,Rail
2024-08-13,Brent,REF_001,71.58,5.02,76.59,56191,USD,Rail
2024-08-20,Brent,REF_001,72.27,5.39,77.66,68496,USD,Rail
2024-08-27,Brent,REF_001,69.57,5.14,74.71,79238,USD,Rail
2024-09-03,Brent,REF_001,68.9,4.96,73.86,64326,USD,Rail
2024-09-10,Brent,REF_001,64.94,5.14,70.08,29540,USD,Rail
2024-09-17,Brent,REF_001,62.73,5.63,68.36,56975,USD,Rail
2024-09-24,Brent,REF_001,60.81,5.36,66.17,94126,USD,Rail
2024-10-01,Brent,REF_001,63.1,4.85,67.96,34564,USD,Rail
2024-10-08,Brent,REF_001,63.36,4.88,68.24,68807,USD,Rail
2024-10-15,Brent,REF_001,64.06,4.94,68.99,32992,USD,Rail
2024-10-22,Brent,REF_001,63.2,4.97,68.17,77174,USD,Rail
2024-10-29,Brent,REF_001,62.64,5.38,68.02,65669,USD,Rail
2024-11-05,Brent,REF_001,61.7,5.04,66.74,87655,USD,Rail
2024-11-12,Brent,REF_001,62.39,4.96,67.35,57445,USD,Rail
2024-11-19,Brent,REF_001,60.57,5.08,65.65,98176,USD,Rail
2024-11-26,Brent,REF_001,61.45,4.94,66.39,79114,USD,Rail
2024-12-03,Brent,REF_001,61.42,5.42,66.85,86288,USD,Rail
2024-12-10,Brent,REF_001,63.6,5.37,68.97,98654,USD,Rail
2024-12-17,Brent,REF_001,65.92,4.92,70.83,12710,USD,Rail
2024-12-24,Brent,REF_001,64.01,5.38,69.4,38771,USD,Rail
2024-12-31,Brent,REF_001,65.05,4.72,69.77,79279,USD,Rail
2025-01-07,Brent,REF_001,63.34,5.63,68.97,65965,USD,Rail
2025-01-14,Brent,REF_001,62.58,5.59,68.17,71384,USD,Rail
2025-01-21,Brent,REF_001,62.61,4.73,67.34,24477,USD,Rail
2025-01-28,Brent,REF_001,63.09,5.29,68.38,41295,USD,Rail
2025-02-04,Brent,REF_001,62.51,5.17,67.68,56636,USD,Rail
2025-02-11,Brent,REF_001,61.65,5.65,67.3,18161,USD,Rail
2025-02-18,Brent,REF_001,61.84,4.8,66.64,71902,USD,Rail
2025-02-25,Brent,REF_001,57.36,5.21,62.58,51356,USD,Rail
2025-03-04,Brent,REF_001,54.78,5.03,59.81,24642,USD,Rail
2025-03-11,Brent,REF_001,56.68,5.22,61.9,43516,USD,Rail
2025-03-18,Brent,REF_001,55.53,4.7,60.23,27401,USD,Rail
2025-03-25,Brent,REF_001,54.8,4.94,59.73,53689,USD,Rail
2025-04-01,Brent,REF_001,56.18,5.17,61.35,66142,USD,Rail
2025-04-08,Brent,REF_001,55.05,4.89,59.95,47451,USD,Rail
2025-04-15,Brent,REF_001,51.83,5.03,56.85,82668,USD,Rail
2025-04-22,Brent,REF_001,53.58,5.55,59.13,57964,USD,Rail
2025-04-29,Brent,REF_001,54.16,4.74,58.9,60352,USD,Rail
2025-05-06,Brent,REF_001,55.13,5.4,60.53,58679,USD,Rail
2025-05-13,Brent,REF_001,54.09,4.75,58.84,67025,USD,Rail
2025-05-20,Brent,REF_001,55.82,5.44,61.26,78872,USD,Rail
2025-05-27,Brent,REF_001,56.99,5.2,62.19,74359,USD,Rail
2025-06-03,Brent,REF_001,60.48,4.74,65.22,84897,USD,Rail
2025-06-10,Brent,REF_001,60.27,5.18,65.45,79941,USD,Rail
2025-06-17,Brent,REF_001,57.42,4.88,62.29,36977,USD,Rail
2025-06-24,Brent,REF_001,55.53,4.99,60.52,65928,USD,Rail
2025-07-01,Brent,REF_001,59.05,4.77,63.82,81080,USD,Rail
2025-07-08,Brent,REF_001,56.16,5.1,61.26,21796,USD,Rail
2025-07-15,Brent,REF_001,56.4,5.32,61.72,70237,USD,Rail
2025-07-22,Brent,REF_001,52.98,5.56,58.54,61846,USD,Rail
2025-07-29,Brent,REF_001,50.96,5.37,56.33,21476,USD,Rail
2025-08-05,Brent,REF_001,50.05,5.06,55.11,93646,USD,Rail
2025-08-12,Brent,REF_001,53.55,4.73,58.28,27604,USD,Rail
2025-08-19,Brent,REF_001,50.56,5.21,55.77,46081,USD,Rail
2025-08-26,Brent,REF_001,48.44,5.5,53.94,79120,USD,Rail
2025-09-02,Brent,REF_001,47.21,5.1,52.31,74841,USD,Rail
2025-09-09,Brent,REF_001,49.77,4.81,54.58,86672,USD,Rail
2025-09-16,Brent,REF_001,52.13,5.5,57.64,43694,USD,Rail
2025-09-23,Brent,REF_001,52.41,4.78,57.2,92874,USD,Rail
2025-09-30,Brent,REF_001,50.0,5.62,55.62,92561,USD,Rail
2025-10-07,Brent,REF_001,47.03,4.95,51.98,18006,USD,Rail
2025-10-14,Brent,REF_001,43.74,4.95,48.69,42110,USD,Rail
2025-10-21,Brent,REF_001,44.72,4.95,49.68,87259,USD,Rail
2025-10-28,Brent,REF_001,46.84,5.57,52.41,49150,USD,Rail
2025-11-04,Brent,REF_001,47.76,5.17,52.93,98003,USD,Rail
2025-11-11,Brent,REF_001,48.78,5.28,54.07,51503,USD,Rail
2025-11-18,Brent,REF_001,49.87,5.61,55.48,82410,USD,Rail
2025-11-25,Brent,REF_001,46.36,4.83,51.19,59743,USD,Rail
2025-12-02,Brent,REF_001,46.61,4.99,51.6,33779,USD,Rail
2025-12-09,Brent,REF_001,46.02,5.6,51.62,29240,USD,Rail
2025-12-16,Brent,REF_001,46.45,5.47,51.92,84069,USD,Rail
2025-12-23,Brent,REF_001,47.18,5.03,52.21,98729,USD,Rail
2025-12-30,Brent,REF_001,47.75,4.97,52.72,94086,USD,Rail
2026-01-06,Brent,REF_001,46.43,5.49,51.92,80866,USD,Rail
2026-01-13,Brent,REF_001,46.24,4.88,51.13,84116,USD,Rail
2026-01-20,Brent,REF_001,45.81,5.52,51.33,36119,USD,Rail
2026-01-27,Brent,REF_001,45.38,4.76,50.14,96070,USD,Rail
2026-02-03,Brent,REF_001,41.7,5.2,46.91,70340,USD,Rail
2026-02-10,Brent,REF_001,45.75,5.57,51.32,70532,USD,Rail
2026-02-17,Brent,REF_001,44.23,5.08,49.31,62632,USD,Rail
2026-02-24,Brent,REF_001,45.37,5.32,50.69,34362,USD,Rail
2026-03-03,Brent,REF_001,44.83,5.46,50.29,13289,USD,Rail
2026-03-10,Brent,REF_001,44.05,5.71,49.76,98895,USD,Rail
2026-03-17,Brent,REF_001,43.4,4.89,48.29,46721,USD,Rail
2026-03-24,Brent,REF_001,41.15,5.23,46.38,84045,USD,Rail
2026-03-31,Brent,REF_001,41.36,5.18,46.54,59558,USD,Rail
2026-04-07,Brent,REF_001,42.69,4.7,47.39,76391,USD,Rail
2024-04-09,Brent,REF_002,77.06,1.97,79.03,44928,USD,Pipeline
2024-04-16,Brent,REF_002,74.92,1.85,76.77,89023,USD,Pipeline
2024-04-23,Brent,REF_002,77.23,1.97,79.2,16770,USD,Pipeline
2024-04-30,Brent,REF_002,79.18,1.75,80.94,48625,USD,Pipeline
2024-05-07,Brent,REF_002,79.27,2.07,81.34,18689,USD,Pipeline
2024-05-14,Brent,REF_002,80.81,2.01,82.82,32080,USD,Pipeline
2024-05-21,Brent,REF_002,77.09,2.0,79.1,46080,USD,Pipeline
2024-05-28,Brent,REF_002,77.53,1.91,79.44,32081,USD,Pipeline
2024-06-04,Brent,REF_002,75.87,1.94,77.81,23049,USD,Pipeline
2024-06-11,Brent,REF_002,74.73,1.83,76.57,57741,USD,Pipeline
2024-06-18,Brent,REF_002,75.98,1.74,77.72,97590,USD,Pipeline
2024-06-25,Brent,REF_002,72.81,2.01,74.82,55343,USD,Pipeline
2024-07-02,Brent,REF_002,71.09,1.83,72.91,28782,USD,Pipeline
2024-07-09,Brent,REF_002,70.49,2.02,72.51,59329,USD,Pipeline
2024-07-16,Brent,REF_002,70.42,2.03,72.45,39108,USD,Pipeline
2024-07-23,Brent,REF_002,72.8,1.96,74.77,67546,USD,Pipeline
2024-07-30,Brent,REF_002,74.26,1.84,76.1,44655,USD,Pipeline
2024-08-06,Brent,REF_002,75.53,1.81,77.34,77305,USD,Pipeline
2024-08-13,Brent,REF_002,74.11,2.04,76.15,40582,USD,Pipeline
2024-08-20,Brent,REF_002,71.14,1.84,72.98,68606,USD,Pipeline
2024-08-27,Brent,REF_002,69.21,2.01,71.21,93390,USD,Pipeline
2024-09-03,Brent,REF_002,65.6,1.77,67.37,77032,USD,Pipeline
2024-09-10,Brent,REF_002,66.92,1.84,68.76,72447,USD,Pipeline
2024-09-17,Brent,REF_002,66.34,1.79,68.13,96215,USD,Pipeline
2024-09-24,Brent,REF_002,68.08,2.11,70.19,25593,USD,Pipeline
2024-10-01,Brent,REF_002,68.94,1.85,70.79,90266,USD,Pipeline
2024-10-08,Brent,REF_002,72.45,1.93,74.38,66440,USD,Pipeline
2024-10-15,Brent,REF_002,71.02,1.99,73.01,66812,USD,Pipeline
2024-10-22,Brent,REF_002,72.58,2.01,74.59,79842,USD,Pipeline
2024-10-29,Brent,REF_002,76.33,2.03,78.37,86816,USD,Pipeline
2024-11-05,Brent,REF_002,78.57,2.09,80.67,43072,USD,Pipeline
2024-11-12,Brent,REF_002,76.9,2.03,78.93,36231,USD,Pipeline
2024-11-19,Brent,REF_002,76.48,2.04,78.52,37641,USD,Pipeline
2024-11-26,Brent,REF_002,73.92,1.84,75.77,34990,USD,Pipeline
2024-12-03,Brent,REF_002,74.96,1.82,76.79,94141,USD,Pipeline
2024-12-10,Brent,REF_002,72.33,1.86,74.19,58815,USD,Pipeline
2024-12-17,Brent,REF_002,73.28,1.89,75.17,60732,USD,Pipeline
2024-12-24,Brent,REF_002,73.09,2.02,75.12,25416,USD,Pipeline
2024-12-31,Brent,REF_002,72.99,1.94,74.94,35835,USD,Pipeline
2025-01-07,Brent,REF_002,72.0,1.91,73.9,65364,USD,Pipeline
2025-01-14,Brent,REF_002,72.15,1.9,74.05,12027,USD,Pipeline
2025-01-21,Brent,REF_002,72.85,1.85,74.7,42263,USD,Pipeline
2025-01-28,Brent,REF_002,75.86,2.03,77.89,86075,USD,Pipeline
2025-02-04,Brent,REF_002,75.61,1.84,77.45,41181,USD,Pipeline
2025-02-11,Brent,REF_002,74.38,1.85,76.23,23745,USD,Pipeline
2025-02-18,Brent,REF_002,74.82,2.1,76.93,39214,USD,Pipeline
2025-02-25,Brent,REF_002,70.8,1.91,72.72,99875,USD,Pipeline
2025-03-04,Brent,REF_002,70.73,1.84,72.57,35435,USD,Pipeline
2025-03-11,Brent,REF_002,68.54,2.02,70.56,44140,USD,Pipeline
2025-03-18,Brent,REF_002,67.69,1.95,69.65,69517,USD,Pipeline
2025-03-25,Brent,REF_002,67.89,1.94,69.83,17456,USD,Pipeline
2025-04-01,Brent,REF_002,67.25,1.78,69.03,49671,USD,Pipeline
2025-04-08,Brent,REF_002,65.67,1.98,67.65,23898,USD,Pipeline
2025-04-15,Brent,REF_002,61.78,1.99,63.77,83631,USD,Pipeline
2025-04-22,Brent,REF_002,60.77,1.97,62.74,26881,USD,Pipeline
2025-04-29,Brent,REF_002,57.45,1.78,59.23,75595,USD,Pipeline
2025-05-06,Brent,REF_002,56.63,1.92,58.56,34287,USD,Pipeline
2025-05-13,Brent,REF_002,60.49,1.86,62.34,38807,USD,Pipeline
2025-05-20,Brent,REF_002,61.32,2.01,63.33,63164,USD,Pipeline
2025-05-27,Brent,REF_002,64.71,1.94,66.65,38852,USD,Pipeline
2025-06-03,Brent,REF_002,66.52,1.95,68.48,57200,USD,Pipeline
2025-06-10,Brent,REF_002,66.04,1.75,67.79,70380,USD,Pipeline
2025-06-17,Brent,REF_002,68.31,1.77,70.07,37040,USD,Pipeline
2025-06-24,Brent,REF_002,70.52,1.87,72.4,84384,USD,Pipeline
2025-07-01,Brent,REF_002,70.42,1.94,72.36,10660,USD,Pipeline
2025-07-08,Brent,REF_002,71.03,1.73,72.76,16705,USD,Pipeline
2025-07-15,Brent,REF_002,69.37,2.02,71.4,48868,USD,Pipeline
2025-07-22,Brent,REF_002,70.5,2.06,72.56,88328,USD,Pipeline
2025-07-29,Brent,REF_002,70.74,2.03,72.77,69572,USD,Pipeline
2025-08-05,Brent,REF_002,72.79,1.8,74.6,44336,USD,Pipeline
2025-08-12,Brent,REF_002,71.0,1.83,72.83,39593,USD,Pipeline
2025-08-19,Brent,REF_002,69.05,2.09,71.14,49018,USD,Pipeline
2025-08-26,Brent,REF_002,66.47,2.07,68.54,96163,USD,Pipeline
2025-09-02,Brent,REF_002,65.12,1.86,66.98,65498,USD,Pipeline
2025-09-09,Brent,REF_002,65.12,1.91,67.03,57492,USD,Pipeline
2025-09-16,Brent,REF_002,66.3,1.74,68.04,37010,USD,Pipeline
2025-09-23,Brent,REF_002,63.67,1.89,65.56,54101,USD,Pipeline
2025-09-30,Brent,REF_002,64.25,1.79,66.04,39635,USD,Pipeline
2025-10-07,Brent,REF_002,60.95,1.87,62.82,34861,USD,Pipeline
2025-10-14,Brent,REF_002,60.19,1.97,62.16,62074,USD,Pipeline
2025-10-21,Brent,REF_002,58.39,1.8,60.19,19974,USD,Pipeline
2025-10-28,Brent,REF_002,58.62,1.76,60.37,32214,USD,Pipeline
2025-11-04,Brent,REF_002,59.86,2.0,61.86,28120,USD,Pipeline
2025-11-11,Brent,REF_002,58.17,1.79,59.97,23040,USD,Pipeline
2025-11-18,Brent,REF_002,55.83,1.74,57.57,61108,USD,Pipeline
2025-11-25,Brent,REF_002,53.79,2.08,55.86,58497,USD,Pipeline
2025-12-02,Brent,REF_002,54.08,1.92,56.0,91623,USD,Pipeline
2025-12-09,Brent,REF_002,52.78,1.87,54.65,77678,USD,Pipeline
2025-12-16,Brent,REF_002,52.55,2.1,54.65,73288,USD,Pipeline
2025-12-23,Brent,REF_002,51.87,2.09,53.96,54626,USD,Pipeline
2025-12-30,Brent,REF_002,52.69,1.91,54.6,62040,USD,Pipeline
2026-01-06,Brent,REF_002,57.58,1.75,59.32,26711,USD,Pipeline
2026-01-13,Brent,REF_002,56.52,1.9,58.42,76574,USD,Pipeline
2026-01-20,Brent,REF_002,53.95,1.79,55.74,61290,USD,Pipeline
2026-01-27,Brent,REF_002,54.19,1.97,56.16,62420,USD,Pipeline
2026-02-03,Brent,REF_002,50.66,1.81,52.47,73850,USD,Pipeline
2026-02-10,Brent,REF_002,51.77,1.97,53.74,74829,USD,Pipeline
2026-02-17,Brent,REF_002,52.16,2.04,54.2,19540,USD,Pipeline
2026-02-24,Brent,REF_002,50.01,2.05,52.06,53216,USD,Pipeline
2026-03-03,Brent,REF_002,52.34,1.95,54.29,33430,USD,Pipeline
2026-03-10,Brent,REF_002,51.75,2.02,53.77,24696,USD,Pipeline
2026-03-17,Brent,REF_002,51.94,1.82,53.76,10081,USD,Pipeline
2026-03-24,Brent,REF_002,50.07,1.82,51.89,30718,USD,Pipeline
2026-03-31,Brent,REF_002,46.94,2.07,49.01,39380,USD,Pipeline
2026-04-07,Brent,REF_002,45.07,2.04,47.11,70996,USD,Pipeline
2024-04-09,Brent,REF_003,76.58,6.7,83.28,61580,USD,Tanker
2024-04-16,Brent,REF_003,75.47,7.35,82.82,55907,USD,Tanker
2024-04-23,Brent,REF_003,78.11,7.04,85.15,77961,USD,Tanker
2024-04-30,Brent,REF_003,75.43,7.34,82.77,38214,USD,Tanker
2024-05-07,Brent,REF_003,73.93,6.24,80.17,54618,USD,Tanker
2024-05-14,Brent,REF_003,72.83,6.76,79.58,42538,USD,Tanker
2024-05-21,Brent,REF_003,74.47,6.12,80.59,22381,USD,Tanker
2024-05-28,Brent,REF_003,76.35,6.67,83.02,39841,USD,Tanker
2024-06-04,Brent,REF_003,78.62,6.64,85.27,64131,USD,Tanker
2024-06-11,Brent,REF_003,79.5,7.1,86.6,84842,USD,Tanker
2024-06-18,Brent,REF_003,81.39,6.1,87.5,75176,USD,Tanker
2024-06-25,Brent,REF_003,81.39,6.82,88.21,19538,USD,Tanker
2024-07-02,Brent,REF_003,81.76,6.55,88.31,65125,USD,Tanker
2024-07-09,Brent,REF_003,81.07,6.56,87.62,83159,USD,Tanker
2024-07-16,Brent,REF_003,79.48,6.82,86.3,59900,USD,Tanker
2024-07-23,Brent,REF_003,77.54,6.7,84.24,83520,USD,Tanker
2024-07-30,Brent,REF_003,75.28,6.52,81.8,38934,USD,Tanker
2024-08-06,Brent,REF_003,77.65,6.77,84.42,21554,USD,Tanker
2024-08-13,Brent,REF_003,78.13,7.33,85.46,52397,USD,Tanker
2024-08-20,Brent,REF_003,76.39,7.15,83.54,23647,USD,Tanker
2024-08-27,Brent,REF_003,74.93,7.26,82.19,12872,USD,Tanker
2024-09-03,Brent,REF_003,72.38,7.23,79.61,43935,USD,Tanker
2024-09-10,Brent,REF_003,73.99,6.67,80.66,23099,USD,Tanker
2024-09-17,Brent,REF_003,72.94,6.1,79.04,75776,USD,Tanker
2024-09-24,Brent,REF_003,77.46,6.26,83.73,57352,USD,Tanker
2024-10-01,Brent,REF_003,73.75,6.4,80.15,38021,USD,Tanker
2024-10-08,Brent,REF_003,74.47,6.63,81.1,94084,USD,Tanker
2024-10-15,Brent,REF_003,74.84,6.2,81.05,14093,USD,Tanker
2024-10-22,Brent,REF_003,74.98,6.17,81.14,87328,USD,Tanker
2024-10-29,Brent,REF_003,74.52,6.68,81.2,48469,USD,Tanker
2024-11-05,Brent,REF_003,76.97,7.37,84.33,33567,USD,Tanker
2024-11-12,Brent,REF_003,75.8,6.44,82.24,63852,USD,Tanker
2024-11-19,Brent,REF_003,76.45,6.9,83.35,59825,USD,Tanker
2024-11-26,Brent,REF_003,77.14,7.05,84.19,71284,USD,Tanker
2024-12-03,Brent,REF_003,76.12,6.26,82.38,29877,USD,Tanker
2024-12-10,Brent,REF_003,76.05,6.65,82.7,88528,USD,Tanker
2024-12-17,Brent,REF_003,77.81,6.49,84.3,84348,USD,Tanker
2024-12-24,Brent,REF_003,81.94,6.58,88.52,92472,USD,Tanker
2024-12-31,Brent,REF_003,79.95,6.23,86.19,29544,USD,Tanker
2025-01-07,Brent,REF_003,78.65,6.7,85.35,20515,USD,Tanker
2025-01-14,Brent,REF_003,77.03,6.14,83.18,60934,USD,Tanker
2025-01-21,Brent,REF_003,72.76,6.32,79.08,20563,USD,Tanker
2025-01-28,Brent,REF_003,72.81,7.29,80.11,49104,USD,Tanker
2025-02-04,Brent,REF_003,72.56,6.92,79.48,61074,USD,Tanker
2025-02-11,Brent,REF_003,73.21,6.31,79.52,54442,USD,Tanker
2025-02-18,Brent,REF_003,76.06,6.5,82.56,31861,USD,Tanker
2025-02-25,Brent,REF_003,69.25,6.64,75.89,93048,USD,Tanker
2025-03-04,Brent,REF_003,66.99,6.35,73.34,93350,USD,Tanker
2025-03-11,Brent,REF_003,71.99,6.98,78.97,98972,USD,Tanker
2025-03-18,Brent,REF_003,71.23,6.54,77.77,39896,USD,Tanker
2025-03-25,Brent,REF_003,68.96,6.13,75.09,58422,USD,Tanker
2025-04-01,Brent,REF_003,67.92,7.28,75.2,28126,USD,Tanker
2025-04-08,Brent,REF_003,68.17,6.29,74.46,26219,USD,Tanker
2025-04-15,Brent,REF_003,66.58,7.2,73.79,71199,USD,Tanker
2025-04-22,Brent,REF_003,66.28,6.73,73.01,55055,USD,Tanker
2025-04-29,Brent,REF_003,69.47,7.38,76.85,59814,USD,Tanker
2025-05-06,Brent,REF_003,68.08,6.85,74.93,57007,USD,Tanker
2025-05-13,Brent,REF_003,68.56,7.27,75.83,62598,USD,Tanker
2025-05-20,Brent,REF_003,70.01,7.03,77.05,69008,USD,Tanker
2025-05-27,Brent,REF_003,67.82,6.66,74.48,88481,USD,Tanker
2025-06-03,Brent,REF_003,67.47,6.98,74.44,94918,USD,Tanker
2025-06-10,Brent,REF_003,67.01,7.09,74.11,21921,USD,Tanker
2025-06-17,Brent,REF_003,63.45,6.22,69.67,77751,USD,Tanker
2025-06-24,Brent,REF_003,62.96,6.18,69.14,66484,USD,Tanker
2025-07-01,Brent,REF_003,67.13,6.99,74.13,37046,USD,Tanker
2025-07-08,Brent,REF_003,67.15,6.75,73.9,36554,USD,Tanker
2025-07-15,Brent,REF_003,65.37,6.85,72.22,64770,USD,Tanker
2025-07-22,Brent,REF_003,64.36,6.71,71.07,28698,USD,Tanker
2025-07-29,Brent,REF_003,65.35,6.34,71.7,55490,USD,Tanker
2025-08-05,Brent,REF_003,63.54,7.07,70.61,13051,USD,Tanker
2025-08-12,Brent,REF_003,62.14,7.11,69.25,90879,USD,Tanker
2025-08-19,Brent,REF_003,60.31,7.08,67.39,55181,USD,Tanker
2025-08-26,Brent,REF_003,61.53,6.95,68.48,45342,USD,Tanker
2025-09-02,Brent,REF_003,60.57,6.42,66.99,66061,USD,Tanker
2025-09-09,Brent,REF_003,63.74,7.16,70.9,57595,USD,Tanker
2025-09-16,Brent,REF_003,62.27,6.97,69.24,65446,USD,Tanker
2025-09-23,Brent,REF_003,64.64,6.32,70.97,76458,USD,Tanker
2025-09-30,Brent,REF_003,66.1,6.6,72.7,59156,USD,Tanker
2025-10-07,Brent,REF_003,68.52,6.68,75.2,10266,USD,Tanker
2025-10-14,Brent,REF_003,68.98,6.62,75.6,64638,USD,Tanker
2025-10-21,Brent,REF_003,70.42,6.18,76.6,19392,USD,Tanker
2025-10-28,Brent,REF_003,68.21,7.28,75.49,24025,USD,Tanker
2025-11-04,Brent,REF_003,68.1,6.8,74.9,62321,USD,Tanker
2025-11-11,Brent,REF_003,66.66,7.02,73.68,89716,USD,Tanker
2025-11-18,Brent,REF_003,66.6,6.21,72.81,75525,USD,Tanker
2025-11-25,Brent,REF_003,65.83,7.43,73.26,36824,USD,Tanker
2025-12-02,Brent,REF_003,66.57,6.51,73.07,61061,USD,Tanker
2025-12-09,Brent,REF_003,66.22,6.83,73.05,65527,USD,Tanker
2025-12-16,Brent,REF_003,68.86,7.16,76.02,68208,USD,Tanker
2025-12-23,Brent,REF_003,69.56,6.38,75.94,49236,USD,Tanker
2025-12-30,Brent,REF_003,67.24,7.26,74.5,21139,USD,Tanker
2026-01-06,Brent,REF_003,69.02,7.27,76.28,80104,USD,Tanker
2026-01-13,Brent,REF_003,65.02,6.66,71.69,54937,USD,Tanker
2026-01-20,Brent,REF_003,62.2,6.76,68.96,93412,USD,Tanker
2026-01-27,Brent,REF_003,62.47,6.92,69.38,79589,USD,Tanker
2026-02-03,Brent,REF_003,62.49,6.9,69.39,52483,USD,Tanker
2026-02-10,Brent,REF_003,62.4,7.01,69.4,87702,USD,Tanker
2026-02-17,Brent,REF_003,62.17,6.77,68.94,37131,USD,Tanker
2026-02-24,Brent,REF_003,62.57,6.66,69.23,54894,USD,Tanker
2026-03-03,Brent,REF_003,65.24,6.28,71.52,10693,USD,Tanker
2026-03-10,Brent,REF_003,65.82,6.13,71.95,90280,USD,Tanker
2026-03-17,Brent,REF_003,66.19,6.87,73.06,80259,USD,Tanker
2026-03-24,Brent,REF_003,64.81,6.51,71.32,41793,USD,Tanker
2026-03-31,Brent,REF_003,62.73,6.37,69.11,27780,USD,Tanker
2026-04-07,Brent,REF_003,61.82,6.29,68.1,79388,USD,Tanker
2024-04-09,Brent,REF_004,74.05,3.73,77.78,23514,USD,Tanker
2024-04-16,Brent,REF_004,72.1,3.4,75.5,70877,USD,Tanker
2024-04-23,Brent,REF_004,70.34,3.88,74.22,23322,USD,Tanker
2024-04-30,Brent,REF_004,70.77,3.25,74.02,37382,USD,Tanker
2024-05-07,Brent,REF_004,72.62,3.49,76.11,37192,USD,Tanker
2024-05-14,Brent,REF_004,72.99,3.86,76.85,15531,USD,Tanker
2024-05-21,Brent,REF_004,69.67,3.48,73.14,46971,USD,Tanker
2024-05-28,Brent,REF_004,69.31,3.59,72.9,50792,USD,Tanker
2024-06-04,Brent,REF_004,66.58,3.88,70.46,75024,USD,Tanker
2024-06-11,Brent,REF_004,65.94,3.54,69.48,95701,USD,Tanker
2024-06-18,Brent,REF_004,65.04,3.65,68.68,98231,USD,Tanker
2024-06-25,Brent,REF_004,65.48,3.36,68.84,81346,USD,Tanker
2024-07-02,Brent,REF_004,65.08,3.27,68.34,40652,USD,Tanker
2024-07-09,Brent,REF_004,62.42,3.76,66.18,14074,USD,Tanker
2024-07-16,Brent,REF_004,64.53,3.88,68.42,32081,USD,Tanker
2024-07-23,Brent,REF_004,61.61,3.33,64.94,28330,USD,Tanker
2024-07-30,Brent,REF_004,62.95,3.92,66.87,57123,USD,Tanker
2024-08-06,Brent,REF_004,60.4,3.4,63.8,77226,USD,Tanker
2024-08-13,Brent,REF_004,57.78,3.49,61.27,30802,USD,Tanker
2024-08-20,Brent,REF_004,58.73,3.86,62.59,40418,USD,Tanker
2024-08-27,Brent,REF_004,55.65,3.27,58.92,56130,USD,Tanker
2024-09-03,Brent,REF_004,55.06,3.83,58.88,41651,USD,Tanker
2024-09-10,Brent,REF_004,54.04,3.49,57.54,90489,USD,Tanker
2024-09-17,Brent,REF_004,53.32,3.47,56.79,64299,USD,Tanker
2024-09-24,Brent,REF_004,52.77,3.47,56.24,17918,USD,Tanker
2024-10-01,Brent,REF_004,54.32,3.46,57.78,77154,USD,Tanker
2024-10-08,Brent,REF_004,55.29,3.21,58.5,20527,USD,Tanker
2024-10-15,Brent,REF_004,56.78,3.73,60.51,94815,USD,Tanker
2024-10-22,Brent,REF_004,54.73,3.28,58.01,88931,USD,Tanker
2024-10-29,Brent,REF_004,56.19,3.28,59.47,23593,USD,Tanker
2024-11-05,Brent,REF_004,53.68,3.37,57.05,22803,USD,Tanker
2024-11-12,Brent,REF_004,54.47,3.88,58.35,21243,USD,Tanker
2024-11-19,Brent,REF_004,54.06,3.79,57.86,95499,USD,Tanker
2024-11-26,Brent,REF_004,55.06,3.58,58.64,79315,USD,Tanker
2024-12-03,Brent,REF_004,53.62,3.6,57.22,86541,USD,Tanker
2024-12-10,Brent,REF_004,50.74,3.65,54.39,11988,USD,Tanker
2024-12-17,Brent,REF_004,52.28,3.38,55.65,43113,USD,Tanker
2024-12-24,Brent,REF_004,51.46,3.48,54.94,23900,USD,Tanker
2024-12-31,Brent,REF_004,53.61,3.81,57.42,62280,USD,Tanker
2025-01-07,Brent,REF_004,52.59,3.69,56.28,58111,USD,Tanker
2025-01-14,Brent,REF_004,52.72,3.92,56.64,30504,USD,Tanker
2025-01-21,Brent,REF_004,52.41,3.91,56.32,99799,USD,Tanker
2025-01-28,Brent,REF_004,51.65,3.45,55.1,66682,USD,Tanker
2025-02-04,Brent,REF_004,55.63,3.81,59.44,13069,USD,Tanker
2025-02-11,Brent,REF_004,59.85,3.22,63.08,90016,USD,Tanker
2025-02-18,Brent,REF_004,60.85,3.88,64.73,65124,USD,Tanker
2025-02-25,Brent,REF_004,58.93,3.31,62.24,27325,USD,Tanker
2025-03-04,Brent,REF_004,59.32,3.49,62.81,88874,USD,Tanker
2025-03-11,Brent,REF_004,59.52,3.79,63.31,91159,USD,Tanker
2025-03-18,Brent,REF_004,60.18,3.72,63.89,69385,USD,Tanker
2025-03-25,Brent,REF_004,60.21,3.54,63.75,57043,USD,Tanker
2025-04-01,Brent,REF_004,59.45,3.51,62.97,91590,USD,Tanker
2025-04-08,Brent,REF_004,60.59,3.63,64.23,82150,USD,Tanker
2025-04-15,Brent,REF_004,60.67,3.47,64.15,43952,USD,Tanker
2025-04-22,Brent,REF_004,60.24,3.47,63.71,78359,USD,Tanker
2025-04-29,Brent,REF_004,61.46,3.58,65.04,42583,USD,Tanker
2025-05-06,Brent,REF_004,61.54,3.7,65.24,39204,USD,Tanker
2025-05-13,Brent,REF_004,61.83,3.28,65.11,19532,USD,Tanker
2025-05-20,Brent,REF_004,60.2,3.85,64.05,73348,USD,Tanker
2025-05-27,Brent,REF_004,60.81,3.37,64.18,35129,USD,Tanker
2025-06-03,Brent,REF_004,62.52,3.8,66.33,64092,USD,Tanker
2025-06-10,Brent,REF_004,63.63,3.32,66.94,83652,USD,Tanker
2025-06-17,Brent,REF_004,64.66,3.32,67.98,71592,USD,Tanker
2025-06-24,Brent,REF_004,65.56,3.89,69.45,33045,USD,Tanker
2025-07-01,Brent,REF_004,63.6,3.43,67.03,53674,USD,Tanker
2025-07-08,Brent,REF_004,65.37,3.84,69.21,13479,USD,Tanker
2025-07-15,Brent,REF_004,62.62,3.55,66.17,88793,USD,Tanker
2025-07-22,Brent,REF_004,59.99,3.22,63.2,59342,USD,Tanker
2025-07-29,Brent,REF_004,57.87,3.24,61.1,24781,USD,Tanker
2025-08-05,Brent,REF_004,59.39,3.35,62.74,79280,USD,Tanker
2025-08-12,Brent,REF_004,62.19,3.47,65.66,20181,USD,Tanker
2025-08-19,Brent,REF_004,63.68,3.78,67.46,22636,USD,Tanker
2025-08-26,Brent,REF_004,60.82,3.42,64.24,64167,USD,Tanker
2025-09-02,Brent,REF_004,59.41,3.32,62.74,50128,USD,Tanker
2025-09-09,Brent,REF_004,61.24,3.47,64.71,38682,USD,Tanker
2025-09-16,Brent,REF_004,61.93,3.47,65.4,55071,USD,Tanker
2025-09-23,Brent,REF_004,59.73,3.47,63.2,80004,USD,Tanker
2025-09-30,Brent,REF_004,58.08,3.39,61.47,86016,USD,Tanker
2025-10-07,Brent,REF_004,59.57,3.9,63.47,95661,USD,Tanker
2025-10-14,Brent,REF_004,56.46,3.52,59.98,16076,USD,Tanker
2025-10-21,Brent,REF_004,56.82,3.87,60.69,69885,USD,Tanker
2025-10-28,Brent,REF_004,57.47,3.92,61.38,52030,USD,Tanker
2025-11-04,Brent,REF_004,55.44,3.46,58.9,46071,USD,Tanker
2025-11-11,Brent,REF_004,52.2,3.84,56.04,63285,USD,Tanker
2025-11-18,Brent,REF_004,50.31,3.91,54.22,35266,USD,Tanker
2025-11-25,Brent,REF_004,52.33,3.32,55.65,80037,USD,Tanker
2025-12-02,Brent,REF_004,51.63,3.59,55.22,47271,USD,Tanker
2025-12-09,Brent,REF_004,53.86,3.42,57.27,83203,USD,Tanker
2025-12-16,Brent,REF_004,53.67,3.53,57.2,26214,USD,Tanker
2025-12-23,Brent,REF_004,56.93,3.66,60.59,93130,USD,Tanker
2025-12-30,Brent,REF_004,57.03,3.23,60.26,93725,USD,Tanker
2026-01-06,Brent,REF_004,60.66,3.43,64.09,36995,USD,Tanker
2026-01-13,Brent,REF_004,55.64,3.89,59.53,24850,USD,Tanker
2026-01-20,Brent,REF_004,53.48,3.7,57.18,19608,USD,Tanker
2026-01-27,Brent,REF_004,55.4,3.78,59.18,52203,USD,Tanker
2026-02-03,Brent,REF_004,53.47,3.77,57.24,94161,USD,Tanker
2026-02-10,Brent,REF_004,53.1,3.43,56.53,75380,USD,Tanker
2026-02-17,Brent,REF_004,54.13,3.67,57.81,45303,USD,Tanker
2026-02-24,Brent,REF_004,55.29,3.51,58.81,21890,USD,Tanker
2026-03-03,Brent,REF_004,52.64,3.66,56.3,72790,USD,Tanker
2026-03-10,Brent,REF_004,54.77,3.26,58.03,54631,USD,Tanker
2026-03-17,Brent,REF_004,53.9,3.89,57.79,27141,USD,Tanker
2026-03-24,Brent,REF_004,53.07,3.4,56.47,29938,USD,Tanker
2026-03-31,Brent,REF_004,50.82,3.88,54.71,41036,USD,Tanker
2026-04-07,Brent,REF_004,54.16,3.47,57.62,94165,USD,Tanker
2024-04-09,Brent,REF_005,74.27,7.11,81.38,89588,USD,Rail
2024-04-16,Brent,REF_005,73.59,7.27,80.87,21129,USD,Rail
2024-04-23,Brent,REF_005,74.01,8.06,82.07,24301,USD,Rail
2024-04-30,Brent,REF_005,74.8,7.08,81.87,47901,USD,Rail
2024-05-07,Brent,REF_005,76.05,7.6,83.66,95696,USD,Rail
2024-05-14,Brent,REF_005,78.59,7.96,86.55,76297,USD,Rail
2024-05-21,Brent,REF_005,76.4,7.13,83.54,93770,USD,Rail
2024-05-28,Brent,REF_005,76.44,7.3,83.74,88249,USD,Rail
2024-06-04,Brent,REF_005,76.8,8.05,84.85,66154,USD,Rail
2024-06-11,Brent,REF_005,77.47,8.48,85.95,96182,USD,Rail
2024-06-18,Brent,REF_005,78.6,7.58,86.17,27812,USD,Rail
2024-06-25,Brent,REF_005,79.36,7.34,86.69,63199,USD,Rail
2024-07-02,Brent,REF_005,79.17,7.17,86.34,84923,USD,Rail
2024-07-09,Brent,REF_005,79.71,8.02,87.73,20534,USD,Rail
2024-07-16,Brent,REF_005,83.83,8.39,92.22,40612,USD,Rail
2024-07-23,Brent,REF_005,84.19,8.16,92.35,23398,USD,Rail
2024-07-30,Brent,REF_005,83.29,7.99,91.27,53471,USD,Rail
2024-08-06,Brent,REF_005,83.65,7.85,91.51,35539,USD,Rail
2024-08-13,Brent,REF_005,84.63,7.76,92.39,32239,USD,Rail
2024-08-20,Brent,REF_005,86.4,7.5,93.9,11086,USD,Rail
2024-08-27,Brent,REF_005,89.77,8.58,98.35,14769,USD,Rail
2024-09-03,Brent,REF_005,92.09,8.01,100.1,62823,USD,Rail
2024-09-10,Brent,REF_005,92.4,8.16,100.56,37731,USD,Rail
2024-09-17,Brent,REF_005,90.9,7.05,97.95,33810,USD,Rail
2024-09-24,Brent,REF_005,90.5,8.31,98.81,65044,USD,Rail
2024-10-01,Brent,REF_005,90.06,7.07,97.13,82203,USD,Rail
2024-10-08,Brent,REF_005,87.89,7.76,95.65,34920,USD,Rail
2024-10-15,Brent,REF_005,90.73,7.54,98.27,78222,USD,Rail
2024-10-22,Brent,REF_005,89.69,8.55,98.24,68531,USD,Rail
2024-10-29,Brent,REF_005,91.25,8.36,99.61,46334,USD,Rail
2024-11-05,Brent,REF_005,89.11,8.01,97.12,32729,USD,Rail
2024-11-12,Brent,REF_005,86.63,8.34,94.97,18703,USD,Rail
2024-11-19,Brent,REF_005,86.29,7.13,93.41,58095,USD,Rail
2024-11-26,Brent,REF_005,87.85,7.36,95.21,80020,USD,Rail
2024-12-03,Brent,REF_005,88.16,8.05,96.21,76750,USD,Rail
2024-12-10,Brent,REF_005,87.79,7.59,95.38,72959,USD,Rail
2024-12-17,Brent,REF_005,85.4,7.97,93.36,97078,USD,Rail
2024-12-24,Brent,REF_005,85.23,8.12,93.36,43190,USD,Rail
2024-12-31,Brent,REF_005,82.97,8.48,91.45,86730,USD,Rail
2025-01-07,Brent,REF_005,83.53,7.78,91.31,43111,USD,Rail
2025-01-14,Brent,REF_005,85.46,7.23,92.68,95341,USD,Rail
2025-01-21,Brent,REF_005,87.08,7.06,94.14,44334,USD,Rail
2025-01-28,Brent,REF_005,85.81,7.93,93.74,38294,USD,Rail
2025-02-04,Brent,REF_005,81.9,7.22,89.12,81127,USD,Rail
2025-02-11,Brent,REF_005,82.79,7.57,90.36,97556,USD,Rail
2025-02-18,Brent,REF_005,84.43,8.01,92.44,60553,USD,Rail
2025-02-25,Brent,REF_005,85.42,7.71,93.13,17480,USD,Rail
2025-03-04,Brent,REF_005,83.75,7.35,91.1,20297,USD,Rail
2025-03-11,Brent,REF_005,86.23,7.16,93.39,52787,USD,Rail
2025-03-18,Brent,REF_005,81.51,7.88,89.39,15223,USD,Rail
2025-03-25,Brent,REF_005,82.09,7.87,89.96,59496,USD,Rail
2025-04-01,Brent,REF_005,81.54,8.31,89.85,77627,USD,Rail
2025-04-08,Brent,REF_005,82.21,8.47,90.68,92163,USD,Rail
2025-04-15,Brent,REF_005,80.85,7.48,88.32,85588,USD,Rail
2025-04-22,Brent,REF_005,79.89,7.53,87.42,83678,USD,Rail
2025-04-29,Brent,REF_005,82.3,8.36,90.66,71008,USD,Rail
2025-05-06,Brent,REF_005,81.27,8.57,89.84,75728,USD,Rail
2025-05-13,Brent,REF_005,79.99,7.81,87.8,78951,USD,Rail
2025-05-20,Brent,REF_005,83.66,8.22,91.87,85699,USD,Rail
2025-05-27,Brent,REF_005,83.38,7.37,90.74,49085,USD,Rail
2025-06-03,Brent,REF_005,79.95,8.05,88.01,54265,USD,Rail
2025-06-10,Brent,REF_005,78.69,7.97,86.66,90798,USD,Rail
2025-06-17,Brent,REF_005,75.87,7.7,83.57,61737,USD,Rail
2025-06-24,Brent,REF_005,74.89,8.27,83.16,75792,USD,Rail
2025-07-01,Brent,REF_005,72.65,8.24,80.88,24352,USD,Rail
2025-07-08,Brent,REF_005,76.41,7.67,84.08,60803,USD,Rail
2025-07-15,Brent,REF_005,75.64,8.23,83.86,55327,USD,Rail
2025-07-22,Brent,REF_005,72.43,7.61,80.04,26888,USD,Rail
2025-07-29,Brent,REF_005,74.68,8.59,83.27,64633,USD,Rail
2025-08-05,Brent,REF_005,73.76,7.4,81.16,74601,USD,Rail
2025-08-12,Brent,REF_005,72.93,7.82,80.74,58199,USD,Rail
2025-08-19,Brent,REF_005,75.09,8.21,83.29,17177,USD,Rail
2025-08-26,Brent,REF_005,76.94,8.34,85.28,25693,USD,Rail
2025-09-02,Brent,REF_005,74.42,8.33,82.75,78861,USD,Rail
2025-09-09,Brent,REF_005,75.66,7.31,82.97,59524,USD,Rail
2025-09-16,Brent,REF_005,74.07,7.27,81.34,43817,USD,Rail
2025-09-23,Brent,REF_005,75.14,8.47,83.61,16099,USD,Rail
2025-09-30,Brent,REF_005,77.41,7.58,84.99,14958,USD,Rail
2025-10-07,Brent,REF_005,76.36,8.03,84.39,96210,USD,Rail
2025-10-14,Brent,REF_005,78.92,7.06,85.98,69448,USD,Rail
2025-10-21,Brent,REF_005,79.56,7.27,86.84,72870,USD,Rail
2025-10-28,Brent,REF_005,76.67,7.95,84.62,70854,USD,Rail
2025-11-04,Brent,REF_005,77.4,8.45,85.85,89996,USD,Rail
2025-11-11,Brent,REF_005,79.76,8.17,87.93,76413,USD,Rail
2025-11-18,Brent,REF_005,80.03,7.28,87.31,26166,USD,Rail
2025-11-25,Brent,REF_005,79.01,7.69,86.7,38386,USD,Rail
2025-12-02,Brent,REF_005,77.88,7.11,84.99,75164,USD,Rail
2025-12-09,Brent,REF_005,76.4,8.27,84.67,11759,USD,Rail
2025-12-16,Brent,REF_005,76.06,7.91,83.97,78146,USD,Rail
2025-12-23,Brent,REF_005,78.28,7.12,85.4,31334,USD,Rail
2025-12-30,Brent,REF_005,74.46,8.08,82.53,81132,USD,Rail
2026-01-06,Brent,REF_005,75.88,7.88,83.76,67964,USD,Rail
2026-01-13,Brent,REF_005,75.52,7.31,82.84,89625,USD,Rail
2026-01-20,Brent,REF_005,73.27,7.99,81.26,87913,USD,Rail
2026-01-27,Brent,REF_005,72.55,7.66,80.21,10773,USD,Rail
2026-02-03,Brent,REF_005,72.99,7.18,80.18,91543,USD,Rail
2026-02-10,Brent,REF_005,75.03,8.25,83.28,57938,USD,Rail
2026-02-17,Brent,REF_005,78.61,7.6,86.22,68936,USD,Rail
2026-02-24,Brent,REF_005,77.69,7.27,84.96,22818,USD,Rail
2026-03-03,Brent,REF_005,79.09,8.37,87.45,54289,USD,Rail
2026-03-10,Brent,REF_005,78.4,7.95,86.35,66483,USD,Rail
2026-03-17,Brent,REF_005,81.32,7.99,89.31,41892,USD,Rail
2026-03-24,Brent,REF_005,79.48,7.48,86.96,98268,USD,Rail
2026-03-31,Brent,REF_005,77.82,8.34,86.17,82975,USD,Rail
2026-04-07,Brent,REF_005,76.73,7.41,84.14,86382,USD,Rail
2024-04-09,Dubai,REF_001,71.25,5.22,76.47,49001,USD,Tanker
2024-04-16,Dubai,REF_001,73.69,5.57,79.26,47705,USD,Tanker
2024-04-23,Dubai,REF_001,72.72,5.12,77.83,36665,USD,Tanker
2024-04-30,Dubai,REF_001,72.04,5.43,77.47,71458,USD,Tanker
2024-05-07,Dubai,REF_001,73.01,5.65,78.66,32748,USD,Tanker
2024-05-14,Dubai,REF_001,73.99,5.51,79.5,22829,USD,Tanker
2024-05-21,Dubai,REF_001,73.23,5.2,78.42,74106,USD,Tanker
2024-05-28,Dubai,REF_001,73.33,5.29,78.63,47796,USD,Tanker
2024-06-04,Dubai,REF_001,71.16,5.94,77.1,41666,USD,Tanker
2024-06-11,Dubai,REF_001,72.68,5.3,77.98,30962,USD,Tanker
2024-06-18,Dubai,REF_001,74.89,5.44,80.32,32726,USD,Tanker
2024-06-25,Dubai,REF_001,75.34,5.45,80.8,91431,USD,Tanker
2024-07-02,Dubai,REF_001,77.78,5.35,83.13,70728,USD,Tanker
2024-07-09,Dubai,REF_001,75.19,5.96,81.15,63870,USD,Tanker
2024-07-16,Dubai,REF_001,75.45,6.07,81.52,75135,USD,Tanker
2024-07-23,Dubai,REF_001,76.59,5.71,82.3,84684,USD,Tanker
2024-07-30,Dubai,REF_001,75.97,6.02,82.0,21790,USD,Tanker
2024-08-06,Dubai,REF_001,75.51,5.28,80.79,40164,USD,Tanker
2024-08-13,Dubai,REF_001,78.15,5.66,83.8,77405,USD,Tanker
2024-08-20,Dubai,REF_001,79.37,5.43,84.81,99620,USD,Tanker
2024-08-27,Dubai,REF_001,78.67,5.91,84.57,32208,USD,Tanker
2024-09-03,Dubai,REF_001,76.33,5.82,82.15,42785,USD,Tanker
2024-09-10,Dubai,REF_001,75.61,5.86,81.47,20075,USD,Tanker
2024-09-17,Dubai,REF_001,73.2,5.56,78.76,76722,USD,Tanker
2024-09-24,Dubai,REF_001,71.96,5.5,77.46,87108,USD,Tanker
2024-10-01,Dubai,REF_001,74.79,5.22,80.01,99333,USD,Tanker
2024-10-08,Dubai,REF_001,71.55,4.99,76.54,21252,USD,Tanker
2024-10-15,Dubai,REF_001,70.39,5.82,76.21,68430,USD,Tanker
2024-10-22,Dubai,REF_001,70.67,5.91,76.59,34234,USD,Tanker
2024-10-29,Dubai,REF_001,70.5,5.35,75.86,26627,USD,Tanker
2024-11-05,Dubai,REF_001,73.25,5.42,78.67,76344,USD,Tanker
2024-11-12,Dubai,REF_001,75.19,6.08,81.28,65075,USD,Tanker
2024-11-19,Dubai,REF_001,72.69,5.0,77.69,95852,USD,Tanker
2024-11-26,Dubai,REF_001,75.65,5.84,81.49,72601,USD,Tanker
2024-12-03,Dubai,REF_001,77.16,5.68,82.83,92652,USD,Tanker
2024-12-10,Dubai,REF_001,80.87,4.99,85.86,24127,USD,Tanker
2024-12-17,Dubai,REF_001,81.52,5.66,87.18,67729,USD,Tanker
2024-12-24,Dubai,REF_001,81.98,5.04,87.02,28980,USD,Tanker
2024-12-31,Dubai,REF_001,85.16,5.11,90.26,45877,USD,Tanker
2025-01-07,Dubai,REF_001,81.15,5.47,86.62,70253,USD,Tanker
2025-01-14,Dubai,REF_001,82.4,5.02,87.42,24535,USD,Tanker
2025-01-21,Dubai,REF_001,86.43,5.16,91.59,89895,USD,Tanker
2025-01-28,Dubai,REF_001,87.14,5.19,92.33,59916,USD,Tanker
2025-02-04,Dubai,REF_001,86.46,5.8,92.26,14640,USD,Tanker
2025-02-11,Dubai,REF_001,83.51,5.54,89.05,44551,USD,Tanker
2025-02-18,Dubai,REF_001,84.67,5.75,90.42,54027,USD,Tanker
2025-02-25,Dubai,REF_001,85.77,6.05,91.82,82171,USD,Tanker
2025-03-04,Dubai,REF_001,85.24,5.63,90.87,89596,USD,Tanker
2025-03-11,Dubai,REF_001,83.09,5.01,88.09,75332,USD,Tanker
2025-03-18,Dubai,REF_001,83.71,5.82,89.53,93324,USD,Tanker
2025-03-25,Dubai,REF_001,84.64,5.2,89.84,63464,USD,Tanker
2025-04-01,Dubai,REF_001,86.81,5.47,92.28,30889,USD,Tanker
2025-04-08,Dubai,REF_001,85.94,5.68,91.63,64967,USD,Tanker
2025-04-15,Dubai,REF_001,86.68,5.32,92.01,48631,USD,Tanker
2025-04-22,Dubai,REF_001,86.82,5.12,91.94,91494,USD,Tanker
2025-04-29,Dubai,REF_001,89.03,5.62,94.65,12509,USD,Tanker
2025-05-06,Dubai,REF_001,88.71,5.58,94.29,65190,USD,Tanker
2025-05-13,Dubai,REF_001,91.89,5.09,96.98,95296,USD,Tanker
2025-05-20,Dubai,REF_001,93.28,5.93,99.21,39872,USD,Tanker
2025-05-27,Dubai,REF_001,90.5,5.68,96.18,98998,USD,Tanker
2025-06-03,Dubai,REF_001,91.31,5.47,96.78,50614,USD,Tanker
2025-06-10,Dubai,REF_001,92.34,5.52,97.86,72138,USD,Tanker
2025-06-17,Dubai,REF_001,89.0,5.39,94.39,39932,USD,Tanker
2025-06-24,Dubai,REF_001,88.76,5.28,94.04,44224,USD,Tanker
2025-07-01,Dubai,REF_001,81.96,5.89,87.85,37733,USD,Tanker
2025-07-08,Dubai,REF_001,83.48,5.3,88.78,55400,USD,Tanker
2025-07-15,Dubai,REF_001,83.42,5.06,88.48,49634,USD,Tanker
2025-07-22,Dubai,REF_001,86.25,5.43,91.68,32152,USD,Tanker
2025-07-29,Dubai,REF_001,83.93,5.48,89.41,46767,USD,Tanker
2025-08-05,Dubai,REF_001,82.97,5.66,88.63,94789,USD,Tanker
2025-08-12,Dubai,REF_001,82.31,5.61,87.92,59229,USD,Tanker
2025-08-19,Dubai,REF_001,79.77,5.72,85.49,34113,USD,Tanker
2025-08-26,Dubai,REF_001,77.4,5.12,82.52,84848,USD,Tanker
2025-09-02,Dubai,REF_001,78.47,5.51,83.98,45754,USD,Tanker
2025-09-09,Dubai,REF_001,78.85,5.74,84.58,27483,USD,Tanker
2025-09-16,Dubai,REF_001,79.63,5.22,84.84,53479,USD,Tanker
2025-09-23,Dubai,REF_001,77.36,5.06,82.42,71472,USD,Tanker
2025-09-30,Dubai,REF_001,80.65,5.84,86.5,94987,USD,Tanker
2025-10-07,Dubai,REF_001,77.61,6.01,83.62,74362,USD,Tanker
2025-10-14,Dubai,REF_001,76.47,5.06,81.52,62202,USD,Tanker
2025-10-21,Dubai,REF_001,72.66,5.08,77.74,53385,USD,Tanker
2025-10-28,Dubai,REF_001,72.47,5.77,78.24,14781,USD,Tanker
2025-11-04,Dubai,REF_001,73.12,5.56,78.68,45668,USD,Tanker
2025-11-11,Dubai,REF_001,74.76,5.42,80.18,40200,USD,Tanker
2025-11-18,Dubai,REF_001,76.92,5.31,82.23,83103,USD,Tanker
2025-11-25,Dubai,REF_001,74.44,5.41,79.85,66807,USD,Tanker
2025-12-02,Dubai,REF_001,74.26,5.26,79.53,56248,USD,Tanker
2025-12-09,Dubai,REF_001,68.62,5.11,73.73,44809,USD,Tanker
2025-12-16,Dubai,REF_001,72.23,5.43,77.65,69889,USD,Tanker
2025-12-23,Dubai,REF_001,71.31,5.18,76.49,12270,USD,Tanker
2025-12-30,Dubai,REF_001,64.64,5.73,70.37,38219,USD,Tanker
2026-01-06,Dubai,REF_001,66.16,5.02,71.18,75121,USD,Tanker
2026-01-13,Dubai,REF_001,65.87,5.66,71.53,59021,USD,Tanker
2026-01-20,Dubai,REF_001,67.07,5.61,72.68,88063,USD,Tanker
2026-01-27,Dubai,REF_001,68.8,5.09,73.89,23203,USD,Tanker
2026-02-03,Dubai,REF_001,70.32,5.72,76.04,58641,USD,Tanker
2026-02-10,Dubai,REF_001,69.87,5.61,75.48,53746,USD,Tanker
2026-02-17,Dubai,REF_001,70.18,5.93,76.11,26843,USD,Tanker
2026-02-24,Dubai,REF_001,68.26,5.49,73.75,89326,USD,Tanker
2026-03-03,Dubai,REF_001,67.43,5.73,73.16,76986,USD,Tanker
2026-03-10,Dubai,REF_001,67.22,5.91,73.14,85373,USD,Tanker
2026-03-17,Dubai,REF_001,65.45,6.08,71.53,57343,USD,Tanker
2026-03-24,Dubai,REF_001,64.04,5.14,69.18,73079,USD,Tanker
2026-03-31,Dubai,REF_001,65.37,5.14,70.51,95798,USD,Tanker
2026-04-07,Dubai,REF_001,64.42,5.15,69.57,36143,USD,Tanker
2024-04-09,Dubai,REF_002,69.89,6.4,76.29,79664,USD,Rail
2024-04-16,Dubai,REF_002,70.35,6.5,76.85,36438,USD,Rail
2024-04-23,Dubai,REF_002,70.85,6.46,77.31,33563,USD,Rail
2024-04-30,Dubai,REF_002,72.73,6.25,78.98,37123,USD,Rail
2024-05-07,Dubai,REF_002,71.6,6.39,77.99,87185,USD,Rail
2024-05-14,Dubai,REF_002,68.68,6.24,74.93,62702,USD,Rail
2024-05-21,Dubai,REF_002,69.28,6.3,75.59,80270,USD,Rail
2024-05-28,Dubai,REF_002,70.3,6.18,76.48,77105,USD,Rail
2024-06-04,Dubai,REF_002,69.3,6.04,75.34,85496,USD,Rail
2024-06-11,Dubai,REF_002,70.53,6.01,76.54,35325,USD,Rail
2024-06-18,Dubai,REF_002,70.32,5.65,75.97,86365,USD,Rail
2024-06-25,Dubai,REF_002,69.52,5.91,75.43,35611,USD,Rail
2024-07-02,Dubai,REF_002,72.57,6.46,79.03,41037,USD,Rail
2024-07-09,Dubai,REF_002,72.28,5.68,77.96,15309,USD,Rail
2024-07-16,Dubai,REF_002,72.05,6.38,78.43,63368,USD,Rail
2024-07-23,Dubai,REF_002,75.98,5.61,81.6,36212,USD,Rail
2024-07-30,Dubai,REF_002,79.09,5.86,84.94,53112,USD,Rail
2024-08-06,Dubai,REF_002,76.28,6.0,82.27,39287,USD,Rail
2024-08-13,Dubai,REF_002,77.52,5.78,83.3,98065,USD,Rail
2024-08-20,Dubai,REF_002,77.9,6.51,84.41,94562,USD,Rail
2024-08-27,Dubai,REF_002,75.79,5.78,81.56,27304,USD,Rail
2024-09-03,Dubai,REF_002,70.95,5.84,76.78,18495,USD,Rail
2024-09-10,Dubai,REF_002,70.83,5.98,76.81,35341,USD,Rail
2024-09-17,Dubai,REF_002,69.95,5.63,75.58,92540,USD,Rail
2024-09-24,Dubai,REF_002,67.77,6.26,74.03,53132,USD,Rail
2024-10-01,Dubai,REF_002,68.43,5.62,74.06,98658,USD,Rail
2024-10-08,Dubai,REF_002,67.54,6.56,74.11,52387,USD,Rail
2024-10-15,Dubai,REF_002,66.29,6.13,72.42,83760,USD,Rail
2024-10-22,Dubai,REF_002,66.81,5.62,72.44,29533,USD,Rail
2024-10-29,Dubai,REF_002,66.36,6.35,72.71,83632,USD,Rail
2024-11-05,Dubai,REF_002,69.37,5.71,75.08,52169,USD,Rail
2024-11-12,Dubai,REF_002,73.44,6.57,80.01,52872,USD,Rail
2024-11-19,Dubai,REF_002,75.65,5.92,81.57,82215,USD,Rail
2024-11-26,Dubai,REF_002,75.1,6.42,81.52,29071,USD,Rail
2024-12-03,Dubai,REF_002,76.66,5.64,82.3,43888,USD,Rail
2024-12-10,Dubai,REF_002,74.79,5.65,80.44,73559,USD,Rail
2024-12-17,Dubai,REF_002,74.34,6.41,80.75,16524,USD,Rail
2024-12-24,Dubai,REF_002,80.13,6.14,86.27,98127,USD,Rail
2024-12-31,Dubai,REF_002,80.78,6.09,86.87,59074,USD,Rail
2025-01-07,Dubai,REF_002,78.6,6.54,85.14,93513,USD,Rail
2025-01-14,Dubai,REF_002,76.93,5.92,82.85,86294,USD,Rail
2025-01-21,Dubai,REF_002,78.54,5.75,84.29,62597,USD,Rail
2025-01-28,Dubai,REF_002,73.41,6.7,80.1,14550,USD,Rail
2025-02-04,Dubai,REF_002,75.16,5.86,81.02,43117,USD,Rail
2025-02-11,Dubai,REF_002,73.0,5.89,78.89,97072,USD,Rail
2025-02-18,Dubai,REF_002,70.78,5.68,76.45,37931,USD,Rail
2025-02-25,Dubai,REF_002,70.7,6.02,76.72,35997,USD,Rail
2025-03-04,Dubai,REF_002,72.82,6.5,79.32,62108,USD,Rail
2025-03-11,Dubai,REF_002,73.11,6.42,79.53,69618,USD,Rail
2025-03-18,Dubai,REF_002,73.48,6.6,80.08,84703,USD,Rail
2025-03-25,Dubai,REF_002,72.29,6.11,78.4,39330,USD,Rail
2025-04-01,Dubai,REF_002,74.44,6.03,80.47,41362,USD,Rail
2025-04-08,Dubai,REF_002,70.46,5.67,76.13,19554,USD,Rail
2025-04-15,Dubai,REF_002,69.2,6.23,75.43,70754,USD,Rail
2025-04-22,Dubai,REF_002,68.8,6.37,75.17,97247,USD,Rail
2025-04-29,Dubai,REF_002,69.31,6.64,75.95,51198,USD,Rail
2025-05-06,Dubai,REF_002,68.94,6.7,75.64,28158,USD,Rail
2025-05-13,Dubai,REF_002,71.33,6.69,78.02,17011,USD,Rail
2025-05-20,Dubai,REF_002,69.85,6.36,76.21,94885,USD,Rail
2025-05-27,Dubai,REF_002,72.01,5.9,77.91,94290,USD,Rail
2025-06-03,Dubai,REF_002,74.91,6.0,80.91,40722,USD,Rail
2025-06-10,Dubai,REF_002,75.34,6.07,81.41,59027,USD,Rail
2025-06-17,Dubai,REF_002,77.72,6.41,84.13,17505,USD,Rail
2025-06-24,Dubai,REF_002,79.46,6.43,85.89,16635,USD,Rail
2025-07-01,Dubai,REF_002,78.66,6.09,84.75,37716,USD,Rail
2025-07-08,Dubai,REF_002,77.78,5.71,83.49,76743,USD,Rail
2025-07-15,Dubai,REF_002,78.5,6.74,85.25,45100,USD,Rail
2025-07-22,Dubai,REF_002,77.93,6.34,84.27,53805,USD,Rail
2025-07-29,Dubai,REF_002,79.97,6.44,86.42,15148,USD,Rail
2025-08-05,Dubai,REF_002,78.36,5.9,84.26,72025,USD,Rail
2025-08-12,Dubai,REF_002,79.86,5.71,85.58,10638,USD,Rail
2025-08-19,Dubai,REF_002,80.87,6.36,87.23,11988,USD,Rail
2025-08-26,Dubai,REF_002,83.64,5.99,89.64,57858,USD,Rail
2025-09-02,Dubai,REF_002,85.31,5.88,91.19,91628,USD,Rail
2025-09-09,Dubai,REF_002,86.26,6.35,92.62,45867,USD,Rail
2025-09-16,Dubai,REF_002,88.76,5.79,94.55,10554,USD,Rail
2025-09-23,Dubai,REF_002,91.27,5.68,96.95,95945,USD,Rail
2025-09-30,Dubai,REF_002,90.81,6.34,97.15,92455,USD,Rail
2025-10-07,Dubai,REF_002,91.31,6.65,97.97,60797,USD,Rail
2025-10-14,Dubai,REF_002,89.88,5.62,95.49,57587,USD,Rail
2025-10-21,Dubai,REF_002,92.91,5.92,98.83,46627,USD,Rail
2025-10-28,Dubai,REF_002,94.0,6.69,100.69,73066,USD,Rail
2025-11-04,Dubai,REF_002,92.49,6.13,98.62,47740,USD,Rail
2025-11-11,Dubai,REF_002,96.54,5.68,102.22,81158,USD,Rail
2025-11-18,Dubai,REF_002,97.9,5.54,103.44,86057,USD,Rail
2025-11-25,Dubai,REF_002,92.2,5.68,97.88,62578,USD,Rail
2025-12-02,Dubai,REF_002,92.4,5.64,98.04,87936,USD,Rail
2025-12-09,Dubai,REF_002,90.63,5.84,96.47,57984,USD,Rail
2025-12-16,Dubai,REF_002,89.56,6.22,95.78,40459,USD,Rail
2025-12-23,Dubai,REF_002,88.49,6.07,94.56,21705,USD,Rail
2025-12-30,Dubai,REF_002,91.01,5.7,96.71,19110,USD,Rail
2026-01-06,Dubai,REF_002,93.26,5.71,98.97,56751,USD,Rail
2026-01-13,Dubai,REF_002,95.68,6.13,101.81,35882,USD,Rail
2026-01-20,Dubai,REF_002,97.49,5.9,103.38,63324,USD,Rail
2026-01-27,Dubai,REF_002,95.91,6.66,102.57,56250,USD,Rail
2026-02-03,Dubai,REF_002,97.83,6.41,104.25,11214,USD,Rail
2026-02-10,Dubai,REF_002,98.37,5.71,104.08,34213,USD,Rail
2026-02-17,Dubai,REF_002,95.05,6.1,101.14,80542,USD,Rail
2026-02-24,Dubai,REF_002,94.01,6.72,100.74,66639,USD,Rail
2026-03-03,Dubai,REF_002,93.28,5.7,98.98,84968,USD,Rail
2026-03-10,Dubai,REF_002,95.01,6.48,101.49,31258,USD,Rail
2026-03-17,Dubai,REF_002,95.39,6.72,102.12,50696,USD,Rail
2026-03-24,Dubai,REF_002,95.42,5.88,101.3,36423,USD,Rail
2026-03-31,Dubai,REF_002,96.13,6.27,102.4,34111,USD,Rail
2026-04-07,Dubai,REF_002,97.72,6.03,103.75,60194,USD,Rail
2024-04-09,Dubai,REF_003,72.41,3.15,75.57,94137,USD,Tanker
2024-04-16,Dubai,REF_003,73.14,3.37,76.52,57670,USD,Tanker
2024-04-23,Dubai,REF_003,71.95,3.21,75.15,33936,USD,Tanker
2024-04-30,Dubai,REF_003,71.69,3.23,74.92,81888,USD,Tanker
2024-05-07,Dubai,REF_003,71.22,3.35,74.57,59410,USD,Tanker
2024-05-14,Dubai,REF_003,71.13,3.01,74.14,67041,USD,Tanker
2024-05-21,Dubai,REF_003,69.37,3.22,72.59,35801,USD,Tanker
2024-05-28,Dubai,REF_003,70.24,3.31,73.56,94735,USD,Tanker
2024-06-04,Dubai,REF_003,69.69,2.83,72.52,69690,USD,Tanker
2024-06-11,Dubai,REF_003,71.11,3.03,74.13,27248,USD,Tanker
2024-06-18,Dubai,REF_003,70.88,2.96,73.84,81624,USD,Tanker
2024-06-25,Dubai,REF_003,70.58,3.3,73.88,54497,USD,Tanker
2024-07-02,Dubai,REF_003,72.22,3.38,75.6,84580,USD,Tanker
2024-07-09,Dubai,REF_003,72.43,3.05,75.48,42989,USD,Tanker
2024-07-16,Dubai,REF_003,73.71,3.16,76.87,40450,USD,Tanker
2024-07-23,Dubai,REF_003,75.19,2.96,78.15,22630,USD,Tanker
2024-07-30,Dubai,REF_003,76.96,3.04,80.0,10543,USD,Tanker
2024-08-06,Dubai,REF_003,78.43,3.4,81.83,49338,USD,Tanker
2024-08-13,Dubai,REF_003,77.7,3.22,80.92,68432,USD,Tanker
2024-08-20,Dubai,REF_003,76.12,2.96,79.08,25917,USD,Tanker
2024-08-27,Dubai,REF_003,77.9,2.96,80.87,73160,USD,Tanker
2024-09-03,Dubai,REF_003,76.52,3.36,79.87,45246,USD,Tanker
2024-09-10,Dubai,REF_003,74.58,2.99,77.57,58963,USD,Tanker
2024-09-17,Dubai,REF_003,73.4,2.83,76.23,15785,USD,Tanker
2024-09-24,Dubai,REF_003,73.55,3.4,76.95,10294,USD,Tanker
2024-10-01,Dubai,REF_003,75.87,2.81,78.68,76563,USD,Tanker
2024-10-08,Dubai,REF_003,77.6,3.3,80.91,55356,USD,Tanker
2024-10-15,Dubai,REF_003,77.5,3.11,80.61,83006,USD,Tanker
2024-10-22,Dubai,REF_003,76.24,3.23,79.48,67888,USD,Tanker
2024-10-29,Dubai,REF_003,77.96,3.35,81.3,88172,USD,Tanker
2024-11-05,Dubai,REF_003,79.12,3.39,82.51,19867,USD,Tanker
2024-11-12,Dubai,REF_003,78.41,3.17,81.58,49281,USD,Tanker
2024-11-19,Dubai,REF_003,81.62,2.89,84.51,83795,USD,Tanker
2024-11-26,Dubai,REF_003,80.08,2.83,82.91,62047,USD,Tanker
2024-12-03,Dubai,REF_003,81.47,3.14,84.61,99977,USD,Tanker
2024-12-10,Dubai,REF_003,79.2,3.35,82.55,40296,USD,Tanker
2024-12-17,Dubai,REF_003,75.25,3.27,78.52,48017,USD,Tanker
2024-12-24,Dubai,REF_003,75.87,2.88,78.75,69472,USD,Tanker
2024-12-31,Dubai,REF_003,78.77,3.38,82.15,60385,USD,Tanker
2025-01-07,Dubai,REF_003,78.82,2.91,81.72,94677,USD,Tanker
2025-01-14,Dubai,REF_003,77.6,2.99,80.59,14294,USD,Tanker
2025-01-21,Dubai,REF_003,80.5,2.93,83.43,79990,USD,Tanker
2025-01-28,Dubai,REF_003,79.63,2.93,82.57,91387,USD,Tanker
2025-02-04,Dubai,REF_003,77.12,2.97,80.1,92753,USD,Tanker
2025-02-11,Dubai,REF_003,77.75,2.91,80.66,16949,USD,Tanker
2025-02-18,Dubai,REF_003,74.34,2.92,77.27,39461,USD,Tanker
2025-02-25,Dubai,REF_003,75.33,2.92,78.25,81238,USD,Tanker
2025-03-04,Dubai,REF_003,74.13,3.13,77.26,78206,USD,Tanker
2025-03-11,Dubai,REF_003,75.96,2.99,78.94,79012,USD,Tanker
2025-03-18,Dubai,REF_003,75.73,2.91,78.65,89437,USD,Tanker
2025-03-25,Dubai,REF_003,75.65,3.08,78.72,66141,USD,Tanker
2025-04-01,Dubai,REF_003,74.72,3.09,77.8,63008,USD,Tanker
2025-04-08,Dubai,REF_003,76.19,2.96,79.14,91508,USD,Tanker
2025-04-15,Dubai,REF_003,74.95,3.15,78.1,17367,USD,Tanker
2025-04-22,Dubai,REF_003,74.11,2.96,77.07,95869,USD,Tanker
2025-04-29,Dubai,REF_003,75.25,3.22,78.48,25085,USD,Tanker
2025-05-06,Dubai,REF_003,76.98,3.2,80.18,46672,USD,Tanker
2025-05-13,Dubai,REF_003,76.77,2.91,79.67,75340,USD,Tanker
2025-05-20,Dubai,REF_003,77.75,3.19,80.94,59990,USD,Tanker
2025-05-27,Dubai,REF_003,74.4,2.97,77.37,73744,USD,Tanker
2025-06-03,Dubai,REF_003,70.42,2.85,73.27,39813,USD,Tanker
2025-06-10,Dubai,REF_003,73.15,3.03,76.18,81204,USD,Tanker
2025-06-17,Dubai,REF_003,74.68,3.28,77.96,58420,USD,Tanker
2025-06-24,Dubai,REF_003,74.72,2.92,77.64,29892,USD,Tanker
2025-07-01,Dubai,REF_003,74.32,3.26,77.58,78339,USD,Tanker
2025-07-08,Dubai,REF_003,71.91,2.87,74.79,54631,USD,Tanker
2025-07-15,Dubai,REF_003,66.42,3.0,69.42,52822,USD,Tanker
2025-07-22,Dubai,REF_003,64.76,3.14,67.89,63972,USD,Tanker
2025-07-29,Dubai,REF_003,65.84,3.02,68.87,90554,USD,Tanker
2025-08-05,Dubai,REF_003,65.54,3.31,68.86,51874,USD,Tanker
2025-08-12,Dubai,REF_003,67.74,3.12,70.86,71144,USD,Tanker
2025-08-19,Dubai,REF_003,67.72,3.32,71.04,91709,USD,Tanker
2025-08-26,Dubai,REF_003,66.71,2.92,69.62,62543,USD,Tanker
2025-09-02,Dubai,REF_003,66.96,3.22,70.18,58114,USD,Tanker
2025-09-09,Dubai,REF_003,68.86,2.92,71.78,69365,USD,Tanker
2025-09-16,Dubai,REF_003,70.19,3.16,73.35,20582,USD,Tanker
2025-09-23,Dubai,REF_003,69.33,3.35,72.69,29532,USD,Tanker
2025-09-30,Dubai,REF_003,66.44,2.93,69.37,74885,USD,Tanker
2025-10-07,Dubai,REF_003,66.35,3.03,69.38,32854,USD,Tanker
2025-10-14,Dubai,REF_003,67.18,2.84,70.02,26057,USD,Tanker
2025-10-21,Dubai,REF_003,67.15,3.42,70.57,80866,USD,Tanker
2025-10-28,Dubai,REF_003,65.33,3.19,68.52,53797,USD,Tanker
2025-11-04,Dubai,REF_003,62.32,2.92,65.24,63079,USD,Tanker
2025-11-11,Dubai,REF_003,65.17,3.14,68.31,95008,USD,Tanker
2025-11-18,Dubai,REF_003,67.58,2.87,70.45,78484,USD,Tanker
2025-11-25,Dubai,REF_003,68.9,3.43,72.33,69174,USD,Tanker
2025-12-02,Dubai,REF_003,71.24,3.06,74.3,48332,USD,Tanker
2025-12-09,Dubai,REF_003,70.45,3.22,73.68,33077,USD,Tanker
2025-12-16,Dubai,REF_003,69.73,3.35,73.07,38253,USD,Tanker
2025-12-23,Dubai,REF_003,68.18,3.19,71.38,94178,USD,Tanker
2025-12-30,Dubai,REF_003,66.98,2.87,69.86,49633,USD,Tanker
2026-01-06,Dubai,REF_003,66.2,2.88,69.08,50842,USD,Tanker
2026-01-13,Dubai,REF_003,66.93,3.18,70.11,86538,USD,Tanker
2026-01-20,Dubai,REF_003,67.89,2.88,70.76,64847,USD,Tanker
2026-01-27,Dubai,REF_003,67.79,3.1,70.9,33863,USD,Tanker
2026-02-03,Dubai,REF_003,65.75,3.33,69.08,30540,USD,Tanker
2026-02-10,Dubai,REF_003,63.83,3.08,66.91,13018,USD,Tanker
2026-02-17,Dubai,REF_003,69.45,3.25,72.7,11141,USD,Tanker
2026-02-24,Dubai,REF_003,68.32,2.89,71.21,47533,USD,Tanker
2026-03-03,Dubai,REF_003,69.87,3.16,73.04,37932,USD,Tanker
2026-03-10,Dubai,REF_003,71.17,2.88,74.05,30757,USD,Tanker
2026-03-17,Dubai,REF_003,71.86,2.83,74.69,89655,USD,Tanker
2026-03-24,Dubai,REF_003,73.41,3.11,76.52,87596,USD,Tanker
2026-03-31,Dubai,REF_003,73.21,3.41,76.62,40163,USD,Tanker
2026-04-07,Dubai,REF_003,76.0,2.83,78.82,49440,USD,Tanker
2024-04-09,Dubai,REF_004,72.35,8.35,80.7,97560,USD,Tanker
2024-04-16,Dubai,REF_004,69.94,7.85,77.78,47902,USD,Tanker
2024-04-23,Dubai,REF_004,71.32,7.36,78.68,79550,USD,Tanker
2024-04-30,Dubai,REF_004,73.78,7.37,81.16,91349,USD,Tanker
2024-05-07,Dubai,REF_004,74.88,7.33,82.21,64173,USD,Tanker
2024-05-14,Dubai,REF_004,75.0,7.11,82.12,39899,USD,Tanker
2024-05-21,Dubai,REF_004,73.65,8.29,81.93,90417,USD,Tanker
2024-05-28,Dubai,REF_004,72.37,7.85,80.22,30158,USD,Tanker
2024-06-04,Dubai,REF_004,74.95,8.01,82.95,41266,USD,Tanker
2024-06-11,Dubai,REF_004,75.8,7.13,82.93,71802,USD,Tanker
2024-06-18,Dubai,REF_004,72.99,7.25,80.24,59810,USD,Tanker
2024-06-25,Dubai,REF_004,75.45,7.34,82.79,37935,USD,Tanker
2024-07-02,Dubai,REF_004,71.46,7.18,78.64,79926,USD,Tanker
2024-07-09,Dubai,REF_004,71.09,7.65,78.74,27568,USD,Tanker
2024-07-16,Dubai,REF_004,69.81,7.55,77.36,47627,USD,Tanker
2024-07-23,Dubai,REF_004,71.06,7.01,78.07,27780,USD,Tanker
2024-07-30,Dubai,REF_004,68.58,7.92,76.51,66477,USD,Tanker
2024-08-06,Dubai,REF_004,70.35,7.68,78.04,57452,USD,Tanker
2024-08-13,Dubai,REF_004,68.08,7.47,75.55,98584,USD,Tanker
2024-08-20,Dubai,REF_004,66.32,7.32,73.64,79675,USD,Tanker
2024-08-27,Dubai,REF_004,67.98,7.56,75.54,18236,USD,Tanker
2024-09-03,Dubai,REF_004,67.81,7.6,75.41,73617,USD,Tanker
2024-09-10,Dubai,REF_004,66.87,7.85,74.72,79310,USD,Tanker
2024-09-17,Dubai,REF_004,68.91,8.33,77.24,16235,USD,Tanker
2024-09-24,Dubai,REF_004,65.92,8.05,73.97,74429,USD,Tanker
2024-10-01,Dubai,REF_004,64.59,7.6,72.19,31573,USD,Tanker
2024-10-08,Dubai,REF_004,66.28,7.44,73.72,97165,USD,Tanker
2024-10-15,Dubai,REF_004,68.62,8.19,76.8,50007,USD,Tanker
2024-10-22,Dubai,REF_004,68.25,8.49,76.74,85670,USD,Tanker
2024-10-29,Dubai,REF_004,64.34,7.07,71.42,51831,USD,Tanker
2024-11-05,Dubai,REF_004,63.99,7.51,71.5,74023,USD,Tanker
2024-11-12,Dubai,REF_004,62.19,7.24,69.44,94373,USD,Tanker
2024-11-19,Dubai,REF_004,57.25,7.57,64.82,85845,USD,Tanker
2024-11-26,Dubai,REF_004,56.59,7.94,64.54,98597,USD,Tanker
2024-12-03,Dubai,REF_004,56.17,7.96,64.13,64784,USD,Tanker
2024-12-10,Dubai,REF_004,52.7,7.62,60.33,23406,USD,Tanker
2024-12-17,Dubai,REF_004,51.78,7.36,59.14,53864,USD,Tanker
2024-12-24,Dubai,REF_004,52.51,6.98,59.49,38943,USD,Tanker
2024-12-31,Dubai,REF_004,51.62,7.76,59.37,93605,USD,Tanker
2025-01-07,Dubai,REF_004,48.18,7.5,55.69,40524,USD,Tanker
2025-01-14,Dubai,REF_004,49.41,7.24,56.65,23036,USD,Tanker
2025-01-21,Dubai,REF_004,45.91,7.1,53.01,29483,USD,Tanker
2025-01-28,Dubai,REF_004,45.61,7.76,53.37,33120,USD,Tanker
2025-02-04,Dubai,REF_004,46.85,8.02,54.87,31712,USD,Tanker
2025-02-11,Dubai,REF_004,44.16,7.69,51.85,78811,USD,Tanker
2025-02-18,Dubai,REF_004,43.26,7.52,50.77,75094,USD,Tanker
2025-02-25,Dubai,REF_004,43.65,7.24,50.89,27633,USD,Tanker
2025-03-04,Dubai,REF_004,40.82,7.46,48.28,57053,USD,Tanker
2025-03-11,Dubai,REF_004,42.53,8.12,50.65,54845,USD,Tanker
2025-03-18,Dubai,REF_004,43.08,8.22,51.3,38476,USD,Tanker
2025-03-25,Dubai,REF_004,46.29,7.7,53.99,84123,USD,Tanker
2025-04-01,Dubai,REF_004,45.46,8.23,53.69,71415,USD,Tanker
2025-04-08,Dubai,REF_004,47.66,7.59,55.25,97273,USD,Tanker
2025-04-15,Dubai,REF_004,47.49,7.43,54.92,94218,USD,Tanker
2025-04-22,Dubai,REF_004,46.78,7.11,53.89,66522,USD,Tanker
2025-04-29,Dubai,REF_004,45.07,7.19,52.26,14304,USD,Tanker
2025-05-06,Dubai,REF_004,46.24,7.2,53.44,82739,USD,Tanker
2025-05-13,Dubai,REF_004,48.99,8.24,57.23,83123,USD,Tanker
2025-05-20,Dubai,REF_004,47.35,7.06,54.41,29334,USD,Tanker
2025-05-27,Dubai,REF_004,47.46,7.57,55.03,68610,USD,Tanker
2025-06-03,Dubai,REF_004,49.99,7.69,57.68,43638,USD,Tanker
2025-06-10,Dubai,REF_004,48.03,7.78,55.8,56786,USD,Tanker
2025-06-17,Dubai,REF_004,47.15,7.87,55.02,20460,USD,Tanker
2025-06-24,Dubai,REF_004,47.56,7.16,54.72,17140,USD,Tanker
2025-07-01,Dubai,REF_004,48.25,7.95,56.2,40735,USD,Tanker
2025-07-08,Dubai,REF_004,50.05,7.49,57.54,66896,USD,Tanker
2025-07-15,Dubai,REF_004,49.09,7.79,56.88,33667,USD,Tanker
2025-07-22,Dubai,REF_004,49.95,7.47,57.42,80560,USD,Tanker
2025-07-29,Dubai,REF_004,49.63,8.29,57.92,16393,USD,Tanker
2025-08-05,Dubai,REF_004,52.03,7.63,59.66,61239,USD,Tanker
2025-08-12,Dubai,REF_004,53.61,7.21,60.82,38664,USD,Tanker
2025-08-19,Dubai,REF_004,55.16,7.17,62.33,98924,USD,Tanker
2025-08-26,Dubai,REF_004,58.31,8.41,66.72,30170,USD,Tanker
2025-09-02,Dubai,REF_004,57.57,7.83,65.4,80384,USD,Tanker
2025-09-09,Dubai,REF_004,58.76,7.49,66.26,59963,USD,Tanker
2025-09-16,Dubai,REF_004,61.9,7.7,69.59,61022,USD,Tanker
2025-09-23,Dubai,REF_004,61.3,8.27,69.56,72878,USD,Tanker
2025-09-30,Dubai,REF_004,56.3,7.15,63.45,15072,USD,Tanker
2025-10-07,Dubai,REF_004,59.85,8.43,68.28,26787,USD,Tanker
2025-10-14,Dubai,REF_004,61.34,8.24,69.58,84982,USD,Tanker
2025-10-21,Dubai,REF_004,58.35,8.24,66.59,98027,USD,Tanker
2025-10-28,Dubai,REF_004,58.08,8.37,66.45,52060,USD,Tanker
2025-11-04,Dubai,REF_004,56.89,8.31,65.19,11589,USD,Tanker
2025-11-11,Dubai,REF_004,58.53,7.36,65.89,93669,USD,Tanker
2025-11-18,Dubai,REF_004,58.55,6.97,65.52,17103,USD,Tanker
2025-11-25,Dubai,REF_004,56.6,7.31,63.91,36777,USD,Tanker
2025-12-02,Dubai,REF_004,56.49,7.7,64.19,45146,USD,Tanker
2025-12-09,Dubai,REF_004,58.06,7.27,65.33,64164,USD,Tanker
2025-12-16,Dubai,REF_004,60.5,7.19,67.69,50744,USD,Tanker
2025-12-23,Dubai,REF_004,64.32,8.25,72.57,38845,USD,Tanker
2025-12-30,Dubai,REF_004,63.55,7.02,70.57,14227,USD,Tanker
2026-01-06,Dubai,REF_004,63.47,7.34,70.81,12905,USD,Tanker
2026-01-13,Dubai,REF_004,65.61,7.78,73.39,22338,USD,Tanker
2026-01-20,Dubai,REF_004,66.63,7.31,73.94,27895,USD,Tanker
2026-01-27,Dubai,REF_004,61.39,6.99,68.38,62696,USD,Tanker
2026-02-03,Dubai,REF_004,61.98,7.89,69.87,60077,USD,Tanker
2026-02-10,Dubai,REF_004,61.51,7.74,69.25,29377,USD,Tanker
2026-02-17,Dubai,REF_004,63.69,7.14,70.83,80247,USD,Tanker
2026-02-24,Dubai,REF_004,62.28,7.4,69.68,36022,USD,Tanker
2026-03-03,Dubai,REF_004,57.34,7.14,64.48,63376,USD,Tanker
2026-03-10,Dubai,REF_004,57.67,7.29,64.96,50003,USD,Tanker
2026-03-17,Dubai,REF_004,58.74,7.48,66.22,89874,USD,Tanker
2026-03-24,Dubai,REF_004,57.93,7.46,65.4,26154,USD,Tanker
2026-03-31,Dubai,REF_004,60.95,7.92,68.87,37192,USD,Tanker
2026-04-07,Dubai,REF_004,65.14,7.45,72.6,31368,USD,Tanker
2024-04-09,Dubai,REF_005,67.04,2.81,69.85,18480,USD,Pipeline
2024-04-16,Dubai,REF_005,70.14,3.01,73.15,66834,USD,Pipeline
2024-04-23,Dubai,REF_005,73.08,2.74,75.82,51488,USD,Pipeline
2024-04-30,Dubai,REF_005,72.39,2.75,75.14,99689,USD,Pipeline
2024-05-07,Dubai,REF_005,72.0,2.63,74.63,10911,USD,Pipeline
2024-05-14,Dubai,REF_005,67.25,2.62,69.87,93603,USD,Pipeline
2024-05-21,Dubai,REF_005,65.09,2.77,67.85,81346,USD,Pipeline
2024-05-28,Dubai,REF_005,64.83,2.79,67.63,94314,USD,Pipeline
2024-06-04,Dubai,REF_005,64.7,2.56,67.26,73400,USD,Pipeline
2024-06-11,Dubai,REF_005,66.6,2.71,69.31,80715,USD,Pipeline
2024-06-18,Dubai,REF_005,64.42,2.82,67.24,12240,USD,Pipeline
2024-06-25,Dubai,REF_005,61.97,2.61,64.58,86627,USD,Pipeline
2024-07-02,Dubai,REF_005,61.22,2.78,63.99,55762,USD,Pipeline
2024-07-09,Dubai,REF_005,61.75,2.83,64.57,42529,USD,Pipeline
2024-07-16,Dubai,REF_005,60.87,2.78,63.65,27445,USD,Pipeline
2024-07-23,Dubai,REF_005,62.46,2.83,65.29,27745,USD,Pipeline
2024-07-30,Dubai,REF_005,61.71,2.67,64.38,13611,USD,Pipeline
2024-08-06,Dubai,REF_005,58.62,2.96,61.58,83812,USD,Pipeline
2024-08-13,Dubai,REF_005,57.95,2.87,60.82,88873,USD,Pipeline
2024-08-20,Dubai,REF_005,56.8,2.6,59.41,53519,USD,Pipeline
2024-08-27,Dubai,REF_005,60.69,2.75,63.44,74578,USD,Pipeline
2024-09-03,Dubai,REF_005,60.51,2.6,63.11,30753,USD,Pipeline
2024-09-10,Dubai,REF_005,60.82,2.71,63.53,92398,USD,Pipeline
2024-09-17,Dubai,REF_005,60.75,3.0,63.75,78022,USD,Pipeline
2024-09-24,Dubai,REF_005,57.81,2.87,60.69,30930,USD,Pipeline
2024-10-01,Dubai,REF_005,55.57,2.72,58.29,83362,USD,Pipeline
2024-10-08,Dubai,REF_005,56.67,2.82,59.49,56040,USD,Pipeline
2024-10-15,Dubai,REF_005,55.7,2.86,58.56,66827,USD,Pipeline
2024-10-22,Dubai,REF_005,59.28,2.71,62.0,82965,USD,Pipeline
2024-10-29,Dubai,REF_005,60.32,2.64,62.96,74290,USD,Pipeline
2024-11-05,Dubai,REF_005,63.39,2.53,65.92,45126,USD,Pipeline
2024-11-12,Dubai,REF_005,61.59,3.05,64.64,61558,USD,Pipeline
2024-11-19,Dubai,REF_005,58.28,2.79,61.07,84106,USD,Pipeline
2024-11-26,Dubai,REF_005,58.27,2.7,60.97,60839,USD,Pipeline
2024-12-03,Dubai,REF_005,56.37,2.67,59.04,24001,USD,Pipeline
2024-12-10,Dubai,REF_005,59.7,2.57,62.27,31698,USD,Pipeline
2024-12-17,Dubai,REF_005,53.66,2.55,56.21,21999,USD,Pipeline
2024-12-24,Dubai,REF_005,55.16,2.99,58.15,70549,USD,Pipeline
2024-12-31,Dubai,REF_005,55.72,2.59,58.31,75935,USD,Pipeline
2025-01-07,Dubai,REF_005,54.46,3.04,57.51,78251,USD,Pipeline
2025-01-14,Dubai,REF_005,55.31,2.52,57.83,80667,USD,Pipeline
2025-01-21,Dubai,REF_005,57.59,2.74,60.33,88574,USD,Pipeline
2025-01-28,Dubai,REF_005,54.96,2.54,57.51,59958,USD,Pipeline
2025-02-04,Dubai,REF_005,55.58,2.83,58.41,87406,USD,Pipeline
2025-02-11,Dubai,REF_005,57.05,2.81,59.86,44409,USD,Pipeline
2025-02-18,Dubai,REF_005,52.17,2.62,54.78,17094,USD,Pipeline
2025-02-25,Dubai,REF_005,53.5,2.9,56.4,70787,USD,Pipeline
2025-03-04,Dubai,REF_005,51.68,3.02,54.7,51118,USD,Pipeline
2025-03-11,Dubai,REF_005,53.19,3.04,56.22,70282,USD,Pipeline
2025-03-18,Dubai,REF_005,55.51,2.61,58.13,76982,USD,Pipeline
2025-03-25,Dubai,REF_005,52.91,2.67,55.57,84257,USD,Pipeline
2025-04-01,Dubai,REF_005,51.39,2.77,54.16,52219,USD,Pipeline
2025-04-08,Dubai,REF_005,51.38,2.75,54.13,16658,USD,Pipeline
2025-04-15,Dubai,REF_005,53.44,2.68,56.12,21808,USD,Pipeline
2025-04-22,Dubai,REF_005,52.5,2.55,55.05,80045,USD,Pipeline
2025-04-29,Dubai,REF_005,50.55,2.86,53.41,81976,USD,Pipeline
2025-05-06,Dubai,REF_005,48.18,2.84,51.02,11975,USD,Pipeline
2025-05-13,Dubai,REF_005,46.88,2.56,49.44,76731,USD,Pipeline
2025-05-20,Dubai,REF_005,46.48,2.96,49.43,44529,USD,Pipeline
2025-05-27,Dubai,REF_005,47.0,2.75,49.75,89561,USD,Pipeline
2025-06-03,Dubai,REF_005,49.37,2.95,52.31,61668,USD,Pipeline
2025-06-10,Dubai,REF_005,50.28,2.93,53.21,73738,USD,Pipeline
2025-06-17,Dubai,REF_005,47.89,2.66,50.55,43873,USD,Pipeline
2025-06-24,Dubai,REF_005,47.75,2.84,50.59,36799,USD,Pipeline
2025-07-01,Dubai,REF_005,48.15,2.59,50.74,12642,USD,Pipeline
2025-07-08,Dubai,REF_005,45.22,2.56,47.78,95689,USD,Pipeline
2025-07-15,Dubai,REF_005,45.16,2.9,48.06,30080,USD,Pipeline
2025-07-22,Dubai,REF_005,44.09,3.05,47.14,12043,USD,Pipeline
2025-07-29,Dubai,REF_005,43.56,2.73,46.29,52498,USD,Pipeline
2025-08-05,Dubai,REF_005,45.42,3.06,48.48,66527,USD,Pipeline
2025-08-12,Dubai,REF_005,45.08,2.69,47.77,16624,USD,Pipeline
2025-08-19,Dubai,REF_005,45.55,3.03,48.58,57349,USD,Pipeline
2025-08-26,Dubai,REF_005,45.15,2.73,47.88,14574,USD,Pipeline
2025-09-02,Dubai,REF_005,43.56,2.71,46.27,36360,USD,Pipeline
2025-09-09,Dubai,REF_005,43.44,2.76,46.19,93415,USD,Pipeline
2025-09-16,Dubai,REF_005,46.83,2.68,49.51,43353,USD,Pipeline
2025-09-23,Dubai,REF_005,48.96,2.7,51.66,92980,USD,Pipeline
2025-09-30,Dubai,REF_005,50.54,2.66,53.19,41274,USD,Pipeline
2025-10-07,Dubai,REF_005,50.88,3.07,53.95,74624,USD,Pipeline
2025-10-14,Dubai,REF_005,48.09,2.78,50.87,98463,USD,Pipeline
2025-10-21,Dubai,REF_005,48.02,2.98,51.0,57192,USD,Pipeline
2025-10-28,Dubai,REF_005,47.86,2.52,50.38,51107,USD,Pipeline
2025-11-04,Dubai,REF_005,47.97,2.87,50.84,28126,USD,Pipeline
2025-11-11,Dubai,REF_005,47.26,3.06,50.32,85042,USD,Pipeline
2025-11-18,Dubai,REF_005,43.43,2.52,45.95,72393,USD,Pipeline
2025-11-25,Dubai,REF_005,42.7,2.66,45.36,45519,USD,Pipeline
2025-12-02,Dubai,REF_005,44.94,2.99,47.93,79859,USD,Pipeline
2025-12-09,Dubai,REF_005,44.49,2.94,47.43,54526,USD,Pipeline
2025-12-16,Dubai,REF_005,45.37,2.79,48.16,91035,USD,Pipeline
2025-12-23,Dubai,REF_005,46.08,3.07,49.15,25775,USD,Pipeline
2025-12-30,Dubai,REF_005,45.92,2.6,48.52,30035,USD,Pipeline
2026-01-06,Dubai,REF_005,47.61,2.68,50.3,32474,USD,Pipeline
2026-01-13,Dubai,REF_005,47.86,2.53,50.39,29042,USD,Pipeline
2026-01-20,Dubai,REF_005,51.83,3.04,54.86,83514,USD,Pipeline
2026-01-27,Dubai,REF_005,50.33,2.59,52.92,75754,USD,Pipeline
2026-02-03,Dubai,REF_005,50.63,2.94,53.57,96228,USD,Pipeline
2026-02-10,Dubai,REF_005,51.8,2.75,54.55,20246,USD,Pipeline
2026-02-17,Dubai,REF_005,49.5,2.7,52.2,43070,USD,Pipeline
2026-02-24,Dubai,REF_005,45.88,2.82,48.71,64580,USD,Pipeline
2026-03-03,Dubai,REF_005,45.07,2.74,47.81,43605,USD,Pipeline
2026-03-10,Dubai,REF_005,44.17,3.0,47.16,97716,USD,Pipeline
2026-03-17,Dubai,REF_005,44.48,2.54,47.03,73826,USD,Pipeline
2026-03-24,Dubai,REF_005,43.6,2.67,46.26,29282,USD,Pipeline
2026-03-31,Dubai,REF_005,40.46,2.76,43.22,43444,USD,Pipeline
2026-04-07,Dubai,REF_005,43.09,3.06,46.15,22899,USD,Pipeline
2024-04-09,Oman,REF_001,69.37,11.07,80.44,63766,USD,Rail
2024-04-16,Oman,REF_001,68.44,10.41,78.85,68660,USD,Rail
2024-04-23,Oman,REF_001,71.83,10.73,82.55,74020,USD,Rail
2024-04-30,Oman,REF_001,72.55,10.04,82.6,51284,USD,Rail
2024-05-07,Oman,REF_001,75.75,9.86,85.61,33942,USD,Rail
2024-05-14,Oman,REF_001,75.86,10.88,86.74,93743,USD,Rail
2024-05-21,Oman,REF_001,75.57,10.24,85.8,18472,USD,Rail
2024-05-28,Oman,REF_001,76.26,9.57,85.83,82319,USD,Rail
2024-06-04,Oman,REF_001,77.32,10.02,87.33,89883,USD,Rail
2024-06-11,Oman,REF_001,78.82,10.5,89.32,11299,USD,Rail
2024-06-18,Oman,REF_001,77.56,10.2,87.76,74398,USD,Rail
2024-06-25,Oman,REF_001,77.79,9.68,87.46,72662,USD,Rail
2024-07-02,Oman,REF_001,75.36,10.15,85.51,65931,USD,Rail
2024-07-09,Oman,REF_001,72.75,10.07,82.82,72102,USD,Rail
2024-07-16,Oman,REF_001,73.18,10.7,83.87,22870,USD,Rail
2024-07-23,Oman,REF_001,71.67,10.43,82.1,23075,USD,Rail
2024-07-30,Oman,REF_001,74.34,10.1,84.44,85380,USD,Rail
2024-08-06,Oman,REF_001,76.92,11.0,87.92,24368,USD,Rail
2024-08-13,Oman,REF_001,76.54,10.43,86.97,31158,USD,Rail
2024-08-20,Oman,REF_001,77.21,9.28,86.5,51865,USD,Rail
2024-08-27,Oman,REF_001,75.3,10.35,85.65,54966,USD,Rail
2024-09-03,Oman,REF_001,77.22,10.82,88.04,60388,USD,Rail
2024-09-10,Oman,REF_001,78.47,9.62,88.09,55869,USD,Rail
2024-09-17,Oman,REF_001,75.79,10.13,85.92,12038,USD,Rail
2024-09-24,Oman,REF_001,74.69,10.29,84.98,83944,USD,Rail
2024-10-01,Oman,REF_001,75.05,9.16,84.21,94329,USD,Rail
2024-10-08,Oman,REF_001,72.84,9.19,82.04,45212,USD,Rail
2024-10-15,Oman,REF_001,70.8,10.35,81.15,46687,USD,Rail
2024-10-22,Oman,REF_001,64.66,9.72,74.38,76548,USD,Rail
2024-10-29,Oman,REF_001,63.7,9.27,72.97,16197,USD,Rail
2024-11-05,Oman,REF_001,68.73,10.1,78.82,65748,USD,Rail
2024-11-12,Oman,REF_001,70.22,10.71,80.93,22668,USD,Rail
2024-11-19,Oman,REF_001,70.82,10.67,81.48,70867,USD,Rail
2024-11-26,Oman,REF_001,71.48,9.76,81.24,33694,USD,Rail
2024-12-03,Oman,REF_001,72.1,10.18,82.28,36874,USD,Rail
2024-12-10,Oman,REF_001,70.96,11.06,82.02,37836,USD,Rail
2024-12-17,Oman,REF_001,70.56,10.64,81.2,99384,USD,Rail
2024-12-24,Oman,REF_001,70.73,10.15,80.89,37834,USD,Rail
2024-12-31,Oman,REF_001,71.34,10.8,82.14,40419,USD,Rail
2025-01-07,Oman,REF_001,70.7,9.7,80.4,74663,USD,Rail
2025-01-14,Oman,REF_001,69.48,9.41,78.88,38517,USD,Rail
2025-01-21,Oman,REF_001,68.54,9.93,78.47,24973,USD,Rail
2025-01-28,Oman,REF_001,71.9,9.84,81.74,91614,USD,Rail
2025-02-04,Oman,REF_001,72.69,9.16,81.85,38051,USD,Rail
2025-02-11,Oman,REF_001,71.62,10.77,82.39,50048,USD,Rail
2025-02-18,Oman,REF_001,70.41,10.44,80.85,83711,USD,Rail
2025-02-25,Oman,REF_001,71.03,10.69,81.72,49498,USD,Rail
2025-03-04,Oman,REF_001,71.35,10.71,82.06,29211,USD,Rail
2025-03-11,Oman,REF_001,73.09,9.49,82.58,77892,USD,Rail
2025-03-18,Oman,REF_001,75.81,9.54,85.35,45966,USD,Rail
2025-03-25,Oman,REF_001,78.06,9.59,87.65,16131,USD,Rail
2025-04-01,Oman,REF_001,76.86,10.47,87.33,64192,USD,Rail
2025-04-08,Oman,REF_001,75.92,10.57,86.49,68830,USD,Rail
2025-04-15,Oman,REF_001,75.93,9.42,85.35,32818,USD,Rail
2025-04-22,Oman,REF_001,72.86,11.05,83.91,75581,USD,Rail
2025-04-29,Oman,REF_001,74.83,9.37,84.19,86369,USD,Rail
2025-05-06,Oman,REF_001,70.63,9.35,79.97,67285,USD,Rail
2025-05-13,Oman,REF_001,72.96,9.69,82.65,35567,USD,Rail
2025-05-20,Oman,REF_001,73.31,10.77,84.08,29926,USD,Rail
2025-05-27,Oman,REF_001,71.79,10.83,82.62,85515,USD,Rail
2025-06-03,Oman,REF_001,73.0,10.65,83.65,54232,USD,Rail
2025-06-10,Oman,REF_001,71.83,9.19,81.02,21295,USD,Rail
2025-06-17,Oman,REF_001,71.72,9.59,81.31,77439,USD,Rail
2025-06-24,Oman,REF_001,69.87,9.57,79.44,64215,USD,Rail
2025-07-01,Oman,REF_001,67.55,9.11,76.66,18421,USD,Rail
2025-07-08,Oman,REF_001,68.13,9.73,77.86,49374,USD,Rail
2025-07-15,Oman,REF_001,66.73,10.98,77.71,28003,USD,Rail
2025-07-22,Oman,REF_001,66.53,9.4,75.92,23019,USD,Rail
2025-07-29,Oman,REF_001,65.03,9.89,74.92,70268,USD,Rail
2025-08-05,Oman,REF_001,66.04,9.8,75.84,94064,USD,Rail
2025-08-12,Oman,REF_001,65.35,10.06,75.41,75406,USD,Rail
2025-08-19,Oman,REF_001,65.55,10.78,76.33,44018,USD,Rail
2025-08-26,Oman,REF_001,67.93,9.8,77.73,81465,USD,Rail
2025-09-02,Oman,REF_001,69.54,9.22,78.76,67206,USD,Rail
2025-09-09,Oman,REF_001,67.62,10.96,78.59,51081,USD,Rail
2025-09-16,Oman,REF_001,69.87,10.52,80.39,42295,USD,Rail
2025-09-23,Oman,REF_001,65.21,9.07,74.27,55187,USD,Rail
2025-09-30,Oman,REF_001,67.19,10.51,77.7,35505,USD,Rail
2025-10-07,Oman,REF_001,62.29,10.08,72.37,32804,USD,Rail
2025-10-14,Oman,REF_001,58.17,9.81,67.98,62142,USD,Rail
2025-10-21,Oman,REF_001,57.09,10.46,67.54,11139,USD,Rail
2025-10-28,Oman,REF_001,56.45,10.36,66.81,21015,USD,Rail
2025-11-04,Oman,REF_001,58.22,10.22,68.44,71061,USD,Rail
2025-11-11,Oman,REF_001,58.65,9.4,68.05,87899,USD,Rail
2025-11-18,Oman,REF_001,61.86,9.2,71.06,20365,USD,Rail
2025-11-25,Oman,REF_001,59.75,9.99,69.74,58501,USD,Rail
2025-12-02,Oman,REF_001,61.45,9.99,71.44,17550,USD,Rail
2025-12-09,Oman,REF_001,59.7,10.55,70.25,87876,USD,Rail
2025-12-16,Oman,REF_001,61.29,10.15,71.44,73573,USD,Rail
2025-12-23,Oman,REF_001,60.22,9.43,69.65,67146,USD,Rail
2025-12-30,Oman,REF_001,57.92,9.62,67.54,86117,USD,Rail
2026-01-06,Oman,REF_001,53.84,10.87,64.7,84552,USD,Rail
2026-01-13,Oman,REF_001,55.87,10.72,66.58,75551,USD,Rail
2026-01-20,Oman,REF_001,52.76,9.92,62.68,68241,USD,Rail
2026-01-27,Oman,REF_001,55.42,9.41,64.84,84503,USD,Rail
2026-02-03,Oman,REF_001,54.6,9.82,64.42,15681,USD,Rail
2026-02-10,Oman,REF_001,55.15,9.94,65.08,64347,USD,Rail
2026-02-17,Oman,REF_001,55.82,10.96,66.78,57802,USD,Rail
2026-02-24,Oman,REF_001,60.42,10.8,71.21,99372,USD,Rail
2026-03-03,Oman,REF_001,58.9,10.12,69.02,26414,USD,Rail
2026-03-10,Oman,REF_001,57.15,10.2,67.35,71595,USD,Rail
2026-03-17,Oman,REF_001,57.49,9.39,66.88,36938,USD,Rail
2026-03-24,Oman,REF_001,56.67,10.55,67.22,24723,USD,Rail
2026-03-31,Oman,REF_001,61.53,9.4,70.93,34730,USD,Rail
2026-04-07,Oman,REF_001,63.26,10.29,73.54,51507,USD,Rail
2024-04-09,Oman,REF_002,67.02,1.35,68.37,26796,USD,Pipeline
2024-04-16,Oman,REF_002,65.67,1.26,66.93,81752,USD,Pipeline
2024-04-23,Oman,REF_002,65.2,1.3,66.5,59717,USD,Pipeline
2024-04-30,Oman,REF_002,70.79,1.35,72.14,55556,USD,Pipeline
2024-05-07,Oman,REF_002,72.35,1.4,73.75,30488,USD,Pipeline
2024-05-14,Oman,REF_002,74.06,1.27,75.33,42526,USD,Pipeline
2024-05-21,Oman,REF_002,76.99,1.28,78.27,83515,USD,Pipeline
2024-05-28,Oman,REF_002,76.01,1.36,77.37,81996,USD,Pipeline
2024-06-04,Oman,REF_002,74.69,1.41,76.1,48447,USD,Pipeline
2024-06-11,Oman,REF_002,74.68,1.37,76.05,80432,USD,Pipeline
2024-06-18,Oman,REF_002,73.12,1.34,74.46,28721,USD,Pipeline
2024-06-25,Oman,REF_002,72.16,1.27,73.43,84481,USD,Pipeline
2024-07-02,Oman,REF_002,71.03,1.24,72.27,79453,USD,Pipeline
2024-07-09,Oman,REF_002,68.62,1.37,69.99,87820,USD,Pipeline
2024-07-16,Oman,REF_002,69.63,1.34,70.97,26820,USD,Pipeline
2024-07-23,Oman,REF_002,69.0,1.46,70.46,37209,USD,Pipeline
2024-07-30,Oman,REF_002,71.63,1.35,72.97,11482,USD,Pipeline
2024-08-06,Oman,REF_002,69.07,1.51,70.58,31479,USD,Pipeline
2024-08-13,Oman,REF_002,67.97,1.29,69.25,55177,USD,Pipeline
2024-08-20,Oman,REF_002,67.2,1.5,68.7,72748,USD,Pipeline
2024-08-27,Oman,REF_002,64.73,1.47,66.2,52601,USD,Pipeline
2024-09-03,Oman,REF_002,67.53,1.37,68.9,99505,USD,Pipeline
2024-09-10,Oman,REF_002,69.51,1.39,70.89,24555,USD,Pipeline
2024-09-17,Oman,REF_002,70.09,1.51,71.6,69010,USD,Pipeline
2024-09-24,Oman,REF_002,71.0,1.36,72.36,84014,USD,Pipeline
2024-10-01,Oman,REF_002,69.67,1.32,70.99,94808,USD,Pipeline
2024-10-08,Oman,REF_002,71.54,1.28,72.81,11350,USD,Pipeline
2024-10-15,Oman,REF_002,73.19,1.27,74.46,49354,USD,Pipeline
2024-10-22,Oman,REF_002,70.74,1.25,71.99,72288,USD,Pipeline
2024-10-29,Oman,REF_002,69.97,1.3,71.27,98070,USD,Pipeline
2024-11-05,Oman,REF_002,69.43,1.37,70.8,29664,USD,Pipeline
2024-11-12,Oman,REF_002,67.84,1.38,69.22,21202,USD,Pipeline
2024-11-19,Oman,REF_002,68.38,1.3,69.68,45510,USD,Pipeline
2024-11-26,Oman,REF_002,70.78,1.41,72.19,12929,USD,Pipeline
2024-12-03,Oman,REF_002,73.13,1.27,74.4,30965,USD,Pipeline
2024-12-10,Oman,REF_002,75.27,1.35,76.62,28471,USD,Pipeline
2024-12-17,Oman,REF_002,76.11,1.3,77.41,79381,USD,Pipeline
2024-12-24,Oman,REF_002,78.58,1.39,79.97,28706,USD,Pipeline
2024-12-31,Oman,REF_002,77.73,1.43,79.16,45991,USD,Pipeline
2025-01-07,Oman,REF_002,78.73,1.45,80.18,48111,USD,Pipeline
2025-01-14,Oman,REF_002,80.06,1.33,81.39,41315,USD,Pipeline
2025-01-21,Oman,REF_002,81.12,1.29,82.41,50207,USD,Pipeline
2025-01-28,Oman,REF_002,83.02,1.3,84.31,15042,USD,Pipeline
2025-02-04,Oman,REF_002,84.81,1.28,86.08,74772,USD,Pipeline
2025-02-11,Oman,REF_002,86.61,1.34,87.95,19240,USD,Pipeline
2025-02-18,Oman,REF_002,86.41,1.51,87.92,46063,USD,Pipeline
2025-02-25,Oman,REF_002,88.73,1.39,90.12,75492,USD,Pipeline
2025-03-04,Oman,REF_002,85.28,1.49,86.76,78274,USD,Pipeline
2025-03-11,Oman,REF_002,85.7,1.38,87.09,56477,USD,Pipeline
2025-03-18,Oman,REF_002,87.09,1.44,88.53,53508,USD,Pipeline
2025-03-25,Oman,REF_002,88.54,1.38,89.91,24386,USD,Pipeline
2025-04-01,Oman,REF_002,86.14,1.39,87.52,87308,USD,Pipeline
2025-04-08,Oman,REF_002,88.41,1.49,89.9,94934,USD,Pipeline
2025-04-15,Oman,REF_002,90.27,1.32,91.59,92721,USD,Pipeline
2025-04-22,Oman,REF_002,89.31,1.4,90.7,93489,USD,Pipeline
2025-04-29,Oman,REF_002,88.54,1.26,89.8,57522,USD,Pipeline
2025-05-06,Oman,REF_002,90.82,1.38,92.2,61741,USD,Pipeline
2025-05-13,Oman,REF_002,92.49,1.37,93.85,75093,USD,Pipeline
2025-05-20,Oman,REF_002,89.57,1.31,90.89,68804,USD,Pipeline
2025-05-27,Oman,REF_002,87.97,1.5,89.47,34627,USD,Pipeline
2025-06-03,Oman,REF_002,89.65,1.24,90.9,85080,USD,Pipeline
2025-06-10,Oman,REF_002,87.7,1.35,89.05,91151,USD,Pipeline
2025-06-17,Oman,REF_002,89.57,1.29,90.86,42776,USD,Pipeline
2025-06-24,Oman,REF_002,90.91,1.32,92.23,74359,USD,Pipeline
2025-07-01,Oman,REF_002,91.03,1.48,92.51,13934,USD,Pipeline
2025-07-08,Oman,REF_002,90.54,1.32,91.86,28715,USD,Pipeline
2025-07-15,Oman,REF_002,90.08,1.25,91.33,60960,USD,Pipeline
2025-07-22,Oman,REF_002,89.52,1.43,90.95,68905,USD,Pipeline
2025-07-29,Oman,REF_002,87.91,1.26,89.16,66939,USD,Pipeline
2025-08-05,Oman,REF_002,86.6,1.31,87.91,17984,USD,Pipeline
2025-08-12,Oman,REF_002,84.67,1.38,86.05,23420,USD,Pipeline
2025-08-19,Oman,REF_002,83.87,1.51,85.38,40200,USD,Pipeline
2025-08-26,Oman,REF_002,88.78,1.48,90.26,95316,USD,Pipeline
2025-09-02,Oman,REF_002,87.5,1.34,88.85,48118,USD,Pipeline
2025-09-09,Oman,REF_002,86.81,1.44,88.25,49174,USD,Pipeline
2025-09-16,Oman,REF_002,86.03,1.47,87.5,57623,USD,Pipeline
2025-09-23,Oman,REF_002,87.96,1.37,89.33,90120,USD,Pipeline
2025-09-30,Oman,REF_002,85.62,1.34,86.97,32921,USD,Pipeline
2025-10-07,Oman,REF_002,87.94,1.47,89.4,90412,USD,Pipeline
2025-10-14,Oman,REF_002,87.53,1.48,89.01,39712,USD,Pipeline
2025-10-21,Oman,REF_002,90.18,1.47,91.66,46158,USD,Pipeline
2025-10-28,Oman,REF_002,91.01,1.38,92.4,36160,USD,Pipeline
2025-11-04,Oman,REF_002,93.12,1.4,94.53,66458,USD,Pipeline
2025-11-11,Oman,REF_002,95.55,1.49,97.04,83804,USD,Pipeline
2025-11-18,Oman,REF_002,96.22,1.29,97.5,23355,USD,Pipeline
2025-11-25,Oman,REF_002,94.46,1.37,95.83,53699,USD,Pipeline
2025-12-02,Oman,REF_002,94.52,1.29,95.81,59557,USD,Pipeline
2025-12-09,Oman,REF_002,92.59,1.47,94.06,17735,USD,Pipeline
2025-12-16,Oman,REF_002,89.78,1.4,91.18,90416,USD,Pipeline
2025-12-23,Oman,REF_002,88.72,1.3,90.02,70867,USD,Pipeline
2025-12-30,Oman,REF_002,88.92,1.43,90.35,70380,USD,Pipeline
2026-01-06,Oman,REF_002,87.14,1.45,88.59,47563,USD,Pipeline
2026-01-13,Oman,REF_002,86.81,1.33,88.14,38975,USD,Pipeline
2026-01-20,Oman,REF_002,90.01,1.29,91.31,74851,USD,Pipeline
2026-01-27,Oman,REF_002,90.83,1.43,92.26,35797,USD,Pipeline
2026-02-03,Oman,REF_002,88.78,1.38,90.15,70383,USD,Pipeline
2026-02-10,Oman,REF_002,90.06,1.37,91.43,55628,USD,Pipeline
2026-02-17,Oman,REF_002,89.7,1.43,91.13,50633,USD,Pipeline
2026-02-24,Oman,REF_002,90.52,1.47,91.99,73158,USD,Pipeline
2026-03-03,Oman,REF_002,90.4,1.37,91.78,41167,USD,Pipeline
2026-03-10,Oman,REF_002,87.89,1.37,89.26,29944,USD,Pipeline
2026-03-17,Oman,REF_002,92.19,1.46,93.65,81196,USD,Pipeline
2026-03-24,Oman,REF_002,90.04,1.32,91.36,24638,USD,Pipeline
2026-03-31,Oman,REF_002,88.01,1.48,89.49,33902,USD,Pipeline
2026-04-07,Oman,REF_002,86.81,1.44,88.26,23257,USD,Pipeline
2024-04-09,Oman,REF_003,70.6,6.86,77.45,25514,USD,Tanker
2024-04-16,Oman,REF_003,69.01,7.46,76.47,85721,USD,Tanker
2024-04-23,Oman,REF_003,69.15,6.8,75.94,72819,USD,Tanker
2024-04-30,Oman,REF_003,69.08,7.8,76.89,58425,USD,Tanker
2024-05-07,Oman,REF_003,67.74,7.03,74.77,10527,USD,Tanker
2024-05-14,Oman,REF_003,66.82,6.98,73.8,49506,USD,Tanker
2024-05-21,Oman,REF_003,63.66,6.48,70.14,57811,USD,Tanker
2024-05-28,Oman,REF_003,62.49,7.71,70.2,84529,USD,Tanker
2024-06-04,Oman,REF_003,59.55,7.01,66.56,14865,USD,Tanker
2024-06-11,Oman,REF_003,59.08,7.13,66.21,17712,USD,Tanker
2024-06-18,Oman,REF_003,60.89,7.43,68.32,74090,USD,Tanker
2024-06-25,Oman,REF_003,62.74,6.51,69.25,37678,USD,Tanker
2024-07-02,Oman,REF_003,62.3,6.74,69.04,72811,USD,Tanker
2024-07-09,Oman,REF_003,63.61,7.58,71.19,80491,USD,Tanker
2024-07-16,Oman,REF_003,61.71,6.48,68.19,93746,USD,Tanker
2024-07-23,Oman,REF_003,63.44,7.37,70.81,57621,USD,Tanker
2024-07-30,Oman,REF_003,64.63,7.36,71.99,42411,USD,Tanker
2024-08-06,Oman,REF_003,68.22,7.4,75.61,63418,USD,Tanker
2024-08-13,Oman,REF_003,67.5,6.51,74.02,35901,USD,Tanker
2024-08-20,Oman,REF_003,65.87,6.93,72.8,74532,USD,Tanker
2024-08-27,Oman,REF_003,70.52,7.0,77.51,91757,USD,Tanker
2024-09-03,Oman,REF_003,67.52,6.92,74.44,22080,USD,Tanker
2024-09-10,Oman,REF_003,73.28,6.46,79.74,70920,USD,Tanker
2024-09-17,Oman,REF_003,72.9,7.7,80.6,53027,USD,Tanker
2024-09-24,Oman,REF_003,71.96,7.71,79.66,15536,USD,Tanker
2024-10-01,Oman,REF_003,71.45,6.58,78.03,92356,USD,Tanker
2024-10-08,Oman,REF_003,72.73,6.67,79.39,59140,USD,Tanker
2024-10-15,Oman,REF_003,73.75,7.04,80.79,43327,USD,Tanker
2024-10-22,Oman,REF_003,73.54,7.28,80.82,57497,USD,Tanker
2024-10-29,Oman,REF_003,73.87,6.58,80.46,94142,USD,Tanker
2024-11-05,Oman,REF_003,67.76,6.8,74.56,61312,USD,Tanker
2024-11-12,Oman,REF_003,66.9,7.49,74.38,23987,USD,Tanker
2024-11-19,Oman,REF_003,70.7,7.86,78.56,50115,USD,Tanker
2024-11-26,Oman,REF_003,67.37,6.93,74.3,68912,USD,Tanker
2024-12-03,Oman,REF_003,67.9,6.93,74.83,74669,USD,Tanker
2024-12-10,Oman,REF_003,69.83,7.41,77.24,29089,USD,Tanker
2024-12-17,Oman,REF_003,68.27,6.51,74.79,93719,USD,Tanker
2024-12-24,Oman,REF_003,69.14,6.87,76.01,69237,USD,Tanker
2024-12-31,Oman,REF_003,66.18,7.45,73.62,16687,USD,Tanker
2025-01-07,Oman,REF_003,64.64,7.15,71.79,96218,USD,Tanker
2025-01-14,Oman,REF_003,66.37,7.22,73.59,47736,USD,Tanker
2025-01-21,Oman,REF_003,66.54,7.7,74.25,58853,USD,Tanker
2025-01-28,Oman,REF_003,65.57,7.56,73.13,89737,USD,Tanker
2025-02-04,Oman,REF_003,62.35,7.76,70.11,40655,USD,Tanker
2025-02-11,Oman,REF_003,58.97,7.39,66.36,65790,USD,Tanker
2025-02-18,Oman,REF_003,63.42,7.45,70.87,93232,USD,Tanker
2025-02-25,Oman,REF_003,62.96,7.59,70.55,42222,USD,Tanker
2025-03-04,Oman,REF_003,64.72,6.83,71.55,39236,USD,Tanker
2025-03-11,Oman,REF_003,64.43,7.43,71.85,19970,USD,Tanker
2025-03-18,Oman,REF_003,63.21,6.78,69.99,18775,USD,Tanker
2025-03-25,Oman,REF_003,63.62,6.88,70.5,94559,USD,Tanker
2025-04-01,Oman,REF_003,61.4,7.39,68.78,90968,USD,Tanker
2025-04-08,Oman,REF_003,60.41,6.49,66.9,70157,USD,Tanker
2025-04-15,Oman,REF_003,58.68,6.78,65.46,91548,USD,Tanker
2025-04-22,Oman,REF_003,55.78,7.71,63.49,64432,USD,Tanker
2025-04-29,Oman,REF_003,53.68,7.55,61.23,65233,USD,Tanker
2025-05-06,Oman,REF_003,47.48,6.62,54.1,19482,USD,Tanker
2025-05-13,Oman,REF_003,47.16,7.63,54.8,13551,USD,Tanker
2025-05-20,Oman,REF_003,46.98,7.8,54.78,20000,USD,Tanker
2025-05-27,Oman,REF_003,46.16,7.39,53.55,40790,USD,Tanker
2025-06-03,Oman,REF_003,47.28,6.54,53.82,75738,USD,Tanker
2025-06-10,Oman,REF_003,46.06,7.57,53.63,51174,USD,Tanker
2025-06-17,Oman,REF_003,47.92,7.49,55.41,68076,USD,Tanker
2025-06-24,Oman,REF_003,47.51,6.6,54.11,80945,USD,Tanker
2025-07-01,Oman,REF_003,48.54,7.61,56.14,12349,USD,Tanker
2025-07-08,Oman,REF_003,46.45,7.63,54.08,32140,USD,Tanker
2025-07-15,Oman,REF_003,50.9,6.91,57.8,79616,USD,Tanker
2025-07-22,Oman,REF_003,48.22,7.72,55.94,99491,USD,Tanker
2025-07-29,Oman,REF_003,49.05,6.65,55.7,36686,USD,Tanker
2025-08-05,Oman,REF_003,47.99,7.11,55.1,29658,USD,Tanker
2025-08-12,Oman,REF_003,48.69,7.39,56.09,42381,USD,Tanker
2025-08-19,Oman,REF_003,48.41,7.21,55.62,90009,USD,Tanker
2025-08-26,Oman,REF_003,50.78,7.54,58.32,82795,USD,Tanker
2025-09-02,Oman,REF_003,52.81,6.5,59.31,86026,USD,Tanker
2025-09-09,Oman,REF_003,52.63,6.64,59.27,63266,USD,Tanker
2025-09-16,Oman,REF_003,50.94,6.68,57.62,71405,USD,Tanker
2025-09-23,Oman,REF_003,52.2,6.68,58.89,56173,USD,Tanker
2025-09-30,Oman,REF_003,49.31,7.66,56.97,12448,USD,Tanker
2025-10-07,Oman,REF_003,49.76,7.39,57.15,18055,USD,Tanker
2025-10-14,Oman,REF_003,48.88,6.59,55.47,92036,USD,Tanker
2025-10-21,Oman,REF_003,47.47,6.63,54.1,17469,USD,Tanker
2025-10-28,Oman,REF_003,49.96,7.45,57.41,97113,USD,Tanker
2025-11-04,Oman,REF_003,51.41,7.54,58.95,44429,USD,Tanker
2025-11-11,Oman,REF_003,49.37,6.89,56.26,26773,USD,Tanker
2025-11-18,Oman,REF_003,47.31,7.0,54.32,19906,USD,Tanker
2025-11-25,Oman,REF_003,45.56,7.76,53.32,51512,USD,Tanker
2025-12-02,Oman,REF_003,44.47,7.62,52.09,62960,USD,Tanker
2025-12-09,Oman,REF_003,44.27,7.33,51.6,73823,USD,Tanker
2025-12-16,Oman,REF_003,43.88,7.32,51.2,59896,USD,Tanker
2025-12-23,Oman,REF_003,42.03,7.34,49.37,97201,USD,Tanker
2025-12-30,Oman,REF_003,38.7,7.32,46.02,20559,USD,Tanker
2026-01-06,Oman,REF_003,38.31,7.57,45.88,77285,USD,Tanker
2026-01-13,Oman,REF_003,38.89,7.04,45.92,56997,USD,Tanker
2026-01-20,Oman,REF_003,40.38,7.84,48.22,48445,USD,Tanker
2026-01-27,Oman,REF_003,38.38,7.87,46.25,32715,USD,Tanker
2026-02-03,Oman,REF_003,40.36,6.48,46.84,66528,USD,Tanker
2026-02-10,Oman,REF_003,39.68,6.45,46.12,55405,USD,Tanker
2026-02-17,Oman,REF_003,41.13,7.34,48.47,39394,USD,Tanker
2026-02-24,Oman,REF_003,43.96,7.35,51.31,86928,USD,Tanker
2026-03-03,Oman,REF_003,50.24,7.64,57.88,20966,USD,Tanker
2026-03-10,Oman,REF_003,49.73,7.3,57.03,52698,USD,Tanker
2026-03-17,Oman,REF_003,46.21,7.35,53.56,90782,USD,Tanker
2026-03-24,Oman,REF_003,43.06,7.37,50.43,33793,USD,Tanker
2026-03-31,Oman,REF_003,42.41,6.47,48.87,83005,USD,Tanker
2026-04-07,Oman,REF_003,38.62,7.58,46.2,72521,USD,Tanker
2024-04-09,Oman,REF_004,68.88,10.72,79.61,18707,USD,Rail
2024-04-16,Oman,REF_004,70.5,10.59,81.09,55929,USD,Rail
2024-04-23,Oman,REF_004,70.17,10.14,80.31,94040,USD,Rail
2024-04-30,Oman,REF_004,72.51,11.18,83.69,13214,USD,Rail
2024-05-07,Oman,REF_004,70.02,9.82,79.85,69952,USD,Rail
2024-05-14,Oman,REF_004,69.92,9.52,79.44,11014,USD,Rail
2024-05-21,Oman,REF_004,71.59,11.12,82.71,58807,USD,Rail
2024-05-28,Oman,REF_004,74.28,11.2,85.48,64838,USD,Rail
2024-06-04,Oman,REF_004,77.26,10.8,88.06,41278,USD,Rail
2024-06-11,Oman,REF_004,74.15,10.03,84.18,66694,USD,Rail
2024-06-18,Oman,REF_004,77.28,11.28,88.56,13939,USD,Rail
2024-06-25,Oman,REF_004,72.13,10.59,82.73,93059,USD,Rail
2024-07-02,Oman,REF_004,70.67,10.01,80.67,16667,USD,Rail
2024-07-09,Oman,REF_004,69.33,10.41,79.74,68091,USD,Rail
2024-07-16,Oman,REF_004,72.19,10.84,83.03,16627,USD,Rail
2024-07-23,Oman,REF_004,71.55,9.28,80.83,80499,USD,Rail
2024-07-30,Oman,REF_004,72.01,9.45,81.46,36596,USD,Rail
2024-08-06,Oman,REF_004,69.87,9.58,79.45,76275,USD,Rail
2024-08-13,Oman,REF_004,68.19,9.38,77.57,51970,USD,Rail
2024-08-20,Oman,REF_004,68.99,9.66,78.65,10732,USD,Rail
2024-08-27,Oman,REF_004,67.29,10.67,77.96,87477,USD,Rail
2024-09-03,Oman,REF_004,65.89,9.75,75.64,30074,USD,Rail
2024-09-10,Oman,REF_004,63.6,11.21,74.8,31917,USD,Rail
2024-09-17,Oman,REF_004,62.81,9.45,72.26,60119,USD,Rail
2024-09-24,Oman,REF_004,67.18,11.25,78.43,39113,USD,Rail
2024-10-01,Oman,REF_004,68.43,10.0,78.43,40333,USD,Rail
2024-10-08,Oman,REF_004,71.08,10.35,81.43,42789,USD,Rail
2024-10-15,Oman,REF_004,74.35,10.14,84.49,81325,USD,Rail
2024-10-22,Oman,REF_004,77.39,9.83,87.22,92034,USD,Rail
2024-10-29,Oman,REF_004,78.92,9.33,88.25,63612,USD,Rail
2024-11-05,Oman,REF_004,79.51,9.92,89.43,51377,USD,Rail
2024-11-12,Oman,REF_004,80.02,9.33,89.35,81078,USD,Rail
2024-11-19,Oman,REF_004,79.63,11.3,90.93,92596,USD,Rail
2024-11-26,Oman,REF_004,77.59,9.94,87.53,30149,USD,Rail
2024-12-03,Oman,REF_004,79.25,10.75,90.0,29484,USD,Rail
2024-12-10,Oman,REF_004,77.03,9.75,86.78,39105,USD,Rail
2024-12-17,Oman,REF_004,78.64,9.31,87.96,67437,USD,Rail
2024-12-24,Oman,REF_004,78.38,11.03,89.42,75102,USD,Rail
2024-12-31,Oman,REF_004,78.14,11.13,89.27,20414,USD,Rail
2025-01-07,Oman,REF_004,75.14,11.29,86.43,22926,USD,Rail
2025-01-14,Oman,REF_004,75.74,10.96,86.7,13412,USD,Rail
2025-01-21,Oman,REF_004,75.06,9.61,84.66,95367,USD,Rail
2025-01-28,Oman,REF_004,76.77,11.14,87.92,23964,USD,Rail
2025-02-04,Oman,REF_004,74.98,9.72,84.7,49737,USD,Rail
2025-02-11,Oman,REF_004,76.55,9.93,86.48,15971,USD,Rail
2025-02-18,Oman,REF_004,79.0,9.78,88.78,29760,USD,Rail
2025-02-25,Oman,REF_004,80.38,10.26,90.64,97506,USD,Rail
2025-03-04,Oman,REF_004,79.38,9.57,88.94,19960,USD,Rail
2025-03-11,Oman,REF_004,80.88,10.56,91.44,61968,USD,Rail
2025-03-18,Oman,REF_004,80.09,10.26,90.35,33235,USD,Rail
2025-03-25,Oman,REF_004,79.91,9.46,89.37,91515,USD,Rail
2025-04-01,Oman,REF_004,78.48,10.97,89.44,65778,USD,Rail
2025-04-08,Oman,REF_004,74.53,10.21,84.74,77091,USD,Rail
2025-04-15,Oman,REF_004,70.43,9.52,79.95,57816,USD,Rail
2025-04-22,Oman,REF_004,70.52,9.29,79.8,32022,USD,Rail
2025-04-29,Oman,REF_004,73.25,10.63,83.89,94077,USD,Rail
2025-05-06,Oman,REF_004,69.71,9.35,79.06,55646,USD,Rail
2025-05-13,Oman,REF_004,71.2,9.67,80.87,75481,USD,Rail
2025-05-20,Oman,REF_004,72.32,9.37,81.69,69618,USD,Rail
2025-05-27,Oman,REF_004,74.76,10.8,85.55,21773,USD,Rail
2025-06-03,Oman,REF_004,73.89,10.23,84.12,27951,USD,Rail
2025-06-10,Oman,REF_004,78.62,10.78,89.4,93261,USD,Rail
2025-06-17,Oman,REF_004,77.5,11.28,88.79,42775,USD,Rail
2025-06-24,Oman,REF_004,79.97,9.74,89.71,97127,USD,Rail
2025-07-01,Oman,REF_004,81.3,9.42,90.72,27282,USD,Rail
2025-07-08,Oman,REF_004,82.78,9.3,92.08,79898,USD,Rail
2025-07-15,Oman,REF_004,81.45,9.63,91.08,67701,USD,Rail
2025-07-22,Oman,REF_004,80.64,10.15,90.79,94725,USD,Rail
2025-07-29,Oman,REF_004,82.77,10.38,93.15,73481,USD,Rail
2025-08-05,Oman,REF_004,81.91,9.61,91.52,77408,USD,Rail
2025-08-12,Oman,REF_004,82.42,10.22,92.64,30567,USD,Rail
2025-08-19,Oman,REF_004,81.32,10.25,91.57,87011,USD,Rail
2025-08-26,Oman,REF_004,80.73,10.36,91.09,66272,USD,Rail
2025-09-02,Oman,REF_004,80.12,10.12,90.24,33975,USD,Rail
2025-09-09,Oman,REF_004,79.32,11.29,90.6,93472,USD,Rail
2025-09-16,Oman,REF_004,77.87,9.35,87.22,59613,USD,Rail
2025-09-23,Oman,REF_004,76.85,10.76,87.61,98908,USD,Rail
2025-09-30,Oman,REF_004,77.16,10.14,87.3,50447,USD,Rail
2025-10-07,Oman,REF_004,79.64,10.88,90.53,16982,USD,Rail
2025-10-14,Oman,REF_004,81.32,10.91,92.22,87766,USD,Rail
2025-10-21,Oman,REF_004,80.94,11.28,92.21,36496,USD,Rail
2025-10-28,Oman,REF_004,86.97,10.47,97.44,55600,USD,Rail
2025-11-04,Oman,REF_004,91.1,10.36,101.46,10625,USD,Rail
2025-11-11,Oman,REF_004,92.02,10.99,103.01,28103,USD,Rail
2025-11-18,Oman,REF_004,93.37,10.24,103.61,61703,USD,Rail
2025-11-25,Oman,REF_004,90.92,10.28,101.2,47607,USD,Rail
2025-12-02,Oman,REF_004,88.62,11.25,99.87,61727,USD,Rail
2025-12-09,Oman,REF_004,88.51,9.85,98.36,74155,USD,Rail
2025-12-16,Oman,REF_004,87.79,9.93,97.71,49469,USD,Rail
2025-12-23,Oman,REF_004,89.14,9.71,98.85,82880,USD,Rail
2025-12-30,Oman,REF_004,87.88,11.31,99.19,61747,USD,Rail
2026-01-06,Oman,REF_004,88.12,11.09,99.21,55145,USD,Rail
2026-01-13,Oman,REF_004,85.62,10.13,95.75,29647,USD,Rail
2026-01-20,Oman,REF_004,90.15,11.24,101.39,26359,USD,Rail
2026-01-27,Oman,REF_004,88.41,11.3,99.71,60010,USD,Rail
2026-02-03,Oman,REF_004,88.52,10.93,99.46,60663,USD,Rail
2026-02-10,Oman,REF_004,88.83,10.17,99.01,51031,USD,Rail
2026-02-17,Oman,REF_004,91.61,9.26,100.87,43358,USD,Rail
2026-02-24,Oman,REF_004,91.87,11.15,103.02,28023,USD,Rail
2026-03-03,Oman,REF_004,92.52,10.27,102.79,13103,USD,Rail
2026-03-10,Oman,REF_004,94.67,10.8,105.47,17809,USD,Rail
2026-03-17,Oman,REF_004,96.01,9.77,105.78,69024,USD,Rail
2026-03-24,Oman,REF_004,94.4,10.09,104.5,41613,USD,Rail
2026-03-31,Oman,REF_004,96.25,9.27,105.52,61886,USD,Rail
2026-04-07,Oman,REF_004,93.82,10.67,104.49,31847,USD,Rail
2024-04-09,Oman,REF_005,71.84,5.19,77.02,80143,USD,Tanker
2024-04-16,Oman,REF_005,71.74,5.23,76.98,64702,USD,Tanker
2024-04-23,Oman,REF_005,73.96,6.13,80.09,96164,USD,Tanker
2024-04-30,Oman,REF_005,73.85,5.29,79.14,63994,USD,Tanker
2024-05-07,Oman,REF_005,77.48,5.77,83.25,19997,USD,Tanker
2024-05-14,Oman,REF_005,75.79,6.05,81.84,62510,USD,Tanker
2024-05-21,Oman,REF_005,73.63,5.36,78.98,37904,USD,Tanker
2024-05-28,Oman,REF_005,72.6,6.2,78.81,79510,USD,Tanker
2024-06-04,Oman,REF_005,72.63,5.96,78.58,77906,USD,Tanker
2024-06-11,Oman,REF_005,71.43,5.6,77.02,35106,USD,Tanker
2024-06-18,Oman,REF_005,71.82,5.42,77.24,43363,USD,Tanker
2024-06-25,Oman,REF_005,74.11,5.09,79.2,42964,USD,Tanker
2024-07-02,Oman,REF_005,71.58,6.15,77.73,33209,USD,Tanker
2024-07-09,Oman,REF_005,73.61,5.63,79.25,20996,USD,Tanker
2024-07-16,Oman,REF_005,77.71,6.03,83.73,61054,USD,Tanker
2024-07-23,Oman,REF_005,78.99,5.17,84.16,54239,USD,Tanker
2024-07-30,Oman,REF_005,79.1,5.88,84.98,81743,USD,Tanker
2024-08-06,Oman,REF_005,81.1,6.07,87.17,71939,USD,Tanker
2024-08-13,Oman,REF_005,80.67,5.83,86.5,40994,USD,Tanker
2024-08-20,Oman,REF_005,82.0,5.09,87.1,85869,USD,Tanker
2024-08-27,Oman,REF_005,79.36,6.1,85.46,24762,USD,Tanker
2024-09-03,Oman,REF_005,76.84,5.64,82.48,67458,USD,Tanker
2024-09-10,Oman,REF_005,77.41,5.52,82.93,90534,USD,Tanker
2024-09-17,Oman,REF_005,77.56,5.74,83.3,10244,USD,Tanker
2024-09-24,Oman,REF_005,79.52,5.46,84.99,78469,USD,Tanker
2024-10-01,Oman,REF_005,79.17,5.14,84.32,85368,USD,Tanker
2024-10-08,Oman,REF_005,77.47,5.91,83.38,92957,USD,Tanker
2024-10-15,Oman,REF_005,75.55,5.74,81.29,88043,USD,Tanker
2024-10-22,Oman,REF_005,75.55,5.14,80.69,83335,USD,Tanker
2024-10-29,Oman,REF_005,73.64,5.83,79.47,15588,USD,Tanker
2024-11-05,Oman,REF_005,74.29,5.28,79.56,15251,USD,Tanker
2024-11-12,Oman,REF_005,71.0,5.41,76.4,68181,USD,Tanker
2024-11-19,Oman,REF_005,72.3,5.21,77.51,66988,USD,Tanker
2024-11-26,Oman,REF_005,73.88,5.84,79.71,68808,USD,Tanker
2024-12-03,Oman,REF_005,74.75,5.82,80.57,13704,USD,Tanker
2024-12-10,Oman,REF_005,78.35,5.83,84.18,36208,USD,Tanker
2024-12-17,Oman,REF_005,74.25,5.85,80.09,45626,USD,Tanker
2024-12-24,Oman,REF_005,72.53,5.43,77.96,95463,USD,Tanker
2024-12-31,Oman,REF_005,73.7,5.94,79.64,90876,USD,Tanker
2025-01-07,Oman,REF_005,74.83,5.1,79.92,14671,USD,Tanker
2025-01-14,Oman,REF_005,77.86,5.95,83.81,70207,USD,Tanker
2025-01-21,Oman,REF_005,77.27,5.82,83.09,11373,USD,Tanker
2025-01-28,Oman,REF_005,74.4,5.85,80.24,46139,USD,Tanker
2025-02-04,Oman,REF_005,78.23,5.47,83.7,19908,USD,Tanker
2025-02-11,Oman,REF_005,76.01,6.01,82.02,55023,USD,Tanker
2025-02-18,Oman,REF_005,77.95,5.46,83.41,42554,USD,Tanker
2025-02-25,Oman,REF_005,75.65,5.39,81.04,42485,USD,Tanker
2025-03-04,Oman,REF_005,77.21,5.3,82.51,60111,USD,Tanker
2025-03-11,Oman,REF_005,74.63,5.66,80.29,59833,USD,Tanker
2025-03-18,Oman,REF_005,76.42,5.42,81.84,88424,USD,Tanker
2025-03-25,Oman,REF_005,75.73,5.54,81.27,68704,USD,Tanker
2025-04-01,Oman,REF_005,75.67,5.81,81.49,36784,USD,Tanker
2025-04-08,Oman,REF_005,75.22,5.44,80.66,45729,USD,Tanker
2025-04-15,Oman,REF_005,76.56,5.14,81.7,84802,USD,Tanker
2025-04-22,Oman,REF_005,73.55,6.17,79.71,24908,USD,Tanker
2025-04-29,Oman,REF_005,74.82,5.85,80.67,30398,USD,Tanker
2025-05-06,Oman,REF_005,76.92,5.51,82.43,24339,USD,Tanker
2025-05-13,Oman,REF_005,76.89,5.84,82.73,38864,USD,Tanker
2025-05-20,Oman,REF_005,74.39,5.62,80.01,41352,USD,Tanker
2025-05-27,Oman,REF_005,74.89,5.79,80.67,75728,USD,Tanker
2025-06-03,Oman,REF_005,75.9,5.38,81.28,93681,USD,Tanker
2025-06-10,Oman,REF_005,75.14,6.1,81.24,33392,USD,Tanker
2025-06-17,Oman,REF_005,74.51,6.04,80.55,36789,USD,Tanker
2025-06-24,Oman,REF_005,74.93,5.12,80.05,71781,USD,Tanker
2025-07-01,Oman,REF_005,72.78,5.84,78.62,99309,USD,Tanker
2025-07-08,Oman,REF_005,72.2,5.58,77.78,33156,USD,Tanker
2025-07-15,Oman,REF_005,72.98,5.14,78.11,44422,USD,Tanker
2025-07-22,Oman,REF_005,73.5,5.52,79.02,12811,USD,Tanker
2025-07-29,Oman,REF_005,72.72,5.39,78.11,39946,USD,Tanker
2025-08-05,Oman,REF_005,76.56,5.97,82.53,98722,USD,Tanker
2025-08-12,Oman,REF_005,75.57,6.05,81.62,51185,USD,Tanker
2025-08-19,Oman,REF_005,76.18,5.56,81.74,46503,USD,Tanker
2025-08-26,Oman,REF_005,74.71,5.46,80.18,25196,USD,Tanker
2025-09-02,Oman,REF_005,75.87,5.9,81.78,37661,USD,Tanker
2025-09-09,Oman,REF_005,74.05,5.71,79.76,74021,USD,Tanker
2025-09-16,Oman,REF_005,73.73,5.89,79.62,35187,USD,Tanker
2025-09-23,Oman,REF_005,73.37,5.2,78.57,56821,USD,Tanker
2025-09-30,Oman,REF_005,72.16,5.38,77.53,28699,USD,Tanker
2025-10-07,Oman,REF_005,74.08,5.62,79.69,61548,USD,Tanker
2025-10-14,Oman,REF_005,74.67,5.68,80.35,60648,USD,Tanker
2025-10-21,Oman,REF_005,73.95,5.21,79.16,66092,USD,Tanker
2025-10-28,Oman,REF_005,72.14,5.76,77.9,31007,USD,Tanker
2025-11-04,Oman,REF_005,75.49,5.8,81.29,57971,USD,Tanker
2025-11-11,Oman,REF_005,72.44,5.97,78.41,84336,USD,Tanker
2025-11-18,Oman,REF_005,73.46,5.2,78.66,88086,USD,Tanker
2025-11-25,Oman,REF_005,74.03,5.14,79.17,57094,USD,Tanker
2025-12-02,Oman,REF_005,77.01,5.61,82.62,30111,USD,Tanker
2025-12-09,Oman,REF_005,76.01,5.74,81.75,50550,USD,Tanker
2025-12-16,Oman,REF_005,77.87,6.07,83.94,55087,USD,Tanker
2025-12-23,Oman,REF_005,79.8,5.95,85.75,94118,USD,Tanker
2025-12-30,Oman,REF_005,77.87,5.92,83.8,14463,USD,Tanker
2026-01-06,Oman,REF_005,77.73,5.25,82.98,98062,USD,Tanker
2026-01-13,Oman,REF_005,80.31,5.82,86.13,90307,USD,Tanker
2026-01-20,Oman,REF_005,81.36,5.75,87.12,44769,USD,Tanker
2026-01-27,Oman,REF_005,80.14,5.32,85.46,40667,USD,Tanker
2026-02-03,Oman,REF_005,83.57,5.57,89.14,45328,USD,Tanker
2026-02-10,Oman,REF_005,84.07,5.09,89.16,95437,USD,Tanker
2026-02-17,Oman,REF_005,84.38,5.34,89.71,89338,USD,Tanker
2026-02-24,Oman,REF_005,83.21,6.01,89.22,25335,USD,Tanker
2026-03-03,Oman,REF_005,80.56,5.11,85.67,75431,USD,Tanker
2026-03-10,Oman,REF_005,77.74,6.02,83.76,14195,USD,Tanker
2026-03-17,Oman,REF_005,79.24,6.13,85.37,21993,USD,Tanker
2026-03-24,Oman,REF_005,79.49,6.18,85.66,34338,USD,Tanker
2026-03-31,Oman,REF_005,82.06,5.21,87.26,58086,USD,Tanker
2026-04-07,Oman,REF_005,79.73,6.0,85.73,54657,USD,Tanker
2024-04-09,Urals,REF_001,64.38,5.94,70.32,74900,USD,Rail
2024-04-16,Urals,REF_001,65.06,6.07,71.13,24477,USD,Rail
2024-04-23,Urals,REF_001,64.26,5.39,69.65,35494,USD,Rail
2024-04-30,Urals,REF_001,63.56,5.92,69.48,25565,USD,Rail
2024-05-07,Urals,REF_001,67.04,5.82,72.86,52291,USD,Rail
2024-05-14,Urals,REF_001,68.64,6.35,74.99,74974,USD,Rail
2024-05-21,Urals,REF_001,69.79,6.09,75.88,45882,USD,Rail
2024-05-28,Urals,REF_001,70.02,5.36,75.38,45160,USD,Rail
2024-06-04,Urals,REF_001,71.01,5.73,76.74,26730,USD,Rail
2024-06-11,Urals,REF_001,70.0,6.27,76.26,60259,USD,Rail
2024-06-18,Urals,REF_001,66.39,6.1,72.49,87564,USD,Rail
2024-06-25,Urals,REF_001,67.24,6.19,73.43,65118,USD,Rail
2024-07-02,Urals,REF_001,69.12,5.97,75.09,90062,USD,Rail
2024-07-09,Urals,REF_001,68.33,5.6,73.93,68886,USD,Rail
2024-07-16,Urals,REF_001,67.98,6.43,74.4,45321,USD,Rail
2024-07-23,Urals,REF_001,69.18,5.82,75.01,82580,USD,Rail
2024-07-30,Urals,REF_001,70.95,5.66,76.61,63439,USD,Rail
2024-08-06,Urals,REF_001,68.9,6.22,75.12,12352,USD,Rail
2024-08-13,Urals,REF_001,69.29,5.82,75.11,74471,USD,Rail
2024-08-20,Urals,REF_001,69.62,6.48,76.1,48927,USD,Rail
2024-08-27,Urals,REF_001,65.63,5.92,71.55,20266,USD,Rail
2024-09-03,Urals,REF_001,66.68,5.74,72.42,16887,USD,Rail
2024-09-10,Urals,REF_001,62.39,5.69,68.08,95348,USD,Rail
2024-09-17,Urals,REF_001,58.93,5.4,64.33,84239,USD,Rail
2024-09-24,Urals,REF_001,56.64,5.63,62.26,91170,USD,Rail
2024-10-01,Urals,REF_001,55.53,6.28,61.81,11418,USD,Rail
2024-10-08,Urals,REF_001,56.4,5.68,62.08,92722,USD,Rail
2024-10-15,Urals,REF_001,54.65,6.23,60.88,88753,USD,Rail
2024-10-22,Urals,REF_001,53.84,6.4,60.25,46377,USD,Rail
2024-10-29,Urals,REF_001,53.13,5.79,58.93,71611,USD,Rail
2024-11-05,Urals,REF_001,55.07,6.44,61.5,39926,USD,Rail
2024-11-12,Urals,REF_001,54.54,5.55,60.09,16777,USD,Rail
2024-11-19,Urals,REF_001,53.63,5.34,58.97,14199,USD,Rail
2024-11-26,Urals,REF_001,52.91,5.91,58.82,73701,USD,Rail
2024-12-03,Urals,REF_001,53.91,5.87,59.77,74965,USD,Rail
2024-12-10,Urals,REF_001,57.55,5.59,63.13,38016,USD,Rail
2024-12-17,Urals,REF_001,55.19,5.87,61.06,21867,USD,Rail
2024-12-24,Urals,REF_001,54.34,5.68,60.02,20184,USD,Rail
2024-12-31,Urals,REF_001,54.14,6.03,60.17,23670,USD,Rail
2025-01-07,Urals,REF_001,53.5,6.48,59.97,34691,USD,Rail
2025-01-14,Urals,REF_001,55.96,6.37,62.33,18175,USD,Rail
2025-01-21,Urals,REF_001,58.37,5.75,64.12,90034,USD,Rail
2025-01-28,Urals,REF_001,57.11,6.35,63.46,71273,USD,Rail
2025-02-04,Urals,REF_001,58.52,5.62,64.14,14034,USD,Rail
2025-02-11,Urals,REF_001,62.21,5.62,67.84,25186,USD,Rail
2025-02-18,Urals,REF_001,62.17,5.39,67.56,85782,USD,Rail
2025-02-25,Urals,REF_001,62.45,6.2,68.66,80243,USD,Rail
2025-03-04,Urals,REF_001,61.31,6.08,67.38,68751,USD,Rail
2025-03-11,Urals,REF_001,56.26,5.47,61.73,58181,USD,Rail
2025-03-18,Urals,REF_001,54.69,5.39,60.08,52137,USD,Rail
2025-03-25,Urals,REF_001,53.86,5.9,59.77,85798,USD,Rail
2025-04-01,Urals,REF_001,57.21,6.07,63.28,21483,USD,Rail
2025-04-08,Urals,REF_001,52.93,5.55,58.48,68317,USD,Rail
2025-04-15,Urals,REF_001,54.29,5.76,60.05,79057,USD,Rail
2025-04-22,Urals,REF_001,52.5,5.72,58.21,34285,USD,Rail
2025-04-29,Urals,REF_001,52.89,5.48,58.37,82019,USD,Rail
2025-05-06,Urals,REF_001,55.75,6.34,62.1,58870,USD,Rail
2025-05-13,Urals,REF_001,52.68,5.61,58.29,81161,USD,Rail
2025-05-20,Urals,REF_001,56.37,6.37,62.73,54034,USD,Rail
2025-05-27,Urals,REF_001,52.66,5.7,58.36,75465,USD,Rail
2025-06-03,Urals,REF_001,52.96,5.49,58.45,50688,USD,Rail
2025-06-10,Urals,REF_001,54.57,5.8,60.37,36848,USD,Rail
2025-06-17,Urals,REF_001,53.47,5.96,59.43,71713,USD,Rail
2025-06-24,Urals,REF_001,51.96,6.46,58.41,29418,USD,Rail
2025-07-01,Urals,REF_001,51.38,6.41,57.8,44366,USD,Rail
2025-07-08,Urals,REF_001,50.94,6.39,57.34,90049,USD,Rail
2025-07-15,Urals,REF_001,48.79,5.81,54.59,54937,USD,Rail
2025-07-22,Urals,REF_001,46.88,6.2,53.08,34093,USD,Rail
2025-07-29,Urals,REF_001,48.45,5.52,53.97,52587,USD,Rail
2025-08-05,Urals,REF_001,45.24,5.6,50.84,27819,USD,Rail
2025-08-12,Urals,REF_001,46.55,5.6,52.14,47365,USD,Rail
2025-08-19,Urals,REF_001,48.42,5.49,53.9,14785,USD,Rail
2025-08-26,Urals,REF_001,44.8,5.55,50.35,20314,USD,Rail
2025-09-02,Urals,REF_001,47.06,6.11,53.17,34431,USD,Rail
2025-09-09,Urals,REF_001,48.26,5.98,54.24,19754,USD,Rail
2025-09-16,Urals,REF_001,47.39,5.95,53.34,37731,USD,Rail
2025-09-23,Urals,REF_001,46.76,6.39,53.15,53038,USD,Rail
2025-09-30,Urals,REF_001,47.11,6.17,53.28,73419,USD,Rail
2025-10-07,Urals,REF_001,47.31,5.58,52.88,27151,USD,Rail
2025-10-14,Urals,REF_001,47.14,5.92,53.06,98609,USD,Rail
2025-10-21,Urals,REF_001,49.57,5.93,55.5,28473,USD,Rail
2025-10-28,Urals,REF_001,49.1,6.34,55.44,16476,USD,Rail
2025-11-04,Urals,REF_001,50.95,6.29,57.24,68976,USD,Rail
2025-11-11,Urals,REF_001,51.98,5.6,57.58,57850,USD,Rail
2025-11-18,Urals,REF_001,53.66,5.49,59.15,51842,USD,Rail
2025-11-25,Urals,REF_001,54.22,5.7,59.92,48494,USD,Rail
2025-12-02,Urals,REF_001,53.14,6.21,59.36,53053,USD,Rail
2025-12-09,Urals,REF_001,51.94,5.91,57.85,90773,USD,Rail
2025-12-16,Urals,REF_001,50.42,5.67,56.09,69331,USD,Rail
2025-12-23,Urals,REF_001,48.12,5.97,54.09,52439,USD,Rail
2025-12-30,Urals,REF_001,47.72,6.27,53.99,46921,USD,Rail
2026-01-06,Urals,REF_001,51.87,6.35,58.23,20766,USD,Rail
2026-01-13,Urals,REF_001,52.41,5.76,58.17,51014,USD,Rail
2026-01-20,Urals,REF_001,51.01,6.13,57.14,29308,USD,Rail
2026-01-27,Urals,REF_001,50.86,6.36,57.22,50566,USD,Rail
2026-02-03,Urals,REF_001,49.72,5.98,55.7,28753,USD,Rail
2026-02-10,Urals,REF_001,46.72,5.58,52.3,24741,USD,Rail
2026-02-17,Urals,REF_001,41.14,5.72,46.86,13497,USD,Rail
2026-02-24,Urals,REF_001,42.18,6.07,48.25,38150,USD,Rail
2026-03-03,Urals,REF_001,40.68,5.95,46.64,84644,USD,Rail
2026-03-10,Urals,REF_001,41.58,5.45,47.03,24661,USD,Rail
2026-03-17,Urals,REF_001,43.55,5.65,49.2,70364,USD,Rail
2026-03-24,Urals,REF_001,43.06,6.28,49.34,90259,USD,Rail
2026-03-31,Urals,REF_001,39.72,6.29,46.01,20479,USD,Rail
2026-04-07,Urals,REF_001,40.25,6.03,46.28,32279,USD,Rail
2024-04-09,Urals,REF_002,66.18,10.4,76.59,99986,USD,Rail
2024-04-16,Urals,REF_002,69.78,9.95,79.73,72553,USD,Rail
2024-04-23,Urals,REF_002,71.4,9.16,80.56,24346,USD,Rail
2024-04-30,Urals,REF_002,69.64,10.16,79.8,66045,USD,Rail
2024-05-07,Urals,REF_002,64.85,9.75,74.61,54863,USD,Rail
2024-05-14,Urals,REF_002,63.68,8.9,72.58,15924,USD,Rail
2024-05-21,Urals,REF_002,61.12,8.71,69.84,17887,USD,Rail
2024-05-28,Urals,REF_002,61.89,8.74,70.64,80488,USD,Rail
2024-06-04,Urals,REF_002,62.05,9.97,72.02,87287,USD,Rail
2024-06-11,Urals,REF_002,64.6,8.72,73.33,52714,USD,Rail
2024-06-18,Urals,REF_002,61.51,8.7,70.22,76745,USD,Rail
2024-06-25,Urals,REF_002,63.3,9.62,72.91,19719,USD,Rail
2024-07-02,Urals,REF_002,61.66,10.46,72.12,72816,USD,Rail
2024-07-09,Urals,REF_002,59.83,8.93,68.76,95903,USD,Rail
2024-07-16,Urals,REF_002,61.35,9.36,70.71,31100,USD,Rail
2024-07-23,Urals,REF_002,61.15,9.95,71.1,33963,USD,Rail
2024-07-30,Urals,REF_002,63.23,10.56,73.79,52661,USD,Rail
2024-08-06,Urals,REF_002,61.85,10.06,71.9,58692,USD,Rail
2024-08-13,Urals,REF_002,61.61,10.55,72.16,21486,USD,Rail
2024-08-20,Urals,REF_002,58.73,9.98,68.71,16452,USD,Rail
2024-08-27,Urals,REF_002,57.45,10.61,68.06,74287,USD,Rail
2024-09-03,Urals,REF_002,54.43,9.62,64.05,72808,USD,Rail
2024-09-10,Urals,REF_002,51.7,9.83,61.53,53562,USD,Rail
2024-09-17,Urals,REF_002,50.72,10.46,61.17,59648,USD,Rail
2024-09-24,Urals,REF_002,49.8,9.81,59.6,48952,USD,Rail
2024-10-01,Urals,REF_002,51.63,9.48,61.11,14736,USD,Rail
2024-10-08,Urals,REF_002,52.9,9.18,62.07,83945,USD,Rail
2024-10-15,Urals,REF_002,54.91,9.43,64.33,38346,USD,Rail
2024-10-22,Urals,REF_002,55.22,8.69,63.92,26218,USD,Rail
2024-10-29,Urals,REF_002,54.04,9.86,63.89,99074,USD,Rail
2024-11-05,Urals,REF_002,53.57,8.8,62.37,45268,USD,Rail
2024-11-12,Urals,REF_002,52.2,9.05,61.25,50756,USD,Rail
2024-11-19,Urals,REF_002,51.88,10.53,62.41,61315,USD,Rail
2024-11-26,Urals,REF_002,52.42,10.34,62.76,82735,USD,Rail
2024-12-03,Urals,REF_002,51.53,10.27,61.8,83057,USD,Rail
2024-12-10,Urals,REF_002,52.47,9.0,61.48,39552,USD,Rail
2024-12-17,Urals,REF_002,49.7,9.49,59.2,48873,USD,Rail
2024-12-24,Urals,REF_002,52.58,9.89,62.47,67760,USD,Rail
2024-12-31,Urals,REF_002,51.95,10.17,62.13,28621,USD,Rail
2025-01-07,Urals,REF_002,54.26,10.05,64.31,89208,USD,Rail
2025-01-14,Urals,REF_002,54.03,9.56,63.6,78929,USD,Rail
2025-01-21,Urals,REF_002,55.28,9.26,64.54,40653,USD,Rail
2025-01-28,Urals,REF_002,54.49,10.07,64.56,77298,USD,Rail
2025-02-04,Urals,REF_002,55.61,10.55,66.16,71847,USD,Rail
2025-02-11,Urals,REF_002,57.29,10.02,67.31,90836,USD,Rail
2025-02-18,Urals,REF_002,55.73,9.24,64.98,84025,USD,Rail
2025-02-25,Urals,REF_002,56.7,10.19,66.89,52729,USD,Rail
2025-03-04,Urals,REF_002,56.08,9.61,65.68,79136,USD,Rail
2025-03-11,Urals,REF_002,54.85,10.59,65.44,66302,USD,Rail
2025-03-18,Urals,REF_002,56.36,8.72,65.08,55590,USD,Rail
2025-03-25,Urals,REF_002,53.66,10.61,64.27,79180,USD,Rail
2025-04-01,Urals,REF_002,55.18,10.01,65.19,36853,USD,Rail
2025-04-08,Urals,REF_002,56.84,10.2,67.04,68129,USD,Rail
2025-04-15,Urals,REF_002,58.44,9.82,68.26,26276,USD,Rail
2025-04-22,Urals,REF_002,60.68,9.59,70.27,75693,USD,Rail
2025-04-29,Urals,REF_002,61.28,9.87,71.16,78806,USD,Rail
2025-05-06,Urals,REF_002,61.65,9.57,71.22,36270,USD,Rail
2025-05-13,Urals,REF_002,59.88,10.48,70.37,37938,USD,Rail
2025-05-20,Urals,REF_002,59.85,9.58,69.43,68804,USD,Rail
2025-05-27,Urals,REF_002,56.2,10.59,66.79,86346,USD,Rail
2025-06-03,Urals,REF_002,56.28,8.89,65.16,43065,USD,Rail
2025-06-10,Urals,REF_002,56.08,9.09,65.17,38104,USD,Rail
2025-06-17,Urals,REF_002,53.29,9.69,62.98,22967,USD,Rail
2025-06-24,Urals,REF_002,52.57,10.45,63.02,12708,USD,Rail
2025-07-01,Urals,REF_002,54.47,10.18,64.65,87845,USD,Rail
2025-07-08,Urals,REF_002,57.52,9.68,67.2,83871,USD,Rail
2025-07-15,Urals,REF_002,56.74,10.59,67.33,78098,USD,Rail
2025-07-22,Urals,REF_002,57.64,9.58,67.22,85152,USD,Rail
2025-07-29,Urals,REF_002,60.83,9.14,69.97,87530,USD,Rail
2025-08-05,Urals,REF_002,61.84,10.03,71.87,10727,USD,Rail
2025-08-12,Urals,REF_002,63.28,10.6,73.88,45272,USD,Rail
2025-08-19,Urals,REF_002,61.65,9.7,71.35,73560,USD,Rail
2025-08-26,Urals,REF_002,61.18,9.86,71.05,95695,USD,Rail
2025-09-02,Urals,REF_002,59.11,9.16,68.27,62005,USD,Rail
2025-09-09,Urals,REF_002,54.96,10.5,65.46,41105,USD,Rail
2025-09-16,Urals,REF_002,54.36,10.39,64.76,91015,USD,Rail
2025-09-23,Urals,REF_002,52.65,8.92,61.58,78807,USD,Rail
2025-09-30,Urals,REF_002,54.55,8.83,63.38,16875,USD,Rail
2025-10-07,Urals,REF_002,54.43,10.49,64.92,79510,USD,Rail
2025-10-14,Urals,REF_002,54.68,9.01,63.68,48019,USD,Rail
2025-10-21,Urals,REF_002,57.0,9.75,66.75,28860,USD,Rail
2025-10-28,Urals,REF_002,57.39,8.73,66.12,11768,USD,Rail
2025-11-04,Urals,REF_002,57.81,9.53,67.35,93178,USD,Rail
2025-11-11,Urals,REF_002,62.47,9.13,71.6,51524,USD,Rail
2025-11-18,Urals,REF_002,63.8,10.15,73.94,41598,USD,Rail
2025-11-25,Urals,REF_002,66.63,9.75,76.38,16998,USD,Rail
2025-12-02,Urals,REF_002,68.93,10.19,79.12,63838,USD,Rail
2025-12-09,Urals,REF_002,69.42,10.0,79.42,27851,USD,Rail
2025-12-16,Urals,REF_002,68.51,9.66,78.17,38116,USD,Rail
2025-12-23,Urals,REF_002,70.95,9.05,80.0,68437,USD,Rail
2025-12-30,Urals,REF_002,71.98,9.53,81.5,27347,USD,Rail
2026-01-06,Urals,REF_002,70.24,9.96,80.2,99837,USD,Rail
2026-01-13,Urals,REF_002,69.79,10.1,79.89,86678,USD,Rail
2026-01-20,Urals,REF_002,69.12,8.69,77.82,75663,USD,Rail
2026-01-27,Urals,REF_002,68.66,10.28,78.94,27017,USD,Rail
2026-02-03,Urals,REF_002,73.77,10.54,84.31,92254,USD,Rail
2026-02-10,Urals,REF_002,72.47,8.72,81.19,14430,USD,Rail
2026-02-17,Urals,REF_002,70.93,9.98,80.9,26578,USD,Rail
2026-02-24,Urals,REF_002,71.23,8.75,79.98,35094,USD,Rail
2026-03-03,Urals,REF_002,75.81,10.16,85.97,15443,USD,Rail
2026-03-10,Urals,REF_002,79.91,8.7,88.62,74278,USD,Rail
2026-03-17,Urals,REF_002,79.07,10.04,89.12,78561,USD,Rail
2026-03-24,Urals,REF_002,77.19,10.5,87.69,82173,USD,Rail
2026-03-31,Urals,REF_002,78.14,9.86,88.0,99668,USD,Rail
2026-04-07,Urals,REF_002,77.84,9.3,87.14,92924,USD,Rail
2024-04-09,Urals,REF_003,64.82,7.99,72.81,98491,USD,Tanker
2024-04-16,Urals,REF_003,66.42,7.68,74.11,33314,USD,Tanker
2024-04-23,Urals,REF_003,68.24,7.18,75.42,46994,USD,Tanker
2024-04-30,Urals,REF_003,66.58,7.47,74.05,92051,USD,Tanker
2024-05-07,Urals,REF_003,64.55,6.89,71.44,36082,USD,Tanker
2024-05-14,Urals,REF_003,66.6,7.19,73.79,75935,USD,Tanker
2024-05-21,Urals,REF_003,66.41,6.82,73.23,42105,USD,Tanker
2024-05-28,Urals,REF_003,65.81,7.34,73.15,90203,USD,Tanker
2024-06-04,Urals,REF_003,65.02,8.11,73.13,23073,USD,Tanker
2024-06-11,Urals,REF_003,64.9,7.84,72.74,28024,USD,Tanker
2024-06-18,Urals,REF_003,64.37,7.36,71.73,66628,USD,Tanker
2024-06-25,Urals,REF_003,66.55,7.42,73.97,40306,USD,Tanker
2024-07-02,Urals,REF_003,64.93,7.74,72.67,19787,USD,Tanker
2024-07-09,Urals,REF_003,63.15,7.53,70.67,44155,USD,Tanker
2024-07-16,Urals,REF_003,65.81,7.44,73.25,16947,USD,Tanker
2024-07-23,Urals,REF_003,64.0,8.04,72.04,90821,USD,Tanker
2024-07-30,Urals,REF_003,63.49,6.78,70.27,54243,USD,Tanker
2024-08-06,Urals,REF_003,63.41,6.81,70.23,49890,USD,Tanker
2024-08-13,Urals,REF_003,64.47,7.24,71.71,44063,USD,Tanker
2024-08-20,Urals,REF_003,63.39,6.73,70.12,68838,USD,Tanker
2024-08-27,Urals,REF_003,61.9,7.61,69.51,68220,USD,Tanker
2024-09-03,Urals,REF_003,63.62,7.63,71.25,72847,USD,Tanker
2024-09-10,Urals,REF_003,65.0,7.55,72.54,94498,USD,Tanker
2024-09-17,Urals,REF_003,66.52,7.85,74.37,90177,USD,Tanker
2024-09-24,Urals,REF_003,70.34,7.98,78.31,58579,USD,Tanker
2024-10-01,Urals,REF_003,70.48,7.99,78.48,75271,USD,Tanker
2024-10-08,Urals,REF_003,70.75,7.18,77.93,63519,USD,Tanker
2024-10-15,Urals,REF_003,70.91,7.1,78.01,57626,USD,Tanker
2024-10-22,Urals,REF_003,67.53,7.0,74.54,66295,USD,Tanker
2024-10-29,Urals,REF_003,63.07,7.87,70.94,34179,USD,Tanker
2024-11-05,Urals,REF_003,62.35,7.81,70.17,15706,USD,Tanker
2024-11-12,Urals,REF_003,61.25,7.61,68.86,83782,USD,Tanker
2024-11-19,Urals,REF_003,60.42,7.21,67.63,29528,USD,Tanker
2024-11-26,Urals,REF_003,61.08,7.25,68.33,67322,USD,Tanker
2024-12-03,Urals,REF_003,59.69,7.75,67.44,20547,USD,Tanker
2024-12-10,Urals,REF_003,58.91,8.1,67.01,65671,USD,Tanker
2024-12-17,Urals,REF_003,60.21,7.65,67.86,73179,USD,Tanker
2024-12-24,Urals,REF_003,61.28,7.87,69.15,50868,USD,Tanker
2024-12-31,Urals,REF_003,60.07,8.06,68.13,58711,USD,Tanker
2025-01-07,Urals,REF_003,59.19,7.1,66.29,93858,USD,Tanker
2025-01-14,Urals,REF_003,58.9,8.11,67.02,18389,USD,Tanker
2025-01-21,Urals,REF_003,61.2,8.09,69.28,51432,USD,Tanker
2025-01-28,Urals,REF_003,56.72,7.33,64.05,58364,USD,Tanker
2025-02-04,Urals,REF_003,53.01,8.17,61.19,11303,USD,Tanker
2025-02-11,Urals,REF_003,49.35,6.95,56.3,93258,USD,Tanker
2025-02-18,Urals,REF_003,49.35,7.26,56.62,59175,USD,Tanker
2025-02-25,Urals,REF_003,49.28,7.12,56.4,18710,USD,Tanker
2025-03-04,Urals,REF_003,50.82,7.58,58.4,92043,USD,Tanker
2025-03-11,Urals,REF_003,50.61,7.68,58.29,19064,USD,Tanker
2025-03-18,Urals,REF_003,48.99,6.81,55.79,28404,USD,Tanker
2025-03-25,Urals,REF_003,48.35,7.3,55.66,50747,USD,Tanker
2025-04-01,Urals,REF_003,46.45,7.42,53.87,15242,USD,Tanker
2025-04-08,Urals,REF_003,48.91,6.9,55.8,30427,USD,Tanker
2025-04-15,Urals,REF_003,50.62,7.11,57.73,47456,USD,Tanker
2025-04-22,Urals,REF_003,48.0,6.8,54.8,36141,USD,Tanker
2025-04-29,Urals,REF_003,47.13,7.85,54.98,15251,USD,Tanker
2025-05-06,Urals,REF_003,44.81,7.75,52.56,39830,USD,Tanker
2025-05-13,Urals,REF_003,43.8,7.28,51.08,92539,USD,Tanker
2025-05-20,Urals,REF_003,46.12,7.71,53.83,96400,USD,Tanker
2025-05-27,Urals,REF_003,46.92,7.54,54.46,32492,USD,Tanker
2025-06-03,Urals,REF_003,48.76,8.13,56.89,65597,USD,Tanker
2025-06-10,Urals,REF_003,49.88,7.91,57.79,73955,USD,Tanker
2025-06-17,Urals,REF_003,50.86,7.12,57.98,17884,USD,Tanker
2025-06-24,Urals,REF_003,53.62,7.76,61.39,84656,USD,Tanker
2025-07-01,Urals,REF_003,54.42,7.57,61.99,29199,USD,Tanker
2025-07-08,Urals,REF_003,56.74,6.81,63.55,81650,USD,Tanker
2025-07-15,Urals,REF_003,55.68,7.92,63.6,38165,USD,Tanker
2025-07-22,Urals,REF_003,57.08,7.9,64.98,16180,USD,Tanker
2025-07-29,Urals,REF_003,59.47,7.12,66.59,13626,USD,Tanker
2025-08-05,Urals,REF_003,58.1,6.92,65.01,96551,USD,Tanker
2025-08-12,Urals,REF_003,55.71,7.65,63.37,66098,USD,Tanker
2025-08-19,Urals,REF_003,56.45,7.3,63.75,70010,USD,Tanker
2025-08-26,Urals,REF_003,55.79,6.75,62.54,92301,USD,Tanker
2025-09-02,Urals,REF_003,54.35,8.02,62.37,28355,USD,Tanker
2025-09-09,Urals,REF_003,56.13,7.3,63.43,83524,USD,Tanker
2025-09-16,Urals,REF_003,57.31,7.42,64.74,81748,USD,Tanker
2025-09-23,Urals,REF_003,58.06,7.45,65.51,36350,USD,Tanker
2025-09-30,Urals,REF_003,61.16,7.3,68.46,45256,USD,Tanker
2025-10-07,Urals,REF_003,61.28,7.55,68.83,97210,USD,Tanker
2025-10-14,Urals,REF_003,59.36,7.11,66.48,45951,USD,Tanker
2025-10-21,Urals,REF_003,61.66,7.08,68.74,31087,USD,Tanker
2025-10-28,Urals,REF_003,62.0,7.48,69.48,21570,USD,Tanker
2025-11-04,Urals,REF_003,63.57,6.74,70.3,27547,USD,Tanker
2025-11-11,Urals,REF_003,64.42,7.55,71.97,84501,USD,Tanker
2025-11-18,Urals,REF_003,67.42,7.32,74.74,44878,USD,Tanker
2025-11-25,Urals,REF_003,67.32,6.96,74.28,23643,USD,Tanker
2025-12-02,Urals,REF_003,65.9,7.3,73.2,59050,USD,Tanker
2025-12-09,Urals,REF_003,66.95,7.08,74.04,84916,USD,Tanker
2025-12-16,Urals,REF_003,63.53,6.96,70.49,29781,USD,Tanker
2025-12-23,Urals,REF_003,60.89,7.12,68.02,41439,USD,Tanker
2025-12-30,Urals,REF_003,64.66,7.05,71.72,95238,USD,Tanker
2026-01-06,Urals,REF_003,64.78,7.9,72.68,71656,USD,Tanker
2026-01-13,Urals,REF_003,63.7,8.13,71.83,75268,USD,Tanker
2026-01-20,Urals,REF_003,63.22,6.89,70.11,59665,USD,Tanker
2026-01-27,Urals,REF_003,61.08,7.39,68.47,59139,USD,Tanker
2026-02-03,Urals,REF_003,65.28,7.88,73.16,83052,USD,Tanker
2026-02-10,Urals,REF_003,65.78,7.74,73.52,40594,USD,Tanker
2026-02-17,Urals,REF_003,64.02,8.16,72.17,85707,USD,Tanker
2026-02-24,Urals,REF_003,67.6,7.37,74.96,27966,USD,Tanker
2026-03-03,Urals,REF_003,67.49,6.93,74.42,36098,USD,Tanker
2026-03-10,Urals,REF_003,66.97,8.04,75.01,81829,USD,Tanker
2026-03-17,Urals,REF_003,68.62,7.59,76.21,90768,USD,Tanker
2026-03-24,Urals,REF_003,69.36,7.26,76.63,10418,USD,Tanker
2026-03-31,Urals,REF_003,69.83,7.83,77.66,42844,USD,Tanker
2026-04-07,Urals,REF_003,67.11,7.7,74.81,57870,USD,Tanker
2024-04-09,Urals,REF_004,65.8,4.98,70.78,24754,USD,Rail
2024-04-16,Urals,REF_004,63.97,5.48,69.45,21963,USD,Rail
2024-04-23,Urals,REF_004,66.61,5.32,71.93,96330,USD,Rail
2024-04-30,Urals,REF_004,65.02,4.91,69.94,71388,USD,Rail
2024-05-07,Urals,REF_004,64.1,4.55,68.65,68527,USD,Rail
2024-05-14,Urals,REF_004,63.26,4.95,68.21,75488,USD,Rail
2024-05-21,Urals,REF_004,65.31,5.35,70.66,99968,USD,Rail
2024-05-28,Urals,REF_004,67.61,4.6,72.21,19637,USD,Rail
2024-06-04,Urals,REF_004,67.88,5.42,73.3,44058,USD,Rail
2024-06-11,Urals,REF_004,66.91,5.07,71.98,39169,USD,Rail
2024-06-18,Urals,REF_004,64.12,4.74,68.86,13330,USD,Rail
2024-06-25,Urals,REF_004,64.71,4.56,69.27,41451,USD,Rail
2024-07-02,Urals,REF_004,65.1,5.44,70.54,11860,USD,Rail
2024-07-09,Urals,REF_004,63.3,5.32,68.62,71133,USD,Rail
2024-07-16,Urals,REF_004,64.93,5.49,70.41,37596,USD,Rail
2024-07-23,Urals,REF_004,64.89,5.53,70.42,13637,USD,Rail
2024-07-30,Urals,REF_004,62.49,4.72,67.21,87154,USD,Rail
2024-08-06,Urals,REF_004,61.06,5.04,66.1,33022,USD,Rail
2024-08-13,Urals,REF_004,64.6,5.51,70.11,40872,USD,Rail
2024-08-20,Urals,REF_004,63.43,4.75,68.18,27683,USD,Rail
2024-08-27,Urals,REF_004,58.85,5.14,64.0,79722,USD,Rail
2024-09-03,Urals,REF_004,59.67,5.18,64.85,60732,USD,Rail
2024-09-10,Urals,REF_004,62.79,5.42,68.21,44869,USD,Rail
2024-09-17,Urals,REF_004,62.44,5.42,67.86,91070,USD,Rail
2024-09-24,Urals,REF_004,60.4,5.13,65.53,15601,USD,Rail
2024-10-01,Urals,REF_004,62.18,4.99,67.17,24670,USD,Rail
2024-10-08,Urals,REF_004,64.77,5.15,69.92,53407,USD,Rail
2024-10-15,Urals,REF_004,64.48,5.49,69.96,47033,USD,Rail
2024-10-22,Urals,REF_004,63.23,4.97,68.2,60169,USD,Rail
2024-10-29,Urals,REF_004,62.37,5.14,67.51,54556,USD,Rail
2024-11-05,Urals,REF_004,61.95,5.23,67.18,52877,USD,Rail
2024-11-12,Urals,REF_004,60.68,4.55,65.23,23963,USD,Rail
2024-11-19,Urals,REF_004,57.89,5.33,63.22,93850,USD,Rail
2024-11-26,Urals,REF_004,59.15,5.18,64.33,35241,USD,Rail
2024-12-03,Urals,REF_004,58.75,5.14,63.9,82730,USD,Rail
2024-12-10,Urals,REF_004,59.41,5.33,64.74,72598,USD,Rail
2024-12-17,Urals,REF_004,59.9,4.93,64.82,26176,USD,Rail
2024-12-24,Urals,REF_004,60.06,5.31,65.38,90499,USD,Rail
2024-12-31,Urals,REF_004,59.86,4.61,64.47,67177,USD,Rail
2025-01-07,Urals,REF_004,58.58,5.07,63.66,54690,USD,Rail
2025-01-14,Urals,REF_004,61.79,4.98,66.77,36155,USD,Rail
2025-01-21,Urals,REF_004,62.83,5.38,68.21,16730,USD,Rail
2025-01-28,Urals,REF_004,63.7,5.12,68.82,52363,USD,Rail
2025-02-04,Urals,REF_004,62.42,4.68,67.1,52596,USD,Rail
2025-02-11,Urals,REF_004,60.82,4.8,65.61,29128,USD,Rail
2025-02-18,Urals,REF_004,57.92,5.13,63.05,23998,USD,Rail
2025-02-25,Urals,REF_004,58.41,5.25,63.66,37288,USD,Rail
2025-03-04,Urals,REF_004,59.85,5.53,65.38,11488,USD,Rail
2025-03-11,Urals,REF_004,61.13,5.36,66.48,53370,USD,Rail
2025-03-18,Urals,REF_004,61.81,4.6,66.41,88091,USD,Rail
2025-03-25,Urals,REF_004,60.81,5.18,65.99,26981,USD,Rail
2025-04-01,Urals,REF_004,58.96,5.11,64.07,10448,USD,Rail
2025-04-08,Urals,REF_004,59.97,5.48,65.45,15758,USD,Rail
2025-04-15,Urals,REF_004,61.64,5.2,66.84,13519,USD,Rail
2025-04-22,Urals,REF_004,63.69,5.2,68.89,65153,USD,Rail
2025-04-29,Urals,REF_004,64.95,4.87,69.82,31074,USD,Rail
2025-05-06,Urals,REF_004,69.31,5.0,74.3,44642,USD,Rail
2025-05-13,Urals,REF_004,67.07,5.34,72.4,98188,USD,Rail
2025-05-20,Urals,REF_004,68.9,5.24,74.14,56108,USD,Rail
2025-05-27,Urals,REF_004,69.89,4.98,74.88,27938,USD,Rail
2025-06-03,Urals,REF_004,66.59,5.33,71.91,20606,USD,Rail
2025-06-10,Urals,REF_004,63.78,5.09,68.88,87472,USD,Rail
2025-06-17,Urals,REF_004,63.1,5.44,68.54,57744,USD,Rail
2025-06-24,Urals,REF_004,61.86,5.23,67.1,35904,USD,Rail
2025-07-01,Urals,REF_004,59.12,4.69,63.81,35044,USD,Rail
2025-07-08,Urals,REF_004,58.38,4.58,62.97,15614,USD,Rail
2025-07-15,Urals,REF_004,57.15,5.4,62.55,26042,USD,Rail
2025-07-22,Urals,REF_004,55.1,4.83,59.93,20727,USD,Rail
2025-07-29,Urals,REF_004,50.8,5.18,55.98,86322,USD,Rail
2025-08-05,Urals,REF_004,49.33,5.15,54.48,67535,USD,Rail
2025-08-12,Urals,REF_004,49.97,5.23,55.2,16252,USD,Rail
2025-08-19,Urals,REF_004,51.64,5.41,57.06,24863,USD,Rail
2025-08-26,Urals,REF_004,54.81,4.6,59.41,83159,USD,Rail
2025-09-02,Urals,REF_004,54.31,5.41,59.73,35044,USD,Rail
2025-09-09,Urals,REF_004,52.66,4.98,57.64,65277,USD,Rail
2025-09-16,Urals,REF_004,55.0,4.6,59.6,80057,USD,Rail
2025-09-23,Urals,REF_004,58.46,5.34,63.8,19388,USD,Rail
2025-09-30,Urals,REF_004,58.51,4.55,63.06,72476,USD,Rail
2025-10-07,Urals,REF_004,61.94,5.0,66.95,21399,USD,Rail
2025-10-14,Urals,REF_004,63.02,5.49,68.52,24758,USD,Rail
2025-10-21,Urals,REF_004,61.66,4.94,66.61,38771,USD,Rail
2025-10-28,Urals,REF_004,59.07,5.12,64.19,84807,USD,Rail
2025-11-04,Urals,REF_004,59.81,5.19,64.99,27484,USD,Rail
2025-11-11,Urals,REF_004,59.28,4.65,63.94,39441,USD,Rail
2025-11-18,Urals,REF_004,62.55,4.78,67.33,85909,USD,Rail
2025-11-25,Urals,REF_004,62.69,5.2,67.88,15068,USD,Rail
2025-12-02,Urals,REF_004,59.58,4.68,64.26,80839,USD,Rail
2025-12-09,Urals,REF_004,62.18,5.3,67.48,67841,USD,Rail
2025-12-16,Urals,REF_004,60.17,5.13,65.3,54550,USD,Rail
2025-12-23,Urals,REF_004,58.04,5.52,63.56,67772,USD,Rail
2025-12-30,Urals,REF_004,57.39,4.73,62.12,85283,USD,Rail
2026-01-06,Urals,REF_004,58.49,4.66,63.14,11611,USD,Rail
2026-01-13,Urals,REF_004,59.89,5.25,65.15,28405,USD,Rail
2026-01-20,Urals,REF_004,60.83,4.92,65.75,53875,USD,Rail
2026-01-27,Urals,REF_004,62.68,5.05,67.73,44103,USD,Rail
2026-02-03,Urals,REF_004,61.37,4.57,65.94,40989,USD,Rail
2026-02-10,Urals,REF_004,62.32,5.1,67.42,94414,USD,Rail
2026-02-17,Urals,REF_004,61.97,4.72,66.69,16275,USD,Rail
2026-02-24,Urals,REF_004,59.83,5.15,64.98,19342,USD,Rail
2026-03-03,Urals,REF_004,60.67,4.77,65.44,81504,USD,Rail
2026-03-10,Urals,REF_004,64.13,5.24,69.37,66365,USD,Rail
2026-03-17,Urals,REF_004,65.51,5.08,70.59,58086,USD,Rail
2026-03-24,Urals,REF_004,63.6,4.66,68.26,22162,USD,Rail
2026-03-31,Urals,REF_004,59.1,5.26,64.36,46675,USD,Rail
2026-04-07,Urals,REF_004,58.89,4.63,63.53,75215,USD,Rail
2024-04-09,Urals,REF_005,63.42,4.67,68.09,42474,USD,Tanker
2024-04-16,Urals,REF_005,61.21,4.27,65.49,34720,USD,Tanker
2024-04-23,Urals,REF_005,61.99,4.29,66.28,16104,USD,Tanker
2024-04-30,Urals,REF_005,60.1,4.58,64.68,55693,USD,Tanker
2024-05-07,Urals,REF_005,62.36,3.92,66.29,52640,USD,Tanker
2024-05-14,Urals,REF_005,61.03,4.3,65.32,79761,USD,Tanker
2024-05-21,Urals,REF_005,63.01,4.42,67.44,79396,USD,Tanker
2024-05-28,Urals,REF_005,62.29,4.65,66.94,86027,USD,Tanker
2024-06-04,Urals,REF_005,64.85,4.57,69.41,57260,USD,Tanker
2024-06-11,Urals,REF_005,62.16,4.41,66.57,25503,USD,Tanker
2024-06-18,Urals,REF_005,63.3,4.58,67.89,73913,USD,Tanker
2024-06-25,Urals,REF_005,64.7,4.57,69.28,24599,USD,Tanker
2024-07-02,Urals,REF_005,65.57,4.62,70.19,18503,USD,Tanker
2024-07-09,Urals,REF_005,67.94,3.84,71.78,96878,USD,Tanker
2024-07-16,Urals,REF_005,66.5,4.12,70.62,77392,USD,Tanker
2024-07-23,Urals,REF_005,67.18,4.47,71.65,25299,USD,Tanker
2024-07-30,Urals,REF_005,69.95,4.65,74.6,66030,USD,Tanker
2024-08-06,Urals,REF_005,69.68,4.37,74.05,52241,USD,Tanker
2024-08-13,Urals,REF_005,67.83,4.13,71.96,55656,USD,Tanker
2024-08-20,Urals,REF_005,68.01,4.06,72.07,42384,USD,Tanker
2024-08-27,Urals,REF_005,69.45,4.07,73.52,70881,USD,Tanker
2024-09-03,Urals,REF_005,66.06,4.08,70.15,67438,USD,Tanker
2024-09-10,Urals,REF_005,66.91,3.87,70.78,81569,USD,Tanker
2024-09-17,Urals,REF_005,68.78,4.01,72.79,67131,USD,Tanker
2024-09-24,Urals,REF_005,71.04,4.26,75.3,43836,USD,Tanker
2024-10-01,Urals,REF_005,72.13,4.27,76.4,59118,USD,Tanker
2024-10-08,Urals,REF_005,71.14,4.55,75.68,42913,USD,Tanker
2024-10-15,Urals,REF_005,72.22,4.46,76.69,40214,USD,Tanker
2024-10-22,Urals,REF_005,74.06,4.3,78.37,65759,USD,Tanker
2024-10-29,Urals,REF_005,75.35,4.43,79.78,71958,USD,Tanker
2024-11-05,Urals,REF_005,76.78,4.02,80.79,29325,USD,Tanker
2024-11-12,Urals,REF_005,77.71,4.65,82.36,86618,USD,Tanker
2024-11-19,Urals,REF_005,78.57,4.64,83.21,11184,USD,Tanker
2024-11-26,Urals,REF_005,79.79,3.85,83.64,56570,USD,Tanker
2024-12-03,Urals,REF_005,79.52,3.99,83.51,88930,USD,Tanker
2024-12-10,Urals,REF_005,79.41,4.23,83.64,86797,USD,Tanker
2024-12-17,Urals,REF_005,78.12,4.35,82.48,49211,USD,Tanker
2024-12-24,Urals,REF_005,77.96,4.25,82.21,95407,USD,Tanker
2024-12-31,Urals,REF_005,80.8,3.88,84.67,53113,USD,Tanker
2025-01-07,Urals,REF_005,80.39,4.33,84.71,20190,USD,Tanker
2025-01-14,Urals,REF_005,82.51,3.98,86.5,21560,USD,Tanker
2025-01-21,Urals,REF_005,80.76,4.08,84.84,87306,USD,Tanker
2025-01-28,Urals,REF_005,82.26,4.1,86.37,18904,USD,Tanker
2025-02-04,Urals,REF_005,83.69,3.86,87.55,62757,USD,Tanker
2025-02-11,Urals,REF_005,81.9,4.28,86.18,35110,USD,Tanker
2025-02-18,Urals,REF_005,84.87,4.14,89.01,75683,USD,Tanker
2025-02-25,Urals,REF_005,84.92,4.25,89.17,50555,USD,Tanker
2025-03-04,Urals,REF_005,86.73,4.61,91.34,28729,USD,Tanker
2025-03-11,Urals,REF_005,83.58,4.61,88.19,25240,USD,Tanker
2025-03-18,Urals,REF_005,85.51,4.4,89.91,47958,USD,Tanker
2025-03-25,Urals,REF_005,83.6,4.16,87.76,19653,USD,Tanker
2025-04-01,Urals,REF_005,84.5,4.65,89.15,29259,USD,Tanker
2025-04-08,Urals,REF_005,84.49,3.89,88.38,11581,USD,Tanker
2025-04-15,Urals,REF_005,84.54,4.34,88.88,65325,USD,Tanker
2025-04-22,Urals,REF_005,83.04,4.11,87.15,42316,USD,Tanker
2025-04-29,Urals,REF_005,83.13,4.43,87.56,47696,USD,Tanker
2025-05-06,Urals,REF_005,79.75,4.45,84.2,14208,USD,Tanker
2025-05-13,Urals,REF_005,80.91,4.67,85.58,67734,USD,Tanker
2025-05-20,Urals,REF_005,81.83,4.5,86.32,80973,USD,Tanker
2025-05-27,Urals,REF_005,80.34,4.06,84.4,96277,USD,Tanker
2025-06-03,Urals,REF_005,80.27,3.92,84.18,44637,USD,Tanker
2025-06-10,Urals,REF_005,79.96,3.88,83.84,68048,USD,Tanker
2025-06-17,Urals,REF_005,80.29,4.03,84.32,26123,USD,Tanker
2025-06-24,Urals,REF_005,79.07,4.12,83.19,67686,USD,Tanker
2025-07-01,Urals,REF_005,82.61,4.61,87.22,28297,USD,Tanker
2025-07-08,Urals,REF_005,84.15,4.18,88.33,33923,USD,Tanker
2025-07-15,Urals,REF_005,80.9,4.3,85.21,84084,USD,Tanker
2025-07-22,Urals,REF_005,82.2,4.3,86.49,85431,USD,Tanker
2025-07-29,Urals,REF_005,84.14,4.62,88.76,55703,USD,Tanker
2025-08-05,Urals,REF_005,84.72,4.5,89.22,52193,USD,Tanker
2025-08-12,Urals,REF_005,84.09,4.07,88.16,46234,USD,Tanker
2025-08-19,Urals,REF_005,85.23,4.58,89.8,87277,USD,Tanker
2025-08-26,Urals,REF_005,85.94,4.23,90.18,68560,USD,Tanker
2025-09-02,Urals,REF_005,82.33,4.01,86.35,17654,USD,Tanker
2025-09-09,Urals,REF_005,82.18,4.63,86.81,71633,USD,Tanker
2025-09-16,Urals,REF_005,81.56,4.47,86.02,95064,USD,Tanker
2025-09-23,Urals,REF_005,79.88,4.13,84.01,26323,USD,Tanker
2025-09-30,Urals,REF_005,74.77,4.48,79.25,91601,USD,Tanker
2025-10-07,Urals,REF_005,76.28,4.11,80.38,23510,USD,Tanker
2025-10-14,Urals,REF_005,72.99,4.29,77.28,56934,USD,Tanker
2025-10-21,Urals,REF_005,70.29,4.64,74.94,61417,USD,Tanker
2025-10-28,Urals,REF_005,72.48,4.38,76.86,42180,USD,Tanker
2025-11-04,Urals,REF_005,68.04,4.63,72.66,82863,USD,Tanker
2025-11-11,Urals,REF_005,65.41,3.91,69.31,38247,USD,Tanker
2025-11-18,Urals,REF_005,65.46,4.07,69.52,16606,USD,Tanker
2025-11-25,Urals,REF_005,64.09,4.49,68.57,18201,USD,Tanker
2025-12-02,Urals,REF_005,65.88,4.26,70.14,83540,USD,Tanker
2025-12-09,Urals,REF_005,64.37,4.18,68.55,83337,USD,Tanker
2025-12-16,Urals,REF_005,62.64,4.23,66.87,59818,USD,Tanker
2025-12-23,Urals,REF_005,62.8,4.35,67.15,93509,USD,Tanker
2025-12-30,Urals,REF_005,63.61,4.47,68.08,90095,USD,Tanker
2026-01-06,Urals,REF_005,61.2,4.28,65.47,29255,USD,Tanker
2026-01-13,Urals,REF_005,60.71,4.57,65.28,53597,USD,Tanker
2026-01-20,Urals,REF_005,60.0,3.97,63.98,68076,USD,Tanker
2026-01-27,Urals,REF_005,61.0,4.02,65.02,42594,USD,Tanker
2026-02-03,Urals,REF_005,60.91,3.97,64.88,14475,USD,Tanker
2026-02-10,Urals,REF_005,62.52,4.06,66.58,72670,USD,Tanker
2026-02-17,Urals,REF_005,61.38,4.28,65.66,56773,USD,Tanker
2026-02-24,Urals,REF_005,62.47,3.96,66.43,29868,USD,Tanker
2026-03-03,Urals,REF_005,65.06,4.29,69.35,86078,USD,Tanker
2026-03-10,Urals,REF_005,62.32,4.67,66.99,10392,USD,Tanker
2026-03-17,Urals,REF_005,62.47,4.21,66.68,24628,USD,Tanker
2026-03-24,Urals,REF_005,64.57,4.52,69.08,60706,USD,Tanker
2026-03-31,Urals,REF_005,67.49,3.99,71.48,14798,USD,Tanker
2026-04-07,Urals,REF_005,66.57,4.02,70.59,32663,USD,Tanker
2024-04-09,Maya,REF_001,68.4,1.8,70.2,88724,USD,Pipeline
2024-04-16,Maya,REF_001,69.8,1.81,71.61,56948,USD,Pipeline
2024-04-23,Maya,REF_001,71.36,1.85,73.21,65149,USD,Pipeline
2024-04-30,Maya,REF_001,68.74,1.96,70.7,13435,USD,Pipeline
2024-05-07,Maya,REF_001,69.0,1.75,70.75,26450,USD,Pipeline
2024-05-14,Maya,REF_001,71.99,2.03,74.02,34897,USD,Pipeline
2024-05-21,Maya,REF_001,72.9,1.87,74.78,31037,USD,Pipeline
2024-05-28,Maya,REF_001,72.89,1.93,74.83,94157,USD,Pipeline
2024-06-04,Maya,REF_001,71.79,2.0,73.79,94087,USD,Pipeline
2024-06-11,Maya,REF_001,73.73,1.96,75.69,36711,USD,Pipeline
2024-06-18,Maya,REF_001,71.83,1.81,73.64,36193,USD,Pipeline
2024-06-25,Maya,REF_001,72.18,1.93,74.12,87241,USD,Pipeline
2024-07-02,Maya,REF_001,72.71,1.75,74.46,58980,USD,Pipeline
2024-07-09,Maya,REF_001,75.79,1.95,77.74,45144,USD,Pipeline
2024-07-16,Maya,REF_001,78.11,2.03,80.14,40884,USD,Pipeline
2024-07-23,Maya,REF_001,78.93,1.98,80.92,85690,USD,Pipeline
2024-07-30,Maya,REF_001,80.92,1.79,82.71,19918,USD,Pipeline
2024-08-06,Maya,REF_001,82.36,2.02,84.38,12537,USD,Pipeline
2024-08-13,Maya,REF_001,80.71,1.75,82.46,98340,USD,Pipeline
2024-08-20,Maya,REF_001,87.02,1.96,88.99,96799,USD,Pipeline
2024-08-27,Maya,REF_001,85.64,1.79,87.42,66977,USD,Pipeline
2024-09-03,Maya,REF_001,85.69,1.89,87.58,34136,USD,Pipeline
2024-09-10,Maya,REF_001,84.07,1.89,85.96,72843,USD,Pipeline
2024-09-17,Maya,REF_001,84.95,1.95,86.9,90728,USD,Pipeline
2024-09-24,Maya,REF_001,86.0,1.99,88.0,85443,USD,Pipeline
2024-10-01,Maya,REF_001,89.2,1.75,90.96,96142,USD,Pipeline
2024-10-08,Maya,REF_001,87.56,1.97,89.53,87103,USD,Pipeline
2024-10-15,Maya,REF_001,86.56,1.91,88.47,75320,USD,Pipeline
2024-10-22,Maya,REF_001,86.53,1.75,88.28,19027,USD,Pipeline
2024-10-29,Maya,REF_001,88.42,1.91,90.32,82790,USD,Pipeline
2024-11-05,Maya,REF_001,89.0,1.88,90.88,86974,USD,Pipeline
2024-11-12,Maya,REF_001,89.5,1.93,91.43,19255,USD,Pipeline
2024-11-19,Maya,REF_001,87.17,1.82,88.99,53615,USD,Pipeline
2024-11-26,Maya,REF_001,87.69,2.01,89.7,36371,USD,Pipeline
2024-12-03,Maya,REF_001,88.05,1.77,89.81,57269,USD,Pipeline
2024-12-10,Maya,REF_001,89.62,1.88,91.5,44127,USD,Pipeline
2024-12-17,Maya,REF_001,85.75,2.08,87.83,70078,USD,Pipeline
2024-12-24,Maya,REF_001,84.07,1.88,85.95,78649,USD,Pipeline
2024-12-31,Maya,REF_001,84.85,1.94,86.8,51432,USD,Pipeline
2025-01-07,Maya,REF_001,85.3,1.88,87.18,53261,USD,Pipeline
2025-01-14,Maya,REF_001,82.9,1.94,84.84,21472,USD,Pipeline
2025-01-21,Maya,REF_001,83.46,1.8,85.26,85563,USD,Pipeline
2025-01-28,Maya,REF_001,80.01,2.03,82.04,61135,USD,Pipeline
2025-02-04,Maya,REF_001,81.57,2.01,83.58,13431,USD,Pipeline
2025-02-11,Maya,REF_001,81.55,1.81,83.36,16568,USD,Pipeline
2025-02-18,Maya,REF_001,80.84,2.1,82.94,22870,USD,Pipeline
2025-02-25,Maya,REF_001,79.0,1.86,80.86,34822,USD,Pipeline
2025-03-04,Maya,REF_001,80.55,1.89,82.43,36273,USD,Pipeline
2025-03-11,Maya,REF_001,80.02,1.88,81.91,84249,USD,Pipeline
2025-03-18,Maya,REF_001,77.13,1.75,78.88,64590,USD,Pipeline
2025-03-25,Maya,REF_001,77.76,2.04,79.8,86996,USD,Pipeline
2025-04-01,Maya,REF_001,77.87,1.87,79.74,97786,USD,Pipeline
2025-04-08,Maya,REF_001,80.51,2.08,82.59,77682,USD,Pipeline
2025-04-15,Maya,REF_001,81.33,1.87,83.2,71603,USD,Pipeline
2025-04-22,Maya,REF_001,81.21,1.84,83.05,85211,USD,Pipeline
2025-04-29,Maya,REF_001,81.27,1.94,83.21,95370,USD,Pipeline
2025-05-06,Maya,REF_001,83.56,1.78,85.34,52424,USD,Pipeline
2025-05-13,Maya,REF_001,86.24,2.02,88.27,64186,USD,Pipeline
2025-05-20,Maya,REF_001,86.48,1.79,88.27,46558,USD,Pipeline
2025-05-27,Maya,REF_001,85.09,1.89,86.99,74860,USD,Pipeline
2025-06-03,Maya,REF_001,82.81,1.73,84.55,88477,USD,Pipeline
2025-06-10,Maya,REF_001,79.04,1.93,80.97,69814,USD,Pipeline
2025-06-17,Maya,REF_001,76.23,1.83,78.06,68944,USD,Pipeline
2025-06-24,Maya,REF_001,78.38,1.98,80.36,10074,USD,Pipeline
2025-07-01,Maya,REF_001,75.83,2.06,77.89,27329,USD,Pipeline
2025-07-08,Maya,REF_001,75.87,1.87,77.74,18254,USD,Pipeline
2025-07-15,Maya,REF_001,76.26,1.99,78.24,42380,USD,Pipeline
2025-07-22,Maya,REF_001,76.02,1.9,77.91,73789,USD,Pipeline
2025-07-29,Maya,REF_001,73.92,1.83,75.75,85260,USD,Pipeline
2025-08-05,Maya,REF_001,74.08,2.08,76.16,39282,USD,Pipeline
2025-08-12,Maya,REF_001,75.44,1.85,77.29,75100,USD,Pipeline
2025-08-19,Maya,REF_001,72.03,1.84,73.87,84912,USD,Pipeline
2025-08-26,Maya,REF_001,71.18,1.97,73.15,81231,USD,Pipeline
2025-09-02,Maya,REF_001,72.48,2.07,74.55,13221,USD,Pipeline
2025-09-09,Maya,REF_001,72.22,1.87,74.09,16652,USD,Pipeline
2025-09-16,Maya,REF_001,72.26,2.07,74.33,15048,USD,Pipeline
2025-09-23,Maya,REF_001,72.24,1.74,73.98,68130,USD,Pipeline
2025-09-30,Maya,REF_001,71.46,1.89,73.35,19830,USD,Pipeline
2025-10-07,Maya,REF_001,73.69,1.91,75.6,79859,USD,Pipeline
2025-10-14,Maya,REF_001,75.45,1.98,77.42,47359,USD,Pipeline
2025-10-21,Maya,REF_001,74.38,1.92,76.29,20059,USD,Pipeline
2025-10-28,Maya,REF_001,77.47,2.02,79.49,84313,USD,Pipeline
2025-11-04,Maya,REF_001,75.18,2.0,77.19,55102,USD,Pipeline
2025-11-11,Maya,REF_001,75.72,1.91,77.63,17358,USD,Pipeline
2025-11-18,Maya,REF_001,75.96,2.04,78.0,74913,USD,Pipeline
2025-11-25,Maya,REF_001,77.4,1.75,79.15,53112,USD,Pipeline
2025-12-02,Maya,REF_001,74.09,1.88,75.97,32570,USD,Pipeline
2025-12-09,Maya,REF_001,73.23,2.08,75.31,56232,USD,Pipeline
2025-12-16,Maya,REF_001,71.32,1.8,73.12,85188,USD,Pipeline
2025-12-23,Maya,REF_001,72.98,1.73,74.71,93103,USD,Pipeline
2025-12-30,Maya,REF_001,71.71,1.93,73.64,78690,USD,Pipeline
2026-01-06,Maya,REF_001,73.44,1.99,75.43,14239,USD,Pipeline
2026-01-13,Maya,REF_001,72.51,1.74,74.26,42493,USD,Pipeline
2026-01-20,Maya,REF_001,69.87,1.86,71.73,46315,USD,Pipeline
2026-01-27,Maya,REF_001,68.67,1.76,70.43,64534,USD,Pipeline
2026-02-03,Maya,REF_001,71.13,2.11,73.24,44337,USD,Pipeline
2026-02-10,Maya,REF_001,69.7,2.01,71.71,36571,USD,Pipeline
2026-02-17,Maya,REF_001,70.85,1.82,72.68,51457,USD,Pipeline
2026-02-24,Maya,REF_001,72.82,2.03,74.86,73851,USD,Pipeline
2026-03-03,Maya,REF_001,72.24,1.92,74.16,96818,USD,Pipeline
2026-03-10,Maya,REF_001,75.44,1.78,77.21,12899,USD,Pipeline
2026-03-17,Maya,REF_001,76.64,1.8,78.43,57578,USD,Pipeline
2026-03-24,Maya,REF_001,74.88,2.05,76.93,85634,USD,Pipeline
2026-03-31,Maya,REF_001,75.3,2.11,77.41,97661,USD,Pipeline
2026-04-07,Maya,REF_001,74.99,2.07,77.06,15680,USD,Pipeline
2024-04-09,Maya,REF_002,61.43,10.59,72.02,84404,USD,Rail
2024-04-16,Maya,REF_002,60.45,8.8,69.25,56163,USD,Rail
2024-04-23,Maya,REF_002,62.15,9.77,71.92,11904,USD,Rail
2024-04-30,Maya,REF_002,59.47,10.21,69.68,34784,USD,Rail
2024-05-07,Maya,REF_002,60.06,9.74,69.79,70823,USD,Rail
2024-05-14,Maya,REF_002,62.49,9.46,71.96,61252,USD,Rail
2024-05-21,Maya,REF_002,59.57,10.25,69.82,50665,USD,Rail
2024-05-28,Maya,REF_002,60.21,9.28,69.49,64751,USD,Rail
2024-06-04,Maya,REF_002,60.83,9.67,70.5,83138,USD,Rail
2024-06-11,Maya,REF_002,59.92,9.06,68.98,44428,USD,Rail
2024-06-18,Maya,REF_002,57.63,9.19,66.82,13870,USD,Rail
2024-06-25,Maya,REF_002,56.05,8.99,65.04,19261,USD,Rail
2024-07-02,Maya,REF_002,57.99,9.9,67.89,76101,USD,Rail
2024-07-09,Maya,REF_002,61.4,9.28,70.68,40822,USD,Rail
2024-07-16,Maya,REF_002,61.87,10.61,72.48,87682,USD,Rail
2024-07-23,Maya,REF_002,59.87,9.87,69.74,68014,USD,Rail
2024-07-30,Maya,REF_002,59.88,10.49,70.37,55059,USD,Rail
2024-08-06,Maya,REF_002,60.37,8.88,69.25,94119,USD,Rail
2024-08-13,Maya,REF_002,61.04,9.25,70.3,91093,USD,Rail
2024-08-20,Maya,REF_002,59.76,9.18,68.94,22606,USD,Rail
2024-08-27,Maya,REF_002,59.45,10.39,69.84,78616,USD,Rail
2024-09-03,Maya,REF_002,53.66,9.43,63.09,44645,USD,Rail
2024-09-10,Maya,REF_002,56.57,10.47,67.04,52522,USD,Rail
2024-09-17,Maya,REF_002,60.88,10.53,71.41,28456,USD,Rail
2024-09-24,Maya,REF_002,60.07,10.33,70.4,60884,USD,Rail
2024-10-01,Maya,REF_002,61.58,10.5,72.08,30812,USD,Rail
2024-10-08,Maya,REF_002,63.19,10.31,73.5,60939,USD,Rail
2024-10-15,Maya,REF_002,64.12,10.11,74.23,27686,USD,Rail
2024-10-22,Maya,REF_002,62.71,10.41,73.12,25069,USD,Rail
2024-10-29,Maya,REF_002,60.99,9.37,70.36,92839,USD,Rail
2024-11-05,Maya,REF_002,62.63,9.68,72.31,73212,USD,Rail
2024-11-12,Maya,REF_002,64.42,9.89,74.32,16431,USD,Rail
2024-11-19,Maya,REF_002,61.65,9.01,70.66,40983,USD,Rail
2024-11-26,Maya,REF_002,66.09,10.54,76.63,82333,USD,Rail
2024-12-03,Maya,REF_002,66.57,10.02,76.6,22531,USD,Rail
2024-12-10,Maya,REF_002,67.49,9.0,76.49,32207,USD,Rail
2024-12-17,Maya,REF_002,69.33,10.5,79.83,90165,USD,Rail
2024-12-24,Maya,REF_002,66.14,10.12,76.26,61652,USD,Rail
2024-12-31,Maya,REF_002,66.93,8.99,75.92,84329,USD,Rail
2025-01-07,Maya,REF_002,70.96,9.47,80.43,91052,USD,Rail
2025-01-14,Maya,REF_002,69.39,8.91,78.3,74235,USD,Rail
2025-01-21,Maya,REF_002,69.14,9.29,78.43,67496,USD,Rail
2025-01-28,Maya,REF_002,66.95,9.54,76.49,15945,USD,Rail
2025-02-04,Maya,REF_002,67.38,9.61,77.0,26412,USD,Rail
2025-02-11,Maya,REF_002,66.81,8.8,75.61,78199,USD,Rail
2025-02-18,Maya,REF_002,65.55,9.1,74.64,66325,USD,Rail
2025-02-25,Maya,REF_002,68.41,9.68,78.08,54116,USD,Rail
2025-03-04,Maya,REF_002,68.98,9.86,78.83,70312,USD,Rail
2025-03-11,Maya,REF_002,71.17,9.99,81.17,89437,USD,Rail
2025-03-18,Maya,REF_002,72.48,10.17,82.66,93605,USD,Rail
2025-03-25,Maya,REF_002,74.16,10.47,84.63,69022,USD,Rail
2025-04-01,Maya,REF_002,75.91,9.14,85.05,17467,USD,Rail
2025-04-08,Maya,REF_002,77.86,8.83,86.69,23503,USD,Rail
2025-04-15,Maya,REF_002,76.72,9.0,85.71,13345,USD,Rail
2025-04-22,Maya,REF_002,75.51,10.21,85.72,22772,USD,Rail
2025-04-29,Maya,REF_002,77.21,9.59,86.8,20481,USD,Rail
2025-05-06,Maya,REF_002,72.03,8.94,80.97,62938,USD,Rail
2025-05-13,Maya,REF_002,70.85,10.31,81.16,16052,USD,Rail
2025-05-20,Maya,REF_002,67.44,10.53,77.97,33639,USD,Rail
2025-05-27,Maya,REF_002,65.87,10.63,76.5,84556,USD,Rail
2025-06-03,Maya,REF_002,65.78,10.06,75.84,63376,USD,Rail
2025-06-10,Maya,REF_002,63.9,10.12,74.01,48367,USD,Rail
2025-06-17,Maya,REF_002,63.37,8.97,72.34,98017,USD,Rail
2025-06-24,Maya,REF_002,64.3,10.06,74.36,69327,USD,Rail
2025-07-01,Maya,REF_002,63.67,9.54,73.22,95423,USD,Rail
2025-07-08,Maya,REF_002,66.2,9.54,75.75,17063,USD,Rail
2025-07-15,Maya,REF_002,67.69,8.97,76.66,74503,USD,Rail
2025-07-22,Maya,REF_002,66.92,9.31,76.23,77119,USD,Rail
2025-07-29,Maya,REF_002,71.44,9.26,80.71,25130,USD,Rail
2025-08-05,Maya,REF_002,71.93,8.91,80.84,84301,USD,Rail
2025-08-12,Maya,REF_002,69.89,10.42,80.31,85032,USD,Rail
2025-08-19,Maya,REF_002,71.96,9.06,81.02,74231,USD,Rail
2025-08-26,Maya,REF_002,71.38,9.63,81.01,64016,USD,Rail
2025-09-02,Maya,REF_002,67.71,9.47,77.17,16592,USD,Rail
2025-09-09,Maya,REF_002,68.19,10.09,78.28,58564,USD,Rail
2025-09-16,Maya,REF_002,68.37,9.11,77.47,66266,USD,Rail
2025-09-23,Maya,REF_002,71.46,10.53,81.99,74468,USD,Rail
2025-09-30,Maya,REF_002,74.36,10.32,84.68,38200,USD,Rail
2025-10-07,Maya,REF_002,72.65,10.31,82.96,72872,USD,Rail
2025-10-14,Maya,REF_002,71.31,9.46,80.77,22699,USD,Rail
2025-10-21,Maya,REF_002,70.6,9.16,79.76,22996,USD,Rail
2025-10-28,Maya,REF_002,72.73,10.58,83.31,21714,USD,Rail
2025-11-04,Maya,REF_002,75.4,9.59,84.99,52971,USD,Rail
2025-11-11,Maya,REF_002,72.56,10.36,82.92,99931,USD,Rail
2025-11-18,Maya,REF_002,68.02,9.58,77.6,43219,USD,Rail
2025-11-25,Maya,REF_002,66.79,9.71,76.51,39979,USD,Rail
2025-12-02,Maya,REF_002,68.13,9.35,77.48,68668,USD,Rail
2025-12-09,Maya,REF_002,68.02,9.74,77.76,75915,USD,Rail
2025-12-16,Maya,REF_002,65.55,10.49,76.04,70819,USD,Rail
2025-12-23,Maya,REF_002,65.34,9.82,75.16,84797,USD,Rail
2025-12-30,Maya,REF_002,65.21,9.48,74.69,77823,USD,Rail
2026-01-06,Maya,REF_002,65.9,9.68,75.58,17719,USD,Rail
2026-01-13,Maya,REF_002,68.14,10.17,78.31,87655,USD,Rail
2026-01-20,Maya,REF_002,67.09,9.08,76.16,31952,USD,Rail
2026-01-27,Maya,REF_002,67.78,10.02,77.8,65700,USD,Rail
2026-02-03,Maya,REF_002,65.44,10.14,75.58,53552,USD,Rail
2026-02-10,Maya,REF_002,65.93,9.34,75.27,16828,USD,Rail
2026-02-17,Maya,REF_002,64.92,9.12,74.04,35849,USD,Rail
2026-02-24,Maya,REF_002,67.1,9.84,76.94,52477,USD,Rail
2026-03-03,Maya,REF_002,66.69,9.16,75.86,96333,USD,Rail
2026-03-10,Maya,REF_002,68.0,9.55,77.55,46262,USD,Rail
2026-03-17,Maya,REF_002,64.26,8.93,73.19,22604,USD,Rail
2026-03-24,Maya,REF_002,64.47,8.8,73.27,82826,USD,Rail
2026-03-31,Maya,REF_002,65.37,8.96,74.33,73734,USD,Rail
2026-04-07,Maya,REF_002,64.16,9.83,73.99,14269,USD,Rail
2024-04-09,Maya,REF_003,65.33,5.1,70.43,82159,USD,Rail
2024-04-16,Maya,REF_003,68.09,4.96,73.05,93957,USD,Rail
2024-04-23,Maya,REF_003,65.37,5.36,70.74,12213,USD,Rail
2024-04-30,Maya,REF_003,62.7,5.03,67.73,64033,USD,Rail
2024-05-07,Maya,REF_003,63.01,5.07,68.08,29258,USD,Rail
2024-05-14,Maya,REF_003,59.89,4.94,64.83,46743,USD,Rail
2024-05-21,Maya,REF_003,60.37,4.88,65.25,91479,USD,Rail
2024-05-28,Maya,REF_003,59.79,5.06,64.85,96203,USD,Rail
2024-06-04,Maya,REF_003,59.73,5.35,65.09,42300,USD,Rail
2024-06-11,Maya,REF_003,58.17,5.05,63.22,77421,USD,Rail
2024-06-18,Maya,REF_003,54.71,5.37,60.07,77629,USD,Rail
2024-06-25,Maya,REF_003,54.73,4.91,59.64,19337,USD,Rail
2024-07-02,Maya,REF_003,55.79,5.29,61.08,72573,USD,Rail
2024-07-09,Maya,REF_003,58.18,5.18,63.36,14104,USD,Rail
2024-07-16,Maya,REF_003,57.41,4.83,62.24,87349,USD,Rail
2024-07-23,Maya,REF_003,56.99,5.68,62.67,99818,USD,Rail
2024-07-30,Maya,REF_003,56.37,5.34,61.72,28969,USD,Rail
2024-08-06,Maya,REF_003,55.72,5.11,60.83,54137,USD,Rail
2024-08-13,Maya,REF_003,57.88,5.74,63.62,30970,USD,Rail
2024-08-20,Maya,REF_003,54.83,5.71,60.54,70840,USD,Rail
2024-08-27,Maya,REF_003,50.66,5.66,56.32,72404,USD,Rail
2024-09-03,Maya,REF_003,48.62,5.72,54.33,64655,USD,Rail
2024-09-10,Maya,REF_003,49.13,5.57,54.71,80087,USD,Rail
2024-09-17,Maya,REF_003,47.92,5.4,53.32,40854,USD,Rail
2024-09-24,Maya,REF_003,44.27,5.1,49.37,79914,USD,Rail
2024-10-01,Maya,REF_003,45.62,5.57,51.19,38055,USD,Rail
2024-10-08,Maya,REF_003,46.65,5.17,51.82,57501,USD,Rail
2024-10-15,Maya,REF_003,45.73,5.64,51.37,37512,USD,Rail
2024-10-22,Maya,REF_003,47.73,5.19,52.92,77712,USD,Rail
2024-10-29,Maya,REF_003,45.63,5.71,51.34,80614,USD,Rail
2024-11-05,Maya,REF_003,46.92,5.68,52.6,52331,USD,Rail
2024-11-12,Maya,REF_003,48.71,5.45,54.17,93788,USD,Rail
2024-11-19,Maya,REF_003,47.83,5.09,52.93,97806,USD,Rail
2024-11-26,Maya,REF_003,44.94,5.08,50.02,96852,USD,Rail
2024-12-03,Maya,REF_003,41.91,4.86,46.78,52602,USD,Rail
2024-12-10,Maya,REF_003,39.84,5.59,45.43,90848,USD,Rail
2024-12-17,Maya,REF_003,39.02,5.08,44.1,54788,USD,Rail
2024-12-24,Maya,REF_003,35.29,5.81,41.1,51536,USD,Rail
2024-12-31,Maya,REF_003,37.95,5.88,43.83,36568,USD,Rail
2025-01-07,Maya,REF_003,38.22,5.7,43.92,44955,USD,Rail
2025-01-14,Maya,REF_003,36.73,5.02,41.75,76441,USD,Rail
2025-01-21,Maya,REF_003,38.52,5.1,43.62,60155,USD,Rail
2025-01-28,Maya,REF_003,37.0,5.77,42.77,28415,USD,Rail
2025-02-04,Maya,REF_003,35.86,5.53,41.39,31934,USD,Rail
2025-02-11,Maya,REF_003,37.41,4.95,42.36,69762,USD,Rail
2025-02-18,Maya,REF_003,34.13,4.86,38.99,52775,USD,Rail
2025-02-25,Maya,REF_003,37.29,4.98,42.27,42352,USD,Rail
2025-03-04,Maya,REF_003,38.59,5.37,43.96,27530,USD,Rail
2025-03-11,Maya,REF_003,38.85,5.84,44.69,12331,USD,Rail
2025-03-18,Maya,REF_003,36.22,5.63,41.85,39810,USD,Rail
2025-03-25,Maya,REF_003,37.8,5.28,43.08,79337,USD,Rail
2025-04-01,Maya,REF_003,36.25,5.28,41.53,46877,USD,Rail
2025-04-08,Maya,REF_003,33.29,5.24,38.54,52828,USD,Rail
2025-04-15,Maya,REF_003,34.77,5.69,40.46,66396,USD,Rail
2025-04-22,Maya,REF_003,35.72,5.86,41.58,10138,USD,Rail
2025-04-29,Maya,REF_003,33.39,5.2,38.58,81999,USD,Rail
2025-05-06,Maya,REF_003,31.17,5.2,36.37,57437,USD,Rail
2025-05-13,Maya,REF_003,33.32,5.48,38.8,44317,USD,Rail
2025-05-20,Maya,REF_003,34.02,5.57,39.59,56398,USD,Rail
2025-05-27,Maya,REF_003,30.0,4.82,34.82,42026,USD,Rail
2025-06-03,Maya,REF_003,30.71,5.15,35.86,19030,USD,Rail
2025-06-10,Maya,REF_003,31.01,5.41,36.42,60402,USD,Rail
2025-06-17,Maya,REF_003,30.0,4.87,34.87,79431,USD,Rail
2025-06-24,Maya,REF_003,30.45,5.68,36.13,21191,USD,Rail
2025-07-01,Maya,REF_003,30.0,5.67,35.67,34296,USD,Rail
2025-07-08,Maya,REF_003,30.3,5.16,35.46,62581,USD,Rail
2025-07-15,Maya,REF_003,30.15,5.29,35.45,17034,USD,Rail
2025-07-22,Maya,REF_003,30.0,5.36,35.36,22985,USD,Rail
2025-07-29,Maya,REF_003,30.0,5.5,35.5,56323,USD,Rail
2025-08-05,Maya,REF_003,32.16,5.37,37.53,85661,USD,Rail
2025-08-12,Maya,REF_003,30.0,5.74,35.74,98209,USD,Rail
2025-08-19,Maya,REF_003,30.0,5.36,35.36,31042,USD,Rail
2025-08-26,Maya,REF_003,30.0,5.81,35.81,17931,USD,Rail
2025-09-02,Maya,REF_003,30.0,5.55,35.55,73449,USD,Rail
2025-09-09,Maya,REF_003,30.0,5.76,35.76,46807,USD,Rail
2025-09-16,Maya,REF_003,30.54,5.69,36.23,17684,USD,Rail
2025-09-23,Maya,REF_003,33.54,5.32,38.86,23550,USD,Rail
2025-09-30,Maya,REF_003,32.58,4.83,37.41,93657,USD,Rail
2025-10-07,Maya,REF_003,33.38,5.34,38.73,98667,USD,Rail
2025-10-14,Maya,REF_003,37.86,5.62,43.48,35271,USD,Rail
2025-10-21,Maya,REF_003,35.54,4.96,40.51,69501,USD,Rail
2025-10-28,Maya,REF_003,38.15,4.87,43.02,59029,USD,Rail
2025-11-04,Maya,REF_003,38.23,5.02,43.25,65558,USD,Rail
2025-11-11,Maya,REF_003,36.64,5.34,41.98,47818,USD,Rail
2025-11-18,Maya,REF_003,38.39,5.63,44.02,63988,USD,Rail
2025-11-25,Maya,REF_003,38.7,5.66,44.36,11797,USD,Rail
2025-12-02,Maya,REF_003,40.35,5.04,45.39,79107,USD,Rail
2025-12-09,Maya,REF_003,39.56,5.02,44.58,17198,USD,Rail
2025-12-16,Maya,REF_003,39.76,5.39,45.15,70924,USD,Rail
2025-12-23,Maya,REF_003,39.49,4.84,44.34,33819,USD,Rail
2025-12-30,Maya,REF_003,36.82,5.01,41.83,24936,USD,Rail
2026-01-06,Maya,REF_003,38.13,5.84,43.97,73544,USD,Rail
2026-01-13,Maya,REF_003,36.95,4.9,41.85,66534,USD,Rail
2026-01-20,Maya,REF_003,35.88,5.14,41.02,48554,USD,Rail
2026-01-27,Maya,REF_003,36.52,5.16,41.68,56648,USD,Rail
2026-02-03,Maya,REF_003,36.2,5.61,41.81,51483,USD,Rail
2026-02-10,Maya,REF_003,34.06,5.05,39.11,82190,USD,Rail
2026-02-17,Maya,REF_003,31.37,5.21,36.58,36075,USD,Rail
2026-02-24,Maya,REF_003,30.0,5.47,35.47,26902,USD,Rail
2026-03-03,Maya,REF_003,30.0,5.77,35.77,94500,USD,Rail
2026-03-10,Maya,REF_003,33.13,5.23,38.37,24294,USD,Rail
2026-03-17,Maya,REF_003,30.0,5.28,35.28,43969,USD,Rail
2026-03-24,Maya,REF_003,30.08,5.31,35.39,54870,USD,Rail
2026-03-31,Maya,REF_003,30.0,5.58,35.58,84909,USD,Rail
2026-04-07,Maya,REF_003,30.0,5.6,35.6,97719,USD,Rail
2024-04-09,Maya,REF_004,64.34,11.1,75.44,38609,USD,Rail
2024-04-16,Maya,REF_004,67.16,11.36,78.52,39727,USD,Rail
2024-04-23,Maya,REF_004,72.12,10.68,82.8,81810,USD,Rail
2024-04-30,Maya,REF_004,70.12,10.56,80.68,46390,USD,Rail
2024-05-07,Maya,REF_004,69.1,11.35,80.45,77387,USD,Rail
2024-05-14,Maya,REF_004,67.36,11.74,79.1,42465,USD,Rail
2024-05-21,Maya,REF_004,64.08,12.22,76.3,53485,USD,Rail
2024-05-28,Maya,REF_004,65.55,11.94,77.49,38075,USD,Rail
2024-06-04,Maya,REF_004,66.58,10.55,77.13,63154,USD,Rail
2024-06-11,Maya,REF_004,67.01,11.45,78.46,58688,USD,Rail
2024-06-18,Maya,REF_004,66.65,12.26,78.91,82617,USD,Rail
2024-06-25,Maya,REF_004,65.93,12.58,78.51,76647,USD,Rail
2024-07-02,Maya,REF_004,67.23,12.11,79.34,72905,USD,Rail
2024-07-09,Maya,REF_004,66.77,11.53,78.29,74532,USD,Rail
2024-07-16,Maya,REF_004,68.7,10.72,79.43,49305,USD,Rail
2024-07-23,Maya,REF_004,66.74,10.33,77.07,19778,USD,Rail
2024-07-30,Maya,REF_004,64.36,12.08,76.45,83868,USD,Rail
2024-08-06,Maya,REF_004,64.53,12.1,76.63,32634,USD,Rail
2024-08-13,Maya,REF_004,62.31,10.31,72.62,15814,USD,Rail
2024-08-20,Maya,REF_004,61.07,12.56,73.63,92190,USD,Rail
2024-08-27,Maya,REF_004,60.92,12.53,73.45,14902,USD,Rail
2024-09-03,Maya,REF_004,59.28,11.83,71.11,19584,USD,Rail
2024-09-10,Maya,REF_004,58.47,11.67,70.14,73221,USD,Rail
2024-09-17,Maya,REF_004,58.2,10.4,68.6,55372,USD,Rail
2024-09-24,Maya,REF_004,60.33,11.47,71.8,11511,USD,Rail
2024-10-01,Maya,REF_004,58.29,10.91,69.19,53871,USD,Rail
2024-10-08,Maya,REF_004,58.66,12.28,70.94,66499,USD,Rail
2024-10-15,Maya,REF_004,60.61,12.4,73.01,51384,USD,Rail
2024-10-22,Maya,REF_004,57.94,11.71,69.65,75606,USD,Rail
2024-10-29,Maya,REF_004,61.14,11.09,72.23,58685,USD,Rail
2024-11-05,Maya,REF_004,59.06,12.06,71.11,32288,USD,Rail
2024-11-12,Maya,REF_004,59.76,10.45,70.21,43386,USD,Rail
2024-11-19,Maya,REF_004,59.99,10.31,70.29,71169,USD,Rail
2024-11-26,Maya,REF_004,56.48,11.31,67.8,33351,USD,Rail
2024-12-03,Maya,REF_004,55.7,11.3,67.0,54482,USD,Rail
2024-12-10,Maya,REF_004,55.13,12.19,67.32,60915,USD,Rail
2024-12-17,Maya,REF_004,53.42,11.1,64.52,81686,USD,Rail
2024-12-24,Maya,REF_004,53.79,11.64,65.43,43778,USD,Rail
2024-12-31,Maya,REF_004,51.83,10.36,62.19,22980,USD,Rail
2025-01-07,Maya,REF_004,51.48,10.98,62.46,35485,USD,Rail
2025-01-14,Maya,REF_004,49.82,12.04,61.85,73817,USD,Rail
2025-01-21,Maya,REF_004,50.81,10.65,61.46,69459,USD,Rail
2025-01-28,Maya,REF_004,49.38,11.73,61.11,81373,USD,Rail
2025-02-04,Maya,REF_004,48.76,12.5,61.26,59516,USD,Rail
2025-02-11,Maya,REF_004,46.1,11.01,57.11,22879,USD,Rail
2025-02-18,Maya,REF_004,50.9,10.99,61.89,40055,USD,Rail
2025-02-25,Maya,REF_004,49.7,10.73,60.42,97490,USD,Rail
2025-03-04,Maya,REF_004,50.46,10.46,60.93,93639,USD,Rail
2025-03-11,Maya,REF_004,50.7,11.21,61.91,46012,USD,Rail
2025-03-18,Maya,REF_004,48.38,11.91,60.29,69035,USD,Rail
2025-03-25,Maya,REF_004,48.58,11.69,60.27,25828,USD,Rail
2025-04-01,Maya,REF_004,48.97,11.39,60.36,54745,USD,Rail
2025-04-08,Maya,REF_004,46.26,10.63,56.9,89062,USD,Rail
2025-04-15,Maya,REF_004,49.07,10.37,59.45,22145,USD,Rail
2025-04-22,Maya,REF_004,51.04,10.54,61.58,76388,USD,Rail
2025-04-29,Maya,REF_004,50.82,10.96,61.78,16833,USD,Rail
2025-05-06,Maya,REF_004,48.54,11.84,60.37,83020,USD,Rail
2025-05-13,Maya,REF_004,49.67,11.43,61.1,91840,USD,Rail
2025-05-20,Maya,REF_004,46.97,11.92,58.89,70920,USD,Rail
2025-05-27,Maya,REF_004,47.21,11.77,58.98,89185,USD,Rail
2025-06-03,Maya,REF_004,50.94,12.49,63.43,22398,USD,Rail
2025-06-10,Maya,REF_004,51.45,11.19,62.64,29689,USD,Rail
2025-06-17,Maya,REF_004,51.7,12.24,63.93,45955,USD,Rail
2025-06-24,Maya,REF_004,47.62,11.58,59.2,83101,USD,Rail
2025-07-01,Maya,REF_004,47.21,10.71,57.92,62392,USD,Rail
2025-07-08,Maya,REF_004,48.39,12.35,60.74,32363,USD,Rail
2025-07-15,Maya,REF_004,40.83,12.42,53.26,51103,USD,Rail
2025-07-22,Maya,REF_004,40.54,11.53,52.06,22442,USD,Rail
2025-07-29,Maya,REF_004,36.45,10.81,47.26,55780,USD,Rail
2025-08-05,Maya,REF_004,35.37,12.07,47.43,25902,USD,Rail
2025-08-12,Maya,REF_004,36.84,12.33,49.17,96771,USD,Rail
2025-08-19,Maya,REF_004,38.18,11.16,49.35,40639,USD,Rail
2025-08-26,Maya,REF_004,37.95,10.5,48.45,44492,USD,Rail
2025-09-02,Maya,REF_004,37.03,11.24,48.27,67486,USD,Rail
2025-09-09,Maya,REF_004,38.58,11.92,50.5,43208,USD,Rail
2025-09-16,Maya,REF_004,41.14,11.35,52.49,74294,USD,Rail
2025-09-23,Maya,REF_004,42.05,12.48,54.53,25810,USD,Rail
2025-09-30,Maya,REF_004,40.54,11.2,51.74,62323,USD,Rail
2025-10-07,Maya,REF_004,38.6,11.64,50.24,94154,USD,Rail
2025-10-14,Maya,REF_004,40.31,11.12,51.42,61214,USD,Rail
2025-10-21,Maya,REF_004,42.04,11.01,53.05,88565,USD,Rail
2025-10-28,Maya,REF_004,42.59,11.84,54.43,74524,USD,Rail
2025-11-04,Maya,REF_004,42.21,10.57,52.79,60540,USD,Rail
2025-11-11,Maya,REF_004,41.07,12.22,53.29,46898,USD,Rail
2025-11-18,Maya,REF_004,39.61,11.61,51.23,79077,USD,Rail
2025-11-25,Maya,REF_004,37.57,11.88,49.45,94795,USD,Rail
2025-12-02,Maya,REF_004,35.93,11.07,47.0,52829,USD,Rail
2025-12-09,Maya,REF_004,39.06,12.05,51.12,47510,USD,Rail
2025-12-16,Maya,REF_004,38.83,10.44,49.27,66731,USD,Rail
2025-12-23,Maya,REF_004,41.47,12.09,53.56,38438,USD,Rail
2025-12-30,Maya,REF_004,42.71,11.11,53.82,91521,USD,Rail
2026-01-06,Maya,REF_004,40.25,12.06,52.31,51507,USD,Rail
2026-01-13,Maya,REF_004,44.27,11.47,55.74,40994,USD,Rail
2026-01-20,Maya,REF_004,42.77,11.26,54.03,87731,USD,Rail
2026-01-27,Maya,REF_004,41.55,10.76,52.31,56098,USD,Rail
2026-02-03,Maya,REF_004,39.53,10.67,50.2,25402,USD,Rail
2026-02-10,Maya,REF_004,40.56,10.73,51.29,44799,USD,Rail
2026-02-17,Maya,REF_004,42.25,12.4,54.65,88309,USD,Rail
2026-02-24,Maya,REF_004,39.66,11.16,50.82,68792,USD,Rail
2026-03-03,Maya,REF_004,41.51,11.58,53.1,60456,USD,Rail
2026-03-10,Maya,REF_004,39.84,10.58,50.42,85178,USD,Rail
2026-03-17,Maya,REF_004,39.52,12.32,51.85,90432,USD,Rail
2026-03-24,Maya,REF_004,41.0,12.22,53.22,44574,USD,Rail
2026-03-31,Maya,REF_004,40.91,10.81,51.72,75570,USD,Rail
2026-04-07,Maya,REF_004,42.03,10.42,52.45,41731,USD,Rail
2024-04-09,Maya,REF_005,65.65,2.57,68.21,90191,USD,Pipeline
2024-04-16,Maya,REF_005,63.6,2.32,65.91,44353,USD,Pipeline
2024-04-23,Maya,REF_005,65.96,2.2,68.16,95255,USD,Pipeline
2024-04-30,Maya,REF_005,65.31,2.59,67.89,85890,USD,Pipeline
2024-05-07,Maya,REF_005,65.89,2.57,68.47,35707,USD,Pipeline
2024-05-14,Maya,REF_005,65.14,2.24,67.38,51888,USD,Pipeline
2024-05-21,Maya,REF_005,61.02,2.14,63.16,88978,USD,Pipeline
2024-05-28,Maya,REF_005,61.03,2.58,63.6,83888,USD,Pipeline
2024-06-04,Maya,REF_005,58.52,2.51,61.03,64490,USD,Pipeline
2024-06-11,Maya,REF_005,55.06,2.18,57.24,15830,USD,Pipeline
2024-06-18,Maya,REF_005,50.98,2.54,53.52,46778,USD,Pipeline
2024-06-25,Maya,REF_005,51.29,2.46,53.75,30469,USD,Pipeline
2024-07-02,Maya,REF_005,50.44,2.33,52.77,61608,USD,Pipeline
2024-07-09,Maya,REF_005,51.02,2.31,53.34,16193,USD,Pipeline
2024-07-16,Maya,REF_005,56.11,2.15,58.26,51358,USD,Pipeline
2024-07-23,Maya,REF_005,58.31,2.33,60.64,39657,USD,Pipeline
2024-07-30,Maya,REF_005,61.91,2.22,64.13,15412,USD,Pipeline
2024-08-06,Maya,REF_005,64.4,2.54,66.95,75187,USD,Pipeline
2024-08-13,Maya,REF_005,65.6,2.56,68.17,98452,USD,Pipeline
2024-08-20,Maya,REF_005,65.8,2.24,68.04,19571,USD,Pipeline
2024-08-27,Maya,REF_005,66.76,2.61,69.37,37755,USD,Pipeline
2024-09-03,Maya,REF_005,66.57,2.49,69.06,90171,USD,Pipeline
2024-09-10,Maya,REF_005,65.75,2.36,68.12,36462,USD,Pipeline
2024-09-17,Maya,REF_005,65.8,2.18,67.97,89897,USD,Pipeline
2024-09-24,Maya,REF_005,68.86,2.45,71.31,13313,USD,Pipeline
2024-10-01,Maya,REF_005,68.7,2.3,71.0,32436,USD,Pipeline
2024-10-08,Maya,REF_005,71.35,2.38,73.73,17473,USD,Pipeline
2024-10-15,Maya,REF_005,68.36,2.55,70.9,77898,USD,Pipeline
2024-10-22,Maya,REF_005,71.29,2.15,73.44,24984,USD,Pipeline
2024-10-29,Maya,REF_005,75.49,2.48,77.97,83461,USD,Pipeline
2024-11-05,Maya,REF_005,74.81,2.16,76.97,11663,USD,Pipeline
2024-11-12,Maya,REF_005,77.89,2.51,80.4,24014,USD,Pipeline
2024-11-19,Maya,REF_005,79.27,2.6,81.87,30648,USD,Pipeline
2024-11-26,Maya,REF_005,77.97,2.16,80.13,82875,USD,Pipeline
2024-12-03,Maya,REF_005,77.04,2.14,79.18,51740,USD,Pipeline
2024-12-10,Maya,REF_005,75.25,2.55,77.8,81715,USD,Pipeline
2024-12-17,Maya,REF_005,70.71,2.47,73.18,58290,USD,Pipeline
2024-12-24,Maya,REF_005,67.64,2.39,70.03,58572,USD,Pipeline
2024-12-31,Maya,REF_005,70.75,2.55,73.3,29678,USD,Pipeline
2025-01-07,Maya,REF_005,69.2,2.41,71.62,72564,USD,Pipeline
2025-01-14,Maya,REF_005,67.85,2.25,70.1,70926,USD,Pipeline
2025-01-21,Maya,REF_005,64.91,2.25,67.15,89362,USD,Pipeline
2025-01-28,Maya,REF_005,67.02,2.41,69.42,73350,USD,Pipeline
2025-02-04,Maya,REF_005,65.32,2.25,67.56,85637,USD,Pipeline
2025-02-11,Maya,REF_005,61.44,2.18,63.62,31524,USD,Pipeline
2025-02-18,Maya,REF_005,64.3,2.19,66.49,27460,USD,Pipeline
2025-02-25,Maya,REF_005,65.99,2.52,68.51,61095,USD,Pipeline
2025-03-04,Maya,REF_005,66.15,2.36,68.52,23832,USD,Pipeline
2025-03-11,Maya,REF_005,65.0,2.42,67.42,25643,USD,Pipeline
2025-03-18,Maya,REF_005,65.91,2.55,68.46,48219,USD,Pipeline
2025-03-25,Maya,REF_005,68.29,2.38,70.67,78452,USD,Pipeline
2025-04-01,Maya,REF_005,72.76,2.4,75.16,54218,USD,Pipeline
2025-04-08,Maya,REF_005,75.63,2.52,78.16,53669,USD,Pipeline
2025-04-15,Maya,REF_005,76.89,2.39,79.28,83965,USD,Pipeline
2025-04-22,Maya,REF_005,77.5,2.25,79.75,16567,USD,Pipeline
2025-04-29,Maya,REF_005,75.21,2.44,77.65,16965,USD,Pipeline
2025-05-06,Maya,REF_005,77.34,2.59,79.94,56360,USD,Pipeline
2025-05-13,Maya,REF_005,77.32,2.51,79.83,87869,USD,Pipeline
2025-05-20,Maya,REF_005,76.78,2.36,79.14,21334,USD,Pipeline
2025-05-27,Maya,REF_005,79.32,2.42,81.74,38540,USD,Pipeline
2025-06-03,Maya,REF_005,84.24,2.16,86.4,62231,USD,Pipeline
2025-06-10,Maya,REF_005,83.38,2.41,85.79,28763,USD,Pipeline
2025-06-17,Maya,REF_005,81.5,2.4,83.9,74324,USD,Pipeline
2025-06-24,Maya,REF_005,81.84,2.38,84.22,18769,USD,Pipeline
2025-07-01,Maya,REF_005,80.6,2.47,83.07,37980,USD,Pipeline
2025-07-08,Maya,REF_005,79.44,2.4,81.84,62205,USD,Pipeline
2025-07-15,Maya,REF_005,77.75,2.22,79.97,94297,USD,Pipeline
2025-07-22,Maya,REF_005,75.36,2.23,77.59,20847,USD,Pipeline
2025-07-29,Maya,REF_005,73.6,2.6,76.2,70725,USD,Pipeline
2025-08-05,Maya,REF_005,72.68,2.33,75.02,98820,USD,Pipeline
2025-08-12,Maya,REF_005,75.36,2.23,77.59,39423,USD,Pipeline
2025-08-19,Maya,REF_005,74.11,2.45,76.56,37802,USD,Pipeline
2025-08-26,Maya,REF_005,72.36,2.55,74.91,14378,USD,Pipeline
2025-09-02,Maya,REF_005,74.22,2.43,76.65,79386,USD,Pipeline
2025-09-09,Maya,REF_005,73.47,2.29,75.76,43237,USD,Pipeline
2025-09-16,Maya,REF_005,74.08,2.32,76.4,29382,USD,Pipeline
2025-09-23,Maya,REF_005,75.03,2.19,77.22,87564,USD,Pipeline
2025-09-30,Maya,REF_005,76.74,2.51,79.24,92349,USD,Pipeline
2025-10-07,Maya,REF_005,79.88,2.5,82.38,47859,USD,Pipeline
2025-10-14,Maya,REF_005,80.99,2.25,83.24,80435,USD,Pipeline
2025-10-21,Maya,REF_005,79.31,2.3,81.61,24109,USD,Pipeline
2025-10-28,Maya,REF_005,77.59,2.32,79.9,33156,USD,Pipeline
2025-11-04,Maya,REF_005,75.78,2.24,78.02,45257,USD,Pipeline
2025-11-11,Maya,REF_005,76.86,2.55,79.41,35571,USD,Pipeline
2025-11-18,Maya,REF_005,73.32,2.3,75.63,81815,USD,Pipeline
2025-11-25,Maya,REF_005,75.35,2.35,77.71,61218,USD,Pipeline
2025-12-02,Maya,REF_005,74.62,2.4,77.02,20737,USD,Pipeline
2025-12-09,Maya,REF_005,72.09,2.46,74.56,94028,USD,Pipeline
2025-12-16,Maya,REF_005,70.68,2.24,72.92,18213,USD,Pipeline
2025-12-23,Maya,REF_005,65.76,2.15,67.91,92945,USD,Pipeline
2025-12-30,Maya,REF_005,66.05,2.58,68.64,86537,USD,Pipeline
2026-01-06,Maya,REF_005,64.78,2.42,67.2,35336,USD,Pipeline
2026-01-13,Maya,REF_005,64.04,2.23,66.27,67717,USD,Pipeline
2026-01-20,Maya,REF_005,64.4,2.29,66.69,56126,USD,Pipeline
2026-01-27,Maya,REF_005,67.69,2.42,70.12,14669,USD,Pipeline
2026-02-03,Maya,REF_005,71.93,2.2,74.12,50395,USD,Pipeline
2026-02-10,Maya,REF_005,69.51,2.3,71.81,88109,USD,Pipeline
2026-02-17,Maya,REF_005,64.04,2.25,66.3,96172,USD,Pipeline
2026-02-24,Maya,REF_005,63.26,2.59,65.85,43007,USD,Pipeline
2026-03-03,Maya,REF_005,63.62,2.51,66.13,18086,USD,Pipeline
2026-03-10,Maya,REF_005,64.93,2.15,67.08,56266,USD,Pipeline
2026-03-17,Maya,REF_005,66.07,2.15,68.22,51250,USD,Pipeline
2026-03-24,Maya,REF_005,67.76,2.17,69.94,93577,USD,Pipeline
2026-03-31,Maya,REF_005,65.6,2.4,68.0,20667,USD,Pipeline
2026-04-07,Maya,REF_005,66.31,2.21,68.52,17286,USD,Pipeline
2024-04-09,Bonny Light,REF_001,67.77,5.54,73.32,53589,USD,Tanker
2024-04-16,Bonny Light,REF_001,61.7,5.27,66.97,92985,USD,Tanker
2024-04-23,Bonny Light,REF_001,64.02,5.82,69.84,85997,USD,Tanker
2024-04-30,Bonny Light,REF_001,63.97,5.17,69.14,26782,USD,Tanker
2024-05-07,Bonny Light,REF_001,61.27,6.24,67.51,45520,USD,Tanker
2024-05-14,Bonny Light,REF_001,59.34,6.27,65.61,68591,USD,Tanker
2024-05-21,Bonny Light,REF_001,58.62,5.37,64.0,14541,USD,Tanker
2024-05-28,Bonny Light,REF_001,60.88,5.91,66.79,97461,USD,Tanker
2024-06-04,Bonny Light,REF_001,61.47,5.57,67.05,99411,USD,Tanker
2024-06-11,Bonny Light,REF_001,60.64,6.15,66.8,30769,USD,Tanker
2024-06-18,Bonny Light,REF_001,62.2,6.03,68.23,17454,USD,Tanker
2024-06-25,Bonny Light,REF_001,63.96,6.08,70.04,33528,USD,Tanker
2024-07-02,Bonny Light,REF_001,62.07,5.79,67.86,91577,USD,Tanker
2024-07-09,Bonny Light,REF_001,62.51,5.36,67.87,86953,USD,Tanker
2024-07-16,Bonny Light,REF_001,58.81,5.22,64.03,57565,USD,Tanker
2024-07-23,Bonny Light,REF_001,57.46,5.38,62.84,94609,USD,Tanker
2024-07-30,Bonny Light,REF_001,58.43,5.8,64.22,40313,USD,Tanker
2024-08-06,Bonny Light,REF_001,55.5,6.13,61.63,26491,USD,Tanker
2024-08-13,Bonny Light,REF_001,54.46,5.2,59.66,94946,USD,Tanker
2024-08-20,Bonny Light,REF_001,55.59,5.89,61.47,66743,USD,Tanker
2024-08-27,Bonny Light,REF_001,54.29,5.96,60.26,56686,USD,Tanker
2024-09-03,Bonny Light,REF_001,53.45,5.52,58.97,38510,USD,Tanker
2024-09-10,Bonny Light,REF_001,55.19,5.42,60.6,82716,USD,Tanker
2024-09-17,Bonny Light,REF_001,53.86,5.3,59.16,78233,USD,Tanker
2024-09-24,Bonny Light,REF_001,51.85,5.86,57.71,27316,USD,Tanker
2024-10-01,Bonny Light,REF_001,52.14,5.38,57.52,50261,USD,Tanker
2024-10-08,Bonny Light,REF_001,52.74,5.73,58.46,43725,USD,Tanker
2024-10-15,Bonny Light,REF_001,53.3,6.17,59.46,17278,USD,Tanker
2024-10-22,Bonny Light,REF_001,53.32,5.77,59.09,36275,USD,Tanker
2024-10-29,Bonny Light,REF_001,53.5,5.35,58.85,71226,USD,Tanker
2024-11-05,Bonny Light,REF_001,50.7,5.34,56.04,58161,USD,Tanker
2024-11-12,Bonny Light,REF_001,48.74,5.83,54.57,49876,USD,Tanker
2024-11-19,Bonny Light,REF_001,48.73,5.47,54.2,22477,USD,Tanker
2024-11-26,Bonny Light,REF_001,48.11,5.82,53.93,70411,USD,Tanker
2024-12-03,Bonny Light,REF_001,52.88,5.85,58.73,21181,USD,Tanker
2024-12-10,Bonny Light,REF_001,53.67,5.4,59.07,10853,USD,Tanker
2024-12-17,Bonny Light,REF_001,54.77,5.96,60.73,50477,USD,Tanker
2024-12-24,Bonny Light,REF_001,55.99,5.82,61.82,26770,USD,Tanker
2024-12-31,Bonny Light,REF_001,55.41,6.1,61.51,60762,USD,Tanker
2025-01-07,Bonny Light,REF_001,53.85,6.03,59.89,90129,USD,Tanker
2025-01-14,Bonny Light,REF_001,49.82,6.14,55.95,30666,USD,Tanker
2025-01-21,Bonny Light,REF_001,51.66,5.18,56.84,14560,USD,Tanker
2025-01-28,Bonny Light,REF_001,53.5,5.8,59.3,46827,USD,Tanker
2025-02-04,Bonny Light,REF_001,53.88,5.82,59.7,70399,USD,Tanker
2025-02-11,Bonny Light,REF_001,52.43,5.6,58.03,12127,USD,Tanker
2025-02-18,Bonny Light,REF_001,54.89,5.9,60.79,79905,USD,Tanker
2025-02-25,Bonny Light,REF_001,50.18,5.54,55.72,68053,USD,Tanker
2025-03-04,Bonny Light,REF_001,50.6,5.53,56.14,63917,USD,Tanker
2025-03-11,Bonny Light,REF_001,50.17,5.23,55.4,88660,USD,Tanker
2025-03-18,Bonny Light,REF_001,51.25,5.47,56.72,98970,USD,Tanker
2025-03-25,Bonny Light,REF_001,50.75,5.88,56.62,34978,USD,Tanker
2025-04-01,Bonny Light,REF_001,53.1,5.25,58.35,57322,USD,Tanker
2025-04-08,Bonny Light,REF_001,53.98,5.84,59.82,77243,USD,Tanker
2025-04-15,Bonny Light,REF_001,53.84,5.31,59.15,75129,USD,Tanker
2025-04-22,Bonny Light,REF_001,54.13,6.12,60.25,53475,USD,Tanker
2025-04-29,Bonny Light,REF_001,52.98,5.4,58.38,49933,USD,Tanker
2025-05-06,Bonny Light,REF_001,53.97,5.85,59.82,72445,USD,Tanker
2025-05-13,Bonny Light,REF_001,55.55,6.11,61.66,23667,USD,Tanker
2025-05-20,Bonny Light,REF_001,56.32,5.7,62.03,46259,USD,Tanker
2025-05-27,Bonny Light,REF_001,57.19,6.22,63.42,83747,USD,Tanker
2025-06-03,Bonny Light,REF_001,58.15,5.38,63.53,11074,USD,Tanker
2025-06-10,Bonny Light,REF_001,60.35,5.46,65.8,22380,USD,Tanker
2025-06-17,Bonny Light,REF_001,59.87,6.28,66.15,86964,USD,Tanker
2025-06-24,Bonny Light,REF_001,59.6,5.23,64.83,22930,USD,Tanker
2025-07-01,Bonny Light,REF_001,61.31,5.97,67.28,66745,USD,Tanker
2025-07-08,Bonny Light,REF_001,59.83,6.2,66.03,13265,USD,Tanker
2025-07-15,Bonny Light,REF_001,59.04,5.22,64.27,65645,USD,Tanker
2025-07-22,Bonny Light,REF_001,58.18,5.4,63.58,53437,USD,Tanker
2025-07-29,Bonny Light,REF_001,59.89,5.49,65.38,47275,USD,Tanker
2025-08-05,Bonny Light,REF_001,63.22,5.54,68.77,86721,USD,Tanker
2025-08-12,Bonny Light,REF_001,61.89,5.87,67.75,27791,USD,Tanker
2025-08-19,Bonny Light,REF_001,61.64,5.54,67.18,39492,USD,Tanker
2025-08-26,Bonny Light,REF_001,59.25,5.79,65.04,50641,USD,Tanker
2025-09-02,Bonny Light,REF_001,59.57,5.55,65.12,52522,USD,Tanker
2025-09-09,Bonny Light,REF_001,57.45,5.77,63.22,83169,USD,Tanker
2025-09-16,Bonny Light,REF_001,58.65,5.41,64.06,56397,USD,Tanker
2025-09-23,Bonny Light,REF_001,61.63,5.76,67.39,98791,USD,Tanker
2025-09-30,Bonny Light,REF_001,62.74,5.35,68.09,74762,USD,Tanker
2025-10-07,Bonny Light,REF_001,64.62,5.2,69.82,40047,USD,Tanker
2025-10-14,Bonny Light,REF_001,66.22,5.29,71.52,90112,USD,Tanker
2025-10-21,Bonny Light,REF_001,61.91,6.1,68.01,72583,USD,Tanker
2025-10-28,Bonny Light,REF_001,58.44,6.21,64.66,94479,USD,Tanker
2025-11-04,Bonny Light,REF_001,60.58,5.78,66.36,63623,USD,Tanker
2025-11-11,Bonny Light,REF_001,57.89,5.87,63.76,15401,USD,Tanker
2025-11-18,Bonny Light,REF_001,54.49,5.79,60.28,96533,USD,Tanker
2025-11-25,Bonny Light,REF_001,53.26,5.63,58.89,64286,USD,Tanker
2025-12-02,Bonny Light,REF_001,53.03,6.2,59.23,93917,USD,Tanker
2025-12-09,Bonny Light,REF_001,50.75,5.78,56.53,79173,USD,Tanker
2025-12-16,Bonny Light,REF_001,50.77,5.99,56.76,39688,USD,Tanker
2025-12-23,Bonny Light,REF_001,50.5,6.19,56.69,80166,USD,Tanker
2025-12-30,Bonny Light,REF_001,51.67,5.8,57.47,62061,USD,Tanker
2026-01-06,Bonny Light,REF_001,49.94,5.17,55.12,49784,USD,Tanker
2026-01-13,Bonny Light,REF_001,51.22,5.81,57.04,72693,USD,Tanker
2026-01-20,Bonny Light,REF_001,53.46,6.13,59.59,86457,USD,Tanker
2026-01-27,Bonny Light,REF_001,49.7,5.58,55.28,56924,USD,Tanker
2026-02-03,Bonny Light,REF_001,48.84,5.26,54.1,63189,USD,Tanker
2026-02-10,Bonny Light,REF_001,52.0,5.47,57.47,15967,USD,Tanker
2026-02-17,Bonny Light,REF_001,51.43,6.18,57.61,16126,USD,Tanker
2026-02-24,Bonny Light,REF_001,51.42,5.22,56.64,21325,USD,Tanker
2026-03-03,Bonny Light,REF_001,53.0,5.77,58.77,11420,USD,Tanker
2026-03-10,Bonny Light,REF_001,54.6,5.45,60.05,86806,USD,Tanker
2026-03-17,Bonny Light,REF_001,54.62,6.08,60.7,62363,USD,Tanker
2026-03-24,Bonny Light,REF_001,55.82,6.25,62.08,17611,USD,Tanker
2026-03-31,Bonny Light,REF_001,52.08,5.39,57.47,67950,USD,Tanker
2026-04-07,Bonny Light,REF_001,50.23,6.08,56.31,93563,USD,Tanker
2024-04-09,Bonny Light,REF_002,65.98,10.69,76.67,28196,USD,Rail
2024-04-16,Bonny Light,REF_002,67.03,9.57,76.6,73466,USD,Rail
2024-04-23,Bonny Light,REF_002,67.07,10.99,78.06,70752,USD,Rail
2024-04-30,Bonny Light,REF_002,63.02,10.16,73.18,34553,USD,Rail
2024-05-07,Bonny Light,REF_002,63.17,11.06,74.23,86504,USD,Rail
2024-05-14,Bonny Light,REF_002,62.14,9.52,71.66,70182,USD,Rail
2024-05-21,Bonny Light,REF_002,66.06,9.9,75.96,59470,USD,Rail
2024-05-28,Bonny Light,REF_002,66.87,10.08,76.95,71803,USD,Rail
2024-06-04,Bonny Light,REF_002,66.27,10.38,76.65,92290,USD,Rail
2024-06-11,Bonny Light,REF_002,67.92,11.1,79.02,68650,USD,Rail
2024-06-18,Bonny Light,REF_002,69.99,9.58,79.57,72858,USD,Rail
2024-06-25,Bonny Light,REF_002,73.5,10.2,83.7,25399,USD,Rail
2024-07-02,Bonny Light,REF_002,69.42,10.36,79.78,15655,USD,Rail
2024-07-09,Bonny Light,REF_002,69.52,9.73,79.24,66127,USD,Rail
2024-07-16,Bonny Light,REF_002,68.19,9.75,77.94,82470,USD,Rail
2024-07-23,Bonny Light,REF_002,67.83,10.32,78.15,65811,USD,Rail
2024-07-30,Bonny Light,REF_002,65.54,10.19,75.73,69113,USD,Rail
2024-08-06,Bonny Light,REF_002,64.62,9.5,74.13,70971,USD,Rail
2024-08-13,Bonny Light,REF_002,65.27,11.13,76.4,53178,USD,Rail
2024-08-20,Bonny Light,REF_002,62.42,11.17,73.59,79435,USD,Rail
2024-08-27,Bonny Light,REF_002,64.29,10.57,74.87,37593,USD,Rail
2024-09-03,Bonny Light,REF_002,60.89,10.25,71.14,14480,USD,Rail
2024-09-10,Bonny Light,REF_002,59.94,9.57,69.51,29549,USD,Rail
2024-09-17,Bonny Light,REF_002,59.78,10.35,70.13,57584,USD,Rail
2024-09-24,Bonny Light,REF_002,61.6,10.39,72.0,17758,USD,Rail
2024-10-01,Bonny Light,REF_002,60.64,9.5,70.14,16949,USD,Rail
2024-10-08,Bonny Light,REF_002,60.24,11.22,71.46,29707,USD,Rail
2024-10-15,Bonny Light,REF_002,63.29,9.9,73.19,35206,USD,Rail
2024-10-22,Bonny Light,REF_002,66.24,10.05,76.29,41868,USD,Rail
2024-10-29,Bonny Light,REF_002,62.74,9.96,72.7,84654,USD,Rail
2024-11-05,Bonny Light,REF_002,65.6,9.54,75.13,48986,USD,Rail
2024-11-12,Bonny Light,REF_002,63.21,9.63,72.84,68661,USD,Rail
2024-11-19,Bonny Light,REF_002,64.79,10.6,75.39,65736,USD,Rail
2024-11-26,Bonny Light,REF_002,62.57,9.46,72.03,10213,USD,Rail
2024-12-03,Bonny Light,REF_002,59.81,10.67,70.48,57042,USD,Rail
2024-12-10,Bonny Light,REF_002,58.01,11.11,69.13,33598,USD,Rail
2024-12-17,Bonny Light,REF_002,59.51,10.28,69.8,43134,USD,Rail
2024-12-24,Bonny Light,REF_002,60.07,10.27,70.34,42169,USD,Rail
2024-12-31,Bonny Light,REF_002,60.69,10.98,71.68,29247,USD,Rail
2025-01-07,Bonny Light,REF_002,60.36,10.31,70.68,82747,USD,Rail
2025-01-14,Bonny Light,REF_002,61.16,11.0,72.17,72381,USD,Rail
2025-01-21,Bonny Light,REF_002,60.54,10.83,71.38,87346,USD,Rail
2025-01-28,Bonny Light,REF_002,59.62,9.7,69.32,99026,USD,Rail
2025-02-04,Bonny Light,REF_002,61.91,10.98,72.9,19650,USD,Rail
2025-02-11,Bonny Light,REF_002,62.78,10.06,72.84,51257,USD,Rail
2025-02-18,Bonny Light,REF_002,64.5,10.52,75.02,98284,USD,Rail
2025-02-25,Bonny Light,REF_002,62.23,9.73,71.96,60504,USD,Rail
2025-03-04,Bonny Light,REF_002,59.25,11.34,70.6,69886,USD,Rail
2025-03-11,Bonny Light,REF_002,59.23,9.92,69.15,99085,USD,Rail
2025-03-18,Bonny Light,REF_002,57.9,10.75,68.65,61075,USD,Rail
2025-03-25,Bonny Light,REF_002,55.67,11.07,66.74,70237,USD,Rail
2025-04-01,Bonny Light,REF_002,52.04,9.97,62.01,18816,USD,Rail
2025-04-08,Bonny Light,REF_002,53.77,10.19,63.96,81024,USD,Rail
2025-04-15,Bonny Light,REF_002,55.04,11.02,66.05,99786,USD,Rail
2025-04-22,Bonny Light,REF_002,54.32,10.86,65.18,14430,USD,Rail
2025-04-29,Bonny Light,REF_002,51.03,11.32,62.36,74086,USD,Rail
2025-05-06,Bonny Light,REF_002,52.58,10.98,63.56,60521,USD,Rail
2025-05-13,Bonny Light,REF_002,52.58,10.5,63.09,79873,USD,Rail
2025-05-20,Bonny Light,REF_002,47.67,10.87,58.54,14926,USD,Rail
2025-05-27,Bonny Light,REF_002,45.77,10.22,55.99,50516,USD,Rail
2025-06-03,Bonny Light,REF_002,47.56,10.79,58.35,71317,USD,Rail
2025-06-10,Bonny Light,REF_002,49.91,9.6,59.52,30944,USD,Rail
2025-06-17,Bonny Light,REF_002,49.0,10.23,59.23,29696,USD,Rail
2025-06-24,Bonny Light,REF_002,48.37,11.41,59.78,11747,USD,Rail
2025-07-01,Bonny Light,REF_002,45.97,9.44,55.41,85863,USD,Rail
2025-07-08,Bonny Light,REF_002,48.86,10.64,59.5,72488,USD,Rail
2025-07-15,Bonny Light,REF_002,47.39,9.76,57.15,59238,USD,Rail
2025-07-22,Bonny Light,REF_002,48.84,11.31,60.15,11465,USD,Rail
2025-07-29,Bonny Light,REF_002,52.91,9.8,62.71,16626,USD,Rail
2025-08-05,Bonny Light,REF_002,51.61,9.46,61.07,27188,USD,Rail
2025-08-12,Bonny Light,REF_002,52.49,9.93,62.42,51244,USD,Rail
2025-08-19,Bonny Light,REF_002,52.61,10.72,63.33,36183,USD,Rail
2025-08-26,Bonny Light,REF_002,52.12,9.9,62.02,27135,USD,Rail
2025-09-02,Bonny Light,REF_002,53.36,10.61,63.97,92338,USD,Rail
2025-09-09,Bonny Light,REF_002,51.01,11.07,62.08,61837,USD,Rail
2025-09-16,Bonny Light,REF_002,50.01,10.34,60.35,47862,USD,Rail
2025-09-23,Bonny Light,REF_002,48.13,9.49,57.62,42241,USD,Rail
2025-09-30,Bonny Light,REF_002,48.75,11.29,60.04,22585,USD,Rail
2025-10-07,Bonny Light,REF_002,46.16,11.14,57.31,33590,USD,Rail
2025-10-14,Bonny Light,REF_002,47.97,9.81,57.77,43247,USD,Rail
2025-10-21,Bonny Light,REF_002,51.14,10.49,61.63,92070,USD,Rail
2025-10-28,Bonny Light,REF_002,50.09,11.42,61.51,81064,USD,Rail
2025-11-04,Bonny Light,REF_002,47.97,10.15,58.12,22797,USD,Rail
2025-11-11,Bonny Light,REF_002,53.32,9.89,63.21,74082,USD,Rail
2025-11-18,Bonny Light,REF_002,53.36,10.48,63.84,43030,USD,Rail
2025-11-25,Bonny Light,REF_002,51.33,10.99,62.32,54837,USD,Rail
2025-12-02,Bonny Light,REF_002,49.33,9.94,59.27,80961,USD,Rail
2025-12-09,Bonny Light,REF_002,49.96,9.91,59.86,90089,USD,Rail
2025-12-16,Bonny Light,REF_002,50.96,11.05,62.01,82124,USD,Rail
2025-12-23,Bonny Light,REF_002,51.78,11.22,63.0,55401,USD,Rail
2025-12-30,Bonny Light,REF_002,49.48,10.5,59.97,46699,USD,Rail
2026-01-06,Bonny Light,REF_002,51.2,10.41,61.61,97207,USD,Rail
2026-01-13,Bonny Light,REF_002,52.01,10.19,62.2,20925,USD,Rail
2026-01-20,Bonny Light,REF_002,52.1,11.04,63.14,86361,USD,Rail
2026-01-27,Bonny Light,REF_002,51.59,11.35,62.94,57367,USD,Rail
2026-02-03,Bonny Light,REF_002,52.89,11.21,64.1,26711,USD,Rail
2026-02-10,Bonny Light,REF_002,50.77,10.07,60.85,80483,USD,Rail
2026-02-17,Bonny Light,REF_002,51.47,11.1,62.57,55460,USD,Rail
2026-02-24,Bonny Light,REF_002,51.01,11.43,62.43,36565,USD,Rail
2026-03-03,Bonny Light,REF_002,50.65,10.8,61.44,77968,USD,Rail
2026-03-10,Bonny Light,REF_002,51.39,10.7,62.09,58282,USD,Rail
2026-03-17,Bonny Light,REF_002,51.56,10.36,61.92,61722,USD,Rail
2026-03-24,Bonny Light,REF_002,53.63,10.54,64.16,75606,USD,Rail
2026-03-31,Bonny Light,REF_002,57.09,9.93,67.03,67519,USD,Rail
2026-04-07,Bonny Light,REF_002,57.45,10.71,68.17,29554,USD,Rail
2024-04-09,Bonny Light,REF_003,65.51,4.95,70.46,98173,USD,Tanker
2024-04-16,Bonny Light,REF_003,67.26,5.1,72.37,42468,USD,Tanker
2024-04-23,Bonny Light,REF_003,66.89,5.72,72.61,21544,USD,Tanker
2024-04-30,Bonny Light,REF_003,66.48,5.06,71.54,25434,USD,Tanker
2024-05-07,Bonny Light,REF_003,69.38,5.56,74.93,75222,USD,Tanker
2024-05-14,Bonny Light,REF_003,67.44,5.65,73.09,10270,USD,Tanker
2024-05-21,Bonny Light,REF_003,69.72,4.93,74.65,48440,USD,Tanker
2024-05-28,Bonny Light,REF_003,72.0,4.95,76.95,27174,USD,Tanker
2024-06-04,Bonny Light,REF_003,71.38,4.96,76.35,17642,USD,Tanker
2024-06-11,Bonny Light,REF_003,71.37,4.99,76.37,14480,USD,Tanker
2024-06-18,Bonny Light,REF_003,69.03,5.79,74.82,89632,USD,Tanker
2024-06-25,Bonny Light,REF_003,69.85,5.61,75.45,15846,USD,Tanker
2024-07-02,Bonny Light,REF_003,69.46,5.06,74.52,80090,USD,Tanker
2024-07-09,Bonny Light,REF_003,71.31,5.23,76.55,55546,USD,Tanker
2024-07-16,Bonny Light,REF_003,70.42,5.04,75.46,97170,USD,Tanker
2024-07-23,Bonny Light,REF_003,70.96,5.63,76.59,30801,USD,Tanker
2024-07-30,Bonny Light,REF_003,68.37,5.8,74.16,50375,USD,Tanker
2024-08-06,Bonny Light,REF_003,68.98,5.73,74.71,97472,USD,Tanker
2024-08-13,Bonny Light,REF_003,67.87,5.56,73.43,67970,USD,Tanker
2024-08-20,Bonny Light,REF_003,67.51,5.7,73.21,95163,USD,Tanker
2024-08-27,Bonny Light,REF_003,63.7,5.55,69.25,70066,USD,Tanker
2024-09-03,Bonny Light,REF_003,60.75,5.34,66.09,92739,USD,Tanker
2024-09-10,Bonny Light,REF_003,60.7,5.78,66.48,39664,USD,Tanker
2024-09-17,Bonny Light,REF_003,57.77,5.83,63.6,50561,USD,Tanker
2024-09-24,Bonny Light,REF_003,59.88,5.14,65.02,91059,USD,Tanker
2024-10-01,Bonny Light,REF_003,61.79,5.0,66.79,63106,USD,Tanker
2024-10-08,Bonny Light,REF_003,58.54,5.07,63.61,31038,USD,Tanker
2024-10-15,Bonny Light,REF_003,58.94,5.84,64.78,48296,USD,Tanker
2024-10-22,Bonny Light,REF_003,61.28,5.44,66.72,71124,USD,Tanker
2024-10-29,Bonny Light,REF_003,59.41,5.06,64.47,71067,USD,Tanker
2024-11-05,Bonny Light,REF_003,59.31,5.39,64.71,34194,USD,Tanker
2024-11-12,Bonny Light,REF_003,59.11,5.16,64.28,84828,USD,Tanker
2024-11-19,Bonny Light,REF_003,57.61,5.23,62.84,97270,USD,Tanker
2024-11-26,Bonny Light,REF_003,59.73,5.89,65.62,97578,USD,Tanker
2024-12-03,Bonny Light,REF_003,60.07,5.19,65.26,97254,USD,Tanker
2024-12-10,Bonny Light,REF_003,61.21,5.66,66.88,74012,USD,Tanker
2024-12-17,Bonny Light,REF_003,62.07,5.49,67.56,42519,USD,Tanker
2024-12-24,Bonny Light,REF_003,64.67,5.02,69.69,49467,USD,Tanker
2024-12-31,Bonny Light,REF_003,66.78,5.29,72.07,89471,USD,Tanker
2025-01-07,Bonny Light,REF_003,66.87,5.2,72.08,95020,USD,Tanker
2025-01-14,Bonny Light,REF_003,66.94,5.21,72.14,36497,USD,Tanker
2025-01-21,Bonny Light,REF_003,65.81,4.95,70.76,71315,USD,Tanker
2025-01-28,Bonny Light,REF_003,66.91,5.63,72.54,49860,USD,Tanker
2025-02-04,Bonny Light,REF_003,66.64,5.54,72.18,15940,USD,Tanker
2025-02-11,Bonny Light,REF_003,70.13,4.98,75.1,71418,USD,Tanker
2025-02-18,Bonny Light,REF_003,71.99,5.37,77.37,53165,USD,Tanker
2025-02-25,Bonny Light,REF_003,71.22,5.11,76.33,36845,USD,Tanker
2025-03-04,Bonny Light,REF_003,74.67,5.66,80.32,16389,USD,Tanker
2025-03-11,Bonny Light,REF_003,75.23,5.65,80.87,40931,USD,Tanker
2025-03-18,Bonny Light,REF_003,77.54,5.1,82.64,82411,USD,Tanker
2025-03-25,Bonny Light,REF_003,75.71,5.08,80.79,92136,USD,Tanker
2025-04-01,Bonny Light,REF_003,73.06,4.89,77.95,82311,USD,Tanker
2025-04-08,Bonny Light,REF_003,75.39,5.72,81.11,20893,USD,Tanker
2025-04-15,Bonny Light,REF_003,74.78,5.58,80.36,44060,USD,Tanker
2025-04-22,Bonny Light,REF_003,75.43,5.06,80.5,53078,USD,Tanker
2025-04-29,Bonny Light,REF_003,76.04,5.5,81.54,58966,USD,Tanker
2025-05-06,Bonny Light,REF_003,74.34,5.79,80.13,12943,USD,Tanker
2025-05-13,Bonny Light,REF_003,72.48,5.14,77.63,30076,USD,Tanker
2025-05-20,Bonny Light,REF_003,75.41,5.44,80.84,58656,USD,Tanker
2025-05-27,Bonny Light,REF_003,73.38,5.65,79.03,83094,USD,Tanker
2025-06-03,Bonny Light,REF_003,75.14,5.45,80.59,22854,USD,Tanker
2025-06-10,Bonny Light,REF_003,74.07,5.04,79.11,90844,USD,Tanker
2025-06-17,Bonny Light,REF_003,71.38,5.61,76.99,87470,USD,Tanker
2025-06-24,Bonny Light,REF_003,69.92,5.34,75.26,81201,USD,Tanker
2025-07-01,Bonny Light,REF_003,73.48,5.48,78.96,90500,USD,Tanker
2025-07-08,Bonny Light,REF_003,72.18,5.21,77.39,79337,USD,Tanker
2025-07-15,Bonny Light,REF_003,73.97,5.52,79.49,51412,USD,Tanker
2025-07-22,Bonny Light,REF_003,74.94,4.91,79.86,85572,USD,Tanker
2025-07-29,Bonny Light,REF_003,74.73,5.1,79.83,68243,USD,Tanker
2025-08-05,Bonny Light,REF_003,76.47,4.99,81.46,13676,USD,Tanker
2025-08-12,Bonny Light,REF_003,78.47,5.74,84.21,24116,USD,Tanker
2025-08-19,Bonny Light,REF_003,76.13,5.88,82.01,59686,USD,Tanker
2025-08-26,Bonny Light,REF_003,71.52,5.31,76.82,93770,USD,Tanker
2025-09-02,Bonny Light,REF_003,68.72,5.78,74.5,81484,USD,Tanker
2025-09-09,Bonny Light,REF_003,66.82,5.14,71.96,81413,USD,Tanker
2025-09-16,Bonny Light,REF_003,64.29,5.28,69.57,98081,USD,Tanker
2025-09-23,Bonny Light,REF_003,62.14,5.86,68.01,80443,USD,Tanker
2025-09-30,Bonny Light,REF_003,61.26,5.49,66.75,87259,USD,Tanker
2025-10-07,Bonny Light,REF_003,60.73,5.41,66.14,81576,USD,Tanker
2025-10-14,Bonny Light,REF_003,61.67,5.43,67.1,67765,USD,Tanker
2025-10-21,Bonny Light,REF_003,61.23,5.44,66.68,60718,USD,Tanker
2025-10-28,Bonny Light,REF_003,62.13,5.25,67.38,43144,USD,Tanker
2025-11-04,Bonny Light,REF_003,61.72,5.67,67.39,99802,USD,Tanker
2025-11-11,Bonny Light,REF_003,66.29,4.95,71.24,68642,USD,Tanker
2025-11-18,Bonny Light,REF_003,70.5,4.89,75.39,96010,USD,Tanker
2025-11-25,Bonny Light,REF_003,72.65,4.95,77.6,37672,USD,Tanker
2025-12-02,Bonny Light,REF_003,74.75,5.59,80.34,15555,USD,Tanker
2025-12-09,Bonny Light,REF_003,72.93,5.02,77.95,38690,USD,Tanker
2025-12-16,Bonny Light,REF_003,73.74,5.2,78.94,57301,USD,Tanker
2025-12-23,Bonny Light,REF_003,74.13,5.26,79.39,61962,USD,Tanker
2025-12-30,Bonny Light,REF_003,74.79,5.28,80.07,89180,USD,Tanker
2026-01-06,Bonny Light,REF_003,79.39,5.73,85.12,99856,USD,Tanker
2026-01-13,Bonny Light,REF_003,78.41,5.56,83.97,80508,USD,Tanker
2026-01-20,Bonny Light,REF_003,78.22,5.87,84.09,10932,USD,Tanker
2026-01-27,Bonny Light,REF_003,78.31,5.27,83.58,29974,USD,Tanker
2026-02-03,Bonny Light,REF_003,80.41,5.74,86.15,42736,USD,Tanker
2026-02-10,Bonny Light,REF_003,80.96,5.14,86.1,80900,USD,Tanker
2026-02-17,Bonny Light,REF_003,85.92,5.18,91.11,80858,USD,Tanker
2026-02-24,Bonny Light,REF_003,85.1,5.69,90.79,90934,USD,Tanker
2026-03-03,Bonny Light,REF_003,84.94,4.99,89.93,62671,USD,Tanker
2026-03-10,Bonny Light,REF_003,84.94,5.2,90.13,86117,USD,Tanker
2026-03-17,Bonny Light,REF_003,85.56,5.42,90.98,50412,USD,Tanker
2026-03-24,Bonny Light,REF_003,86.7,5.52,92.21,33655,USD,Tanker
2026-03-31,Bonny Light,REF_003,84.03,5.09,89.12,49470,USD,Tanker
2026-04-07,Bonny Light,REF_003,81.9,5.16,87.06,24431,USD,Tanker
2024-04-09,Bonny Light,REF_004,64.72,1.13,65.84,18541,USD,Pipeline
2024-04-16,Bonny Light,REF_004,64.74,1.01,65.75,59468,USD,Pipeline
2024-04-23,Bonny Light,REF_004,66.96,1.17,68.13,22141,USD,Pipeline
2024-04-30,Bonny Light,REF_004,66.13,1.1,67.23,55257,USD,Pipeline
2024-05-07,Bonny Light,REF_004,62.64,1.01,63.65,76433,USD,Pipeline
2024-05-14,Bonny Light,REF_004,64.93,1.2,66.12,71854,USD,Pipeline
2024-05-21,Bonny Light,REF_004,62.83,1.16,63.99,62112,USD,Pipeline
2024-05-28,Bonny Light,REF_004,61.97,1.05,63.02,13314,USD,Pipeline
2024-06-04,Bonny Light,REF_004,62.91,1.09,64.0,98667,USD,Pipeline
2024-06-11,Bonny Light,REF_004,63.2,1.07,64.26,87546,USD,Pipeline
2024-06-18,Bonny Light,REF_004,61.42,1.12,62.54,86819,USD,Pipeline
2024-06-25,Bonny Light,REF_004,61.8,1.07,62.87,50357,USD,Pipeline
2024-07-02,Bonny Light,REF_004,63.04,1.15,64.19,68576,USD,Pipeline
2024-07-09,Bonny Light,REF_004,62.66,1.13,63.78,40276,USD,Pipeline
2024-07-16,Bonny Light,REF_004,61.54,1.14,62.67,25841,USD,Pipeline
2024-07-23,Bonny Light,REF_004,61.37,1.13,62.5,10990,USD,Pipeline
2024-07-30,Bonny Light,REF_004,60.88,1.14,62.02,41907,USD,Pipeline
2024-08-06,Bonny Light,REF_004,59.75,1.01,60.76,80514,USD,Pipeline
2024-08-13,Bonny Light,REF_004,59.11,1.08,60.19,98590,USD,Pipeline
2024-08-20,Bonny Light,REF_004,56.91,1.08,57.99,56110,USD,Pipeline
2024-08-27,Bonny Light,REF_004,57.69,1.17,58.86,63227,USD,Pipeline
2024-09-03,Bonny Light,REF_004,57.35,1.05,58.4,41480,USD,Pipeline
2024-09-10,Bonny Light,REF_004,53.95,1.07,55.02,90869,USD,Pipeline
2024-09-17,Bonny Light,REF_004,54.27,1.05,55.32,63426,USD,Pipeline
2024-09-24,Bonny Light,REF_004,57.21,1.09,58.29,13353,USD,Pipeline
2024-10-01,Bonny Light,REF_004,55.01,1.06,56.07,69741,USD,Pipeline
2024-10-08,Bonny Light,REF_004,56.71,1.2,57.91,35382,USD,Pipeline
2024-10-15,Bonny Light,REF_004,57.45,1.05,58.5,92568,USD,Pipeline
2024-10-22,Bonny Light,REF_004,57.97,1.07,59.04,29601,USD,Pipeline
2024-10-29,Bonny Light,REF_004,55.47,1.13,56.61,52549,USD,Pipeline
2024-11-05,Bonny Light,REF_004,54.19,1.16,55.35,75187,USD,Pipeline
2024-11-12,Bonny Light,REF_004,56.74,1.17,57.91,29678,USD,Pipeline
2024-11-19,Bonny Light,REF_004,59.21,1.04,60.25,50496,USD,Pipeline
2024-11-26,Bonny Light,REF_004,60.21,1.02,61.24,92878,USD,Pipeline
2024-12-03,Bonny Light,REF_004,60.86,1.18,62.04,20148,USD,Pipeline
2024-12-10,Bonny Light,REF_004,60.87,1.15,62.02,71911,USD,Pipeline
2024-12-17,Bonny Light,REF_004,60.87,1.11,61.98,49320,USD,Pipeline
2024-12-24,Bonny Light,REF_004,60.4,1.12,61.52,45181,USD,Pipeline
2024-12-31,Bonny Light,REF_004,63.16,1.05,64.21,86401,USD,Pipeline
2025-01-07,Bonny Light,REF_004,61.74,1.14,62.88,39351,USD,Pipeline
2025-01-14,Bonny Light,REF_004,59.73,1.09,60.82,10349,USD,Pipeline
2025-01-21,Bonny Light,REF_004,59.68,1.05,60.73,74096,USD,Pipeline
2025-01-28,Bonny Light,REF_004,62.53,1.15,63.68,43873,USD,Pipeline
2025-02-04,Bonny Light,REF_004,66.15,1.02,67.17,47585,USD,Pipeline
2025-02-11,Bonny Light,REF_004,67.85,1.12,68.97,75098,USD,Pipeline
2025-02-18,Bonny Light,REF_004,65.6,1.03,66.62,82842,USD,Pipeline
2025-02-25,Bonny Light,REF_004,64.79,1.11,65.9,30637,USD,Pipeline
2025-03-04,Bonny Light,REF_004,65.85,1.15,67.0,20810,USD,Pipeline
2025-03-11,Bonny Light,REF_004,66.88,1.07,67.95,89424,USD,Pipeline
2025-03-18,Bonny Light,REF_004,67.62,1.06,68.68,13078,USD,Pipeline
2025-03-25,Bonny Light,REF_004,66.23,1.16,67.39,33842,USD,Pipeline
2025-04-01,Bonny Light,REF_004,64.75,1.06,65.81,91898,USD,Pipeline
2025-04-08,Bonny Light,REF_004,67.45,1.09,68.53,92303,USD,Pipeline
2025-04-15,Bonny Light,REF_004,67.25,1.17,68.42,45689,USD,Pipeline
2025-04-22,Bonny Light,REF_004,68.21,1.15,69.37,79467,USD,Pipeline
2025-04-29,Bonny Light,REF_004,65.45,1.08,66.52,87553,USD,Pipeline
2025-05-06,Bonny Light,REF_004,67.27,1.13,68.4,91141,USD,Pipeline
2025-05-13,Bonny Light,REF_004,64.12,1.14,65.26,90101,USD,Pipeline
2025-05-20,Bonny Light,REF_004,63.04,1.12,64.16,35003,USD,Pipeline
2025-05-27,Bonny Light,REF_004,62.5,1.2,63.7,35710,USD,Pipeline
2025-06-03,Bonny Light,REF_004,59.53,1.13,60.66,25574,USD,Pipeline
2025-06-10,Bonny Light,REF_004,58.97,1.06,60.03,77946,USD,Pipeline
2025-06-17,Bonny Light,REF_004,62.29,1.17,63.46,13020,USD,Pipeline
2025-06-24,Bonny Light,REF_004,66.46,1.06,67.53,15066,USD,Pipeline
2025-07-01,Bonny Light,REF_004,63.85,1.07,64.92,88041,USD,Pipeline
2025-07-08,Bonny Light,REF_004,66.11,1.16,67.27,96274,USD,Pipeline
2025-07-15,Bonny Light,REF_004,64.84,1.2,66.04,94742,USD,Pipeline
2025-07-22,Bonny Light,REF_004,64.21,1.02,65.23,93575,USD,Pipeline
2025-07-29,Bonny Light,REF_004,66.06,1.11,67.17,14662,USD,Pipeline
2025-08-05,Bonny Light,REF_004,67.52,1.18,68.71,99752,USD,Pipeline
2025-08-12,Bonny Light,REF_004,66.63,1.1,67.74,37227,USD,Pipeline
2025-08-19,Bonny Light,REF_004,65.82,1.05,66.87,70121,USD,Pipeline
2025-08-26,Bonny Light,REF_004,64.35,1.18,65.52,82325,USD,Pipeline
2025-09-02,Bonny Light,REF_004,64.22,1.09,65.31,19013,USD,Pipeline
2025-09-09,Bonny Light,REF_004,67.52,1.14,68.66,50754,USD,Pipeline
2025-09-16,Bonny Light,REF_004,68.99,1.17,70.16,61134,USD,Pipeline
2025-09-23,Bonny Light,REF_004,67.75,1.05,68.8,61302,USD,Pipeline
2025-09-30,Bonny Light,REF_004,69.06,1.05,70.11,76558,USD,Pipeline
2025-10-07,Bonny Light,REF_004,67.39,1.13,68.51,97897,USD,Pipeline
2025-10-14,Bonny Light,REF_004,64.2,1.19,65.39,62235,USD,Pipeline
2025-10-21,Bonny Light,REF_004,63.79,1.13,64.92,19472,USD,Pipeline
2025-10-28,Bonny Light,REF_004,64.06,1.11,65.17,61064,USD,Pipeline
2025-11-04,Bonny Light,REF_004,61.08,1.2,62.28,33410,USD,Pipeline
2025-11-11,Bonny Light,REF_004,62.18,1.19,63.37,34059,USD,Pipeline
2025-11-18,Bonny Light,REF_004,66.02,1.23,67.25,69749,USD,Pipeline
2025-11-25,Bonny Light,REF_004,65.23,1.06,66.29,59481,USD,Pipeline
2025-12-02,Bonny Light,REF_004,66.45,1.04,67.5,35980,USD,Pipeline
2025-12-09,Bonny Light,REF_004,67.21,1.04,68.25,13775,USD,Pipeline
2025-12-16,Bonny Light,REF_004,67.24,1.16,68.4,65459,USD,Pipeline
2025-12-23,Bonny Light,REF_004,64.98,1.2,66.18,38918,USD,Pipeline
2025-12-30,Bonny Light,REF_004,63.07,1.14,64.2,48282,USD,Pipeline
2026-01-06,Bonny Light,REF_004,65.06,1.11,66.17,84289,USD,Pipeline
2026-01-13,Bonny Light,REF_004,65.2,1.14,66.35,42717,USD,Pipeline
2026-01-20,Bonny Light,REF_004,66.93,1.04,67.97,78664,USD,Pipeline
2026-01-27,Bonny Light,REF_004,68.06,1.09,69.15,98199,USD,Pipeline
2026-02-03,Bonny Light,REF_004,64.63,1.12,65.75,37699,USD,Pipeline
2026-02-10,Bonny Light,REF_004,59.92,1.09,61.01,45309,USD,Pipeline
2026-02-17,Bonny Light,REF_004,57.62,1.14,58.76,58511,USD,Pipeline
2026-02-24,Bonny Light,REF_004,57.7,1.23,58.93,88699,USD,Pipeline
2026-03-03,Bonny Light,REF_004,61.45,1.15,62.6,31136,USD,Pipeline
2026-03-10,Bonny Light,REF_004,60.74,1.08,61.82,13007,USD,Pipeline
2026-03-17,Bonny Light,REF_004,60.17,1.18,61.35,74413,USD,Pipeline
2026-03-24,Bonny Light,REF_004,58.95,1.22,60.17,42988,USD,Pipeline
2026-03-31,Bonny Light,REF_004,57.47,1.18,58.66,24888,USD,Pipeline
2026-04-07,Bonny Light,REF_004,56.89,1.22,58.11,38421,USD,Pipeline
2024-04-09,Bonny Light,REF_005,65.17,7.6,72.77,77689,USD,Rail
2024-04-16,Bonny Light,REF_005,66.46,7.49,73.94,54372,USD,Rail
2024-04-23,Bonny Light,REF_005,66.9,8.08,74.98,13582,USD,Rail
2024-04-30,Bonny Light,REF_005,66.96,8.04,75.0,55267,USD,Rail
2024-05-07,Bonny Light,REF_005,68.05,7.26,75.31,38837,USD,Rail
2024-05-14,Bonny Light,REF_005,67.22,6.95,74.17,97984,USD,Rail
2024-05-21,Bonny Light,REF_005,66.33,7.6,73.92,40307,USD,Rail
2024-05-28,Bonny Light,REF_005,67.07,6.9,73.98,93449,USD,Rail
2024-06-04,Bonny Light,REF_005,68.68,7.03,75.71,48825,USD,Rail
2024-06-11,Bonny Light,REF_005,66.61,8.14,74.75,10725,USD,Rail
2024-06-18,Bonny Light,REF_005,61.19,7.9,69.1,31413,USD,Rail
2024-06-25,Bonny Light,REF_005,59.59,7.12,66.71,68562,USD,Rail
2024-07-02,Bonny Light,REF_005,62.18,7.23,69.4,11469,USD,Rail
2024-07-09,Bonny Light,REF_005,63.63,8.19,71.81,28570,USD,Rail
2024-07-16,Bonny Light,REF_005,61.74,7.14,68.87,56874,USD,Rail
2024-07-23,Bonny Light,REF_005,56.81,8.24,65.06,34421,USD,Rail
2024-07-30,Bonny Light,REF_005,52.92,8.35,61.27,29853,USD,Rail
2024-08-06,Bonny Light,REF_005,53.34,7.02,60.36,22835,USD,Rail
2024-08-13,Bonny Light,REF_005,54.99,7.87,62.86,60617,USD,Rail
2024-08-20,Bonny Light,REF_005,50.83,8.23,59.06,42426,USD,Rail
2024-08-27,Bonny Light,REF_005,48.82,7.89,56.71,93323,USD,Rail
2024-09-03,Bonny Light,REF_005,50.66,8.34,59.01,75672,USD,Rail
2024-09-10,Bonny Light,REF_005,50.99,8.32,59.3,90821,USD,Rail
2024-09-17,Bonny Light,REF_005,51.77,7.01,58.79,52671,USD,Rail
2024-09-24,Bonny Light,REF_005,51.48,7.56,59.04,23351,USD,Rail
2024-10-01,Bonny Light,REF_005,51.38,6.91,58.29,50051,USD,Rail
2024-10-08,Bonny Light,REF_005,52.09,7.76,59.85,15890,USD,Rail
2024-10-15,Bonny Light,REF_005,53.27,7.26,60.52,73966,USD,Rail
2024-10-22,Bonny Light,REF_005,49.94,7.01,56.95,16316,USD,Rail
2024-10-29,Bonny Light,REF_005,48.06,7.17,55.23,85111,USD,Rail
2024-11-05,Bonny Light,REF_005,45.58,6.94,52.53,26953,USD,Rail
2024-11-12,Bonny Light,REF_005,48.12,7.54,55.66,23789,USD,Rail
2024-11-19,Bonny Light,REF_005,49.59,7.06,56.65,75418,USD,Rail
2024-11-26,Bonny Light,REF_005,50.93,7.63,58.56,96614,USD,Rail
2024-12-03,Bonny Light,REF_005,51.75,7.77,59.52,26102,USD,Rail
2024-12-10,Bonny Light,REF_005,54.49,8.21,62.7,60332,USD,Rail
2024-12-17,Bonny Light,REF_005,58.04,7.27,65.32,83088,USD,Rail
2024-12-24,Bonny Light,REF_005,61.54,8.16,69.7,35909,USD,Rail
2024-12-31,Bonny Light,REF_005,58.97,7.22,66.18,40238,USD,Rail
2025-01-07,Bonny Light,REF_005,58.5,8.23,66.72,66354,USD,Rail
2025-01-14,Bonny Light,REF_005,59.7,8.06,67.76,11444,USD,Rail
2025-01-21,Bonny Light,REF_005,59.94,7.04,66.98,32297,USD,Rail
2025-01-28,Bonny Light,REF_005,61.68,8.02,69.7,23090,USD,Rail
2025-02-04,Bonny Light,REF_005,60.66,7.66,68.32,19820,USD,Rail
2025-02-11,Bonny Light,REF_005,59.6,8.23,67.83,42914,USD,Rail
2025-02-18,Bonny Light,REF_005,58.25,8.25,66.5,77566,USD,Rail
2025-02-25,Bonny Light,REF_005,59.77,7.0,66.77,83315,USD,Rail
2025-03-04,Bonny Light,REF_005,61.02,7.24,68.26,98553,USD,Rail
2025-03-11,Bonny Light,REF_005,60.66,8.29,68.95,39720,USD,Rail
2025-03-18,Bonny Light,REF_005,61.78,7.86,69.63,83678,USD,Rail
2025-03-25,Bonny Light,REF_005,59.28,8.21,67.5,19295,USD,Rail
2025-04-01,Bonny Light,REF_005,58.29,7.41,65.7,58651,USD,Rail
2025-04-08,Bonny Light,REF_005,58.94,7.63,66.57,61605,USD,Rail
2025-04-15,Bonny Light,REF_005,59.47,8.15,67.62,52031,USD,Rail
2025-04-22,Bonny Light,REF_005,58.78,8.3,67.08,61010,USD,Rail
2025-04-29,Bonny Light,REF_005,58.87,7.96,66.83,32312,USD,Rail
2025-05-06,Bonny Light,REF_005,57.81,7.02,64.84,84714,USD,Rail
2025-05-13,Bonny Light,REF_005,61.93,8.13,70.06,15734,USD,Rail
2025-05-20,Bonny Light,REF_005,58.91,7.64,66.55,53991,USD,Rail
2025-05-27,Bonny Light,REF_005,57.39,7.85,65.24,32273,USD,Rail
2025-06-03,Bonny Light,REF_005,58.85,8.34,67.19,95170,USD,Rail
2025-06-10,Bonny Light,REF_005,57.03,8.06,65.09,16072,USD,Rail
2025-06-17,Bonny Light,REF_005,58.58,7.3,65.88,45426,USD,Rail
2025-06-24,Bonny Light,REF_005,56.44,8.3,64.75,17767,USD,Rail
2025-07-01,Bonny Light,REF_005,57.78,7.39,65.18,96144,USD,Rail
2025-07-08,Bonny Light,REF_005,53.86,7.62,61.48,76045,USD,Rail
2025-07-15,Bonny Light,REF_005,55.56,8.17,63.73,51968,USD,Rail
2025-07-22,Bonny Light,REF_005,56.58,8.17,64.75,68810,USD,Rail
2025-07-29,Bonny Light,REF_005,54.73,7.23,61.95,71889,USD,Rail
2025-08-05,Bonny Light,REF_005,55.78,7.26,63.04,54103,USD,Rail
2025-08-12,Bonny Light,REF_005,52.61,7.71,60.32,60738,USD,Rail
2025-08-19,Bonny Light,REF_005,52.49,7.05,59.54,44300,USD,Rail
2025-08-26,Bonny Light,REF_005,54.34,7.99,62.34,11640,USD,Rail
2025-09-02,Bonny Light,REF_005,50.34,7.05,57.39,37179,USD,Rail
2025-09-09,Bonny Light,REF_005,50.16,7.63,57.79,46828,USD,Rail
2025-09-16,Bonny Light,REF_005,52.92,7.48,60.4,97980,USD,Rail
2025-09-23,Bonny Light,REF_005,53.5,7.35,60.84,56231,USD,Rail
2025-09-30,Bonny Light,REF_005,54.53,7.9,62.43,45511,USD,Rail
2025-10-07,Bonny Light,REF_005,52.19,6.99,59.19,25057,USD,Rail
2025-10-14,Bonny Light,REF_005,52.35,8.0,60.36,27096,USD,Rail
2025-10-21,Bonny Light,REF_005,51.95,7.11,59.06,84271,USD,Rail
2025-10-28,Bonny Light,REF_005,53.26,7.55,60.81,44961,USD,Rail
2025-11-04,Bonny Light,REF_005,50.85,7.86,58.71,58658,USD,Rail
2025-11-11,Bonny Light,REF_005,48.42,7.56,55.98,50233,USD,Rail
2025-11-18,Bonny Light,REF_005,48.88,8.26,57.15,82198,USD,Rail
2025-11-25,Bonny Light,REF_005,48.38,7.54,55.91,97497,USD,Rail
2025-12-02,Bonny Light,REF_005,51.01,7.98,58.99,73703,USD,Rail
2025-12-09,Bonny Light,REF_005,52.15,7.83,59.98,29045,USD,Rail
2025-12-16,Bonny Light,REF_005,53.44,7.13,60.56,23676,USD,Rail
2025-12-23,Bonny Light,REF_005,52.75,7.28,60.04,42624,USD,Rail
2025-12-30,Bonny Light,REF_005,57.04,8.06,65.1,16606,USD,Rail
2026-01-06,Bonny Light,REF_005,59.2,7.17,66.37,55464,USD,Rail
2026-01-13,Bonny Light,REF_005,60.3,7.83,68.12,54121,USD,Rail
2026-01-20,Bonny Light,REF_005,59.57,6.85,66.42,87278,USD,Rail
2026-01-27,Bonny Light,REF_005,63.36,7.92,71.28,94370,USD,Rail
2026-02-03,Bonny Light,REF_005,58.63,7.09,65.73,16406,USD,Rail
2026-02-10,Bonny Light,REF_005,59.34,7.05,66.39,55088,USD,Rail
2026-02-17,Bonny Light,REF_005,58.23,7.93,66.16,74148,USD,Rail
2026-02-24,Bonny Light,REF_005,61.51,8.3,69.81,12518,USD,Rail
2026-03-03,Bonny Light,REF_005,59.96,7.87,67.84,57035,USD,Rail
2026-03-10,Bonny Light,REF_005,58.61,8.13,66.74,62820,USD,Rail
2026-03-17,Bonny Light,REF_005,56.59,6.87,63.47,96882,USD,Rail
2026-03-24,Bonny Light,REF_005,55.26,7.94,63.2,28411,USD,Rail
2026-03-31,Bonny Light,REF_005,59.13,7.25,66.37,23691,USD,Rail
2026-04-07,Bonny Light,REF_005,60.77,7.44,68.21,35927,USD,Rail
2024-04-09,Arab Light,REF_001,64.58,10.52,75.1,82712,USD,Rail
2024-04-16,Arab Light,REF_001,62.46,11.03,73.49,16005,USD,Rail
2024-04-23,Arab Light,REF_001,60.82,11.89,72.71,88690,USD,Rail
2024-04-30,Arab Light,REF_001,58.46,10.35,68.8,72892,USD,Rail
2024-05-07,Arab Light,REF_001,60.59,10.21,70.79,46999,USD,Rail
2024-05-14,Arab Light,REF_001,60.29,10.28,70.57,12896,USD,Rail
2024-05-21,Arab Light,REF_001,58.62,10.98,69.59,61092,USD,Rail
2024-05-28,Arab Light,REF_001,56.08,10.15,66.23,21373,USD,Rail
2024-06-04,Arab Light,REF_001,55.6,11.59,67.19,11428,USD,Rail
2024-06-11,Arab Light,REF_001,55.79,11.93,67.72,89087,USD,Rail
2024-06-18,Arab Light,REF_001,55.99,11.46,67.45,86268,USD,Rail
2024-06-25,Arab Light,REF_001,54.15,11.65,65.8,65401,USD,Rail
2024-07-02,Arab Light,REF_001,56.27,10.04,66.31,80772,USD,Rail
2024-07-09,Arab Light,REF_001,56.38,11.06,67.43,48454,USD,Rail
2024-07-16,Arab Light,REF_001,58.56,11.57,70.13,29390,USD,Rail
2024-07-23,Arab Light,REF_001,57.08,10.56,67.63,82826,USD,Rail
2024-07-30,Arab Light,REF_001,59.03,10.37,69.39,87626,USD,Rail
2024-08-06,Arab Light,REF_001,59.26,10.55,69.81,50737,USD,Rail
2024-08-13,Arab Light,REF_001,60.76,11.75,72.51,69997,USD,Rail
2024-08-20,Arab Light,REF_001,57.36,11.59,68.95,38198,USD,Rail
2024-08-27,Arab Light,REF_001,57.29,10.71,68.0,77219,USD,Rail
2024-09-03,Arab Light,REF_001,54.66,11.5,66.16,33224,USD,Rail
2024-09-10,Arab Light,REF_001,55.15,11.66,66.81,53084,USD,Rail
2024-09-17,Arab Light,REF_001,58.45,10.3,68.75,68542,USD,Rail
2024-09-24,Arab Light,REF_001,61.55,11.9,73.45,90208,USD,Rail
2024-10-01,Arab Light,REF_001,58.58,11.44,70.03,91825,USD,Rail
2024-10-08,Arab Light,REF_001,59.77,10.77,70.55,33836,USD,Rail
2024-10-15,Arab Light,REF_001,59.94,10.5,70.44,35813,USD,Rail
2024-10-22,Arab Light,REF_001,58.71,10.17,68.89,30789,USD,Rail
2024-10-29,Arab Light,REF_001,57.06,11.95,69.01,79786,USD,Rail
2024-11-05,Arab Light,REF_001,57.08,10.82,67.9,21720,USD,Rail
2024-11-12,Arab Light,REF_001,57.11,10.92,68.03,27877,USD,Rail
2024-11-19,Arab Light,REF_001,57.36,10.43,67.79,81658,USD,Rail
2024-11-26,Arab Light,REF_001,58.07,12.09,70.17,28614,USD,Rail
2024-12-03,Arab Light,REF_001,58.1,12.19,70.3,98793,USD,Rail
2024-12-10,Arab Light,REF_001,57.18,10.48,67.66,19284,USD,Rail
2024-12-17,Arab Light,REF_001,59.71,10.09,69.8,83872,USD,Rail
2024-12-24,Arab Light,REF_001,58.74,11.4,70.14,70409,USD,Rail
2024-12-31,Arab Light,REF_001,61.7,10.55,72.25,76481,USD,Rail
2025-01-07,Arab Light,REF_001,60.8,11.29,72.08,58561,USD,Rail
2025-01-14,Arab Light,REF_001,59.26,11.54,70.8,62462,USD,Rail
2025-01-21,Arab Light,REF_001,60.17,11.76,71.93,29115,USD,Rail
2025-01-28,Arab Light,REF_001,60.81,12.05,72.85,98567,USD,Rail
2025-02-04,Arab Light,REF_001,62.63,12.06,74.69,75584,USD,Rail
2025-02-11,Arab Light,REF_001,64.74,10.07,74.81,50540,USD,Rail
2025-02-18,Arab Light,REF_001,66.5,10.93,77.43,35275,USD,Rail
2025-02-25,Arab Light,REF_001,62.71,11.44,74.15,38002,USD,Rail
2025-03-04,Arab Light,REF_001,61.82,11.12,72.95,84341,USD,Rail
2025-03-11,Arab Light,REF_001,63.58,11.8,75.38,62748,USD,Rail
2025-03-18,Arab Light,REF_001,65.58,11.86,77.44,29690,USD,Rail
2025-03-25,Arab Light,REF_001,61.44,10.25,71.69,62382,USD,Rail
2025-04-01,Arab Light,REF_001,58.02,10.94,68.96,17967,USD,Rail
2025-04-08,Arab Light,REF_001,59.24,10.27,69.51,84549,USD,Rail
2025-04-15,Arab Light,REF_001,57.38,12.11,69.49,28894,USD,Rail
2025-04-22,Arab Light,REF_001,57.21,10.68,67.9,97528,USD,Rail
2025-04-29,Arab Light,REF_001,56.13,11.3,67.42,55710,USD,Rail
2025-05-06,Arab Light,REF_001,59.44,11.76,71.2,15655,USD,Rail
2025-05-13,Arab Light,REF_001,56.8,10.22,67.02,41208,USD,Rail
2025-05-20,Arab Light,REF_001,56.2,10.27,66.47,30674,USD,Rail
2025-05-27,Arab Light,REF_001,54.24,11.98,66.22,51751,USD,Rail
2025-06-03,Arab Light,REF_001,57.83,10.32,68.15,22477,USD,Rail
2025-06-10,Arab Light,REF_001,59.81,11.55,71.36,40488,USD,Rail
2025-06-17,Arab Light,REF_001,62.67,12.01,74.67,20238,USD,Rail
2025-06-24,Arab Light,REF_001,62.52,10.08,72.59,20278,USD,Rail
2025-07-01,Arab Light,REF_001,66.59,10.41,77.0,67485,USD,Rail
2025-07-08,Arab Light,REF_001,69.11,11.76,80.86,12231,USD,Rail
2025-07-15,Arab Light,REF_001,71.42,11.4,82.83,32640,USD,Rail
2025-07-22,Arab Light,REF_001,74.63,11.58,86.21,35911,USD,Rail
2025-07-29,Arab Light,REF_001,75.59,10.77,86.36,92557,USD,Rail
2025-08-05,Arab Light,REF_001,74.67,11.28,85.95,19654,USD,Rail
2025-08-12,Arab Light,REF_001,75.99,11.43,87.42,65921,USD,Rail
2025-08-19,Arab Light,REF_001,74.94,11.71,86.65,32989,USD,Rail
2025-08-26,Arab Light,REF_001,71.77,11.68,83.45,38474,USD,Rail
2025-09-02,Arab Light,REF_001,70.28,11.95,82.23,48566,USD,Rail
2025-09-09,Arab Light,REF_001,69.17,11.19,80.35,31786,USD,Rail
2025-09-16,Arab Light,REF_001,69.69,10.61,80.3,93597,USD,Rail
2025-09-23,Arab Light,REF_001,67.71,11.03,78.74,22434,USD,Rail
2025-09-30,Arab Light,REF_001,65.62,10.79,76.41,89106,USD,Rail
2025-10-07,Arab Light,REF_001,64.34,10.08,74.43,82110,USD,Rail
2025-10-14,Arab Light,REF_001,66.06,11.46,77.52,24842,USD,Rail
2025-10-21,Arab Light,REF_001,65.75,12.11,77.85,23924,USD,Rail
2025-10-28,Arab Light,REF_001,66.87,12.15,79.01,72002,USD,Rail
2025-11-04,Arab Light,REF_001,64.41,11.45,75.85,65939,USD,Rail
2025-11-11,Arab Light,REF_001,65.66,11.18,76.84,69696,USD,Rail
2025-11-18,Arab Light,REF_001,65.81,11.62,77.43,57493,USD,Rail
2025-11-25,Arab Light,REF_001,69.02,10.02,79.04,94320,USD,Rail
2025-12-02,Arab Light,REF_001,66.14,11.81,77.95,29713,USD,Rail
2025-12-09,Arab Light,REF_001,68.6,10.73,79.33,87108,USD,Rail
2025-12-16,Arab Light,REF_001,66.26,10.53,76.79,83646,USD,Rail
2025-12-23,Arab Light,REF_001,61.6,10.35,71.95,98503,USD,Rail
2025-12-30,Arab Light,REF_001,58.06,10.74,68.8,28415,USD,Rail
2026-01-06,Arab Light,REF_001,58.04,10.05,68.09,50982,USD,Rail
2026-01-13,Arab Light,REF_001,57.01,11.98,68.99,54817,USD,Rail
2026-01-20,Arab Light,REF_001,56.98,10.88,67.85,93437,USD,Rail
2026-01-27,Arab Light,REF_001,58.06,11.16,69.21,35330,USD,Rail
2026-02-03,Arab Light,REF_001,56.71,10.96,67.67,82285,USD,Rail
2026-02-10,Arab Light,REF_001,58.44,12.04,70.48,64530,USD,Rail
2026-02-17,Arab Light,REF_001,56.81,11.35,68.16,39393,USD,Rail
2026-02-24,Arab Light,REF_001,56.83,11.12,67.95,77014,USD,Rail
2026-03-03,Arab Light,REF_001,55.32,10.86,66.18,27954,USD,Rail
2026-03-10,Arab Light,REF_001,55.85,10.31,66.16,29831,USD,Rail
2026-03-17,Arab Light,REF_001,56.29,11.99,68.28,55581,USD,Rail
2026-03-24,Arab Light,REF_001,57.15,9.98,67.13,13098,USD,Rail
2026-03-31,Arab Light,REF_001,57.93,10.43,68.36,19143,USD,Rail
2026-04-07,Arab Light,REF_001,56.95,11.89,68.83,30568,USD,Rail
2024-04-09,Arab Light,REF_002,68.26,6.73,75.0,16827,USD,Tanker
2024-04-16,Arab Light,REF_002,64.14,6.23,70.37,14666,USD,Tanker
2024-04-23,Arab Light,REF_002,68.37,6.57,74.95,81836,USD,Tanker
2024-04-30,Arab Light,REF_002,70.57,5.59,76.16,16407,USD,Tanker
2024-05-07,Arab Light,REF_002,68.65,6.23,74.87,30854,USD,Tanker
2024-05-14,Arab Light,REF_002,69.76,6.61,76.37,71281,USD,Tanker
2024-05-21,Arab Light,REF_002,66.82,6.39,73.22,41615,USD,Tanker
2024-05-28,Arab Light,REF_002,66.14,6.3,72.44,70129,USD,Tanker
2024-06-04,Arab Light,REF_002,63.67,5.69,69.35,18014,USD,Tanker
2024-06-11,Arab Light,REF_002,63.62,6.44,70.07,91474,USD,Tanker
2024-06-18,Arab Light,REF_002,64.71,5.74,70.45,64135,USD,Tanker
2024-06-25,Arab Light,REF_002,65.14,6.52,71.66,94875,USD,Tanker
2024-07-02,Arab Light,REF_002,66.88,6.07,72.95,58444,USD,Tanker
2024-07-09,Arab Light,REF_002,63.37,6.2,69.56,86472,USD,Tanker
2024-07-16,Arab Light,REF_002,62.6,5.92,68.52,86579,USD,Tanker
2024-07-23,Arab Light,REF_002,64.96,6.76,71.72,11675,USD,Tanker
2024-07-30,Arab Light,REF_002,68.08,6.8,74.88,57746,USD,Tanker
2024-08-06,Arab Light,REF_002,68.1,6.47,74.56,94001,USD,Tanker
2024-08-13,Arab Light,REF_002,69.85,5.9,75.75,75291,USD,Tanker
2024-08-20,Arab Light,REF_002,69.28,6.76,76.04,68347,USD,Tanker
2024-08-27,Arab Light,REF_002,67.9,5.82,73.73,75632,USD,Tanker
2024-09-03,Arab Light,REF_002,67.5,6.8,74.3,86477,USD,Tanker
2024-09-10,Arab Light,REF_002,69.02,5.98,75.0,99973,USD,Tanker
2024-09-17,Arab Light,REF_002,70.1,5.62,75.72,45197,USD,Tanker
2024-09-24,Arab Light,REF_002,68.39,6.78,75.17,15535,USD,Tanker
2024-10-01,Arab Light,REF_002,71.92,5.85,77.77,48030,USD,Tanker
2024-10-08,Arab Light,REF_002,69.55,5.88,75.43,45659,USD,Tanker
2024-10-15,Arab Light,REF_002,70.07,6.47,76.54,37369,USD,Tanker
2024-10-22,Arab Light,REF_002,71.89,5.63,77.52,74077,USD,Tanker
2024-10-29,Arab Light,REF_002,68.96,6.25,75.22,49059,USD,Tanker
2024-11-05,Arab Light,REF_002,66.28,5.87,72.16,54986,USD,Tanker
2024-11-12,Arab Light,REF_002,65.25,5.82,71.07,61092,USD,Tanker
2024-11-19,Arab Light,REF_002,64.08,5.71,69.79,94381,USD,Tanker
2024-11-26,Arab Light,REF_002,68.24,6.61,74.85,95818,USD,Tanker
2024-12-03,Arab Light,REF_002,67.6,6.11,73.71,51855,USD,Tanker
2024-12-10,Arab Light,REF_002,67.41,6.45,73.86,76123,USD,Tanker
2024-12-17,Arab Light,REF_002,68.15,5.71,73.86,91219,USD,Tanker
2024-12-24,Arab Light,REF_002,68.03,6.53,74.56,57986,USD,Tanker
2024-12-31,Arab Light,REF_002,69.59,5.78,75.37,57922,USD,Tanker
2025-01-07,Arab Light,REF_002,71.2,6.16,77.35,54473,USD,Tanker
2025-01-14,Arab Light,REF_002,70.42,6.22,76.63,71582,USD,Tanker
2025-01-21,Arab Light,REF_002,68.17,6.1,74.27,68220,USD,Tanker
2025-01-28,Arab Light,REF_002,70.55,6.09,76.63,88540,USD,Tanker
2025-02-04,Arab Light,REF_002,71.44,5.61,77.05,91069,USD,Tanker
2025-02-11,Arab Light,REF_002,71.22,6.75,77.97,87802,USD,Tanker
2025-02-18,Arab Light,REF_002,72.36,5.65,78.0,68627,USD,Tanker
2025-02-25,Arab Light,REF_002,69.62,6.25,75.87,35331,USD,Tanker
2025-03-04,Arab Light,REF_002,72.63,6.08,78.71,55310,USD,Tanker
2025-03-11,Arab Light,REF_002,73.06,6.63,79.7,23250,USD,Tanker
2025-03-18,Arab Light,REF_002,73.07,6.76,79.83,61133,USD,Tanker
2025-03-25,Arab Light,REF_002,70.07,5.95,76.02,22410,USD,Tanker
2025-04-01,Arab Light,REF_002,71.54,6.6,78.14,53503,USD,Tanker
2025-04-08,Arab Light,REF_002,71.29,6.0,77.29,72103,USD,Tanker
2025-04-15,Arab Light,REF_002,69.48,5.81,75.29,94176,USD,Tanker
2025-04-22,Arab Light,REF_002,68.46,5.81,74.27,79075,USD,Tanker
2025-04-29,Arab Light,REF_002,71.11,5.72,76.84,17863,USD,Tanker
2025-05-06,Arab Light,REF_002,69.06,6.37,75.43,41977,USD,Tanker
2025-05-13,Arab Light,REF_002,70.29,5.69,75.99,66202,USD,Tanker
2025-05-20,Arab Light,REF_002,71.45,6.01,77.46,92248,USD,Tanker
2025-05-27,Arab Light,REF_002,75.66,6.42,82.08,59893,USD,Tanker
2025-06-03,Arab Light,REF_002,78.11,6.77,84.87,60152,USD,Tanker
2025-06-10,Arab Light,REF_002,77.97,5.64,83.61,54211,USD,Tanker
2025-06-17,Arab Light,REF_002,80.15,5.96,86.11,70884,USD,Tanker
2025-06-24,Arab Light,REF_002,81.15,5.63,86.78,41630,USD,Tanker
2025-07-01,Arab Light,REF_002,80.12,6.44,86.56,43161,USD,Tanker
2025-07-08,Arab Light,REF_002,79.62,5.84,85.46,23241,USD,Tanker
2025-07-15,Arab Light,REF_002,79.74,5.61,85.35,96241,USD,Tanker
2025-07-22,Arab Light,REF_002,81.97,6.26,88.23,38585,USD,Tanker
2025-07-29,Arab Light,REF_002,80.17,5.84,86.01,32095,USD,Tanker
2025-08-05,Arab Light,REF_002,77.89,6.04,83.93,56858,USD,Tanker
2025-08-12,Arab Light,REF_002,76.0,5.74,81.75,11852,USD,Tanker
2025-08-19,Arab Light,REF_002,78.16,6.04,84.2,81182,USD,Tanker
2025-08-26,Arab Light,REF_002,75.96,6.7,82.67,69606,USD,Tanker
2025-09-02,Arab Light,REF_002,74.63,6.78,81.41,60475,USD,Tanker
2025-09-09,Arab Light,REF_002,75.56,6.33,81.89,56326,USD,Tanker
2025-09-16,Arab Light,REF_002,75.64,5.87,81.51,44464,USD,Tanker
2025-09-23,Arab Light,REF_002,79.41,6.14,85.55,72048,USD,Tanker
2025-09-30,Arab Light,REF_002,83.06,5.77,88.83,88073,USD,Tanker
2025-10-07,Arab Light,REF_002,84.57,5.62,90.19,80395,USD,Tanker
2025-10-14,Arab Light,REF_002,85.67,6.49,92.16,11825,USD,Tanker
2025-10-21,Arab Light,REF_002,81.97,5.89,87.86,24132,USD,Tanker
2025-10-28,Arab Light,REF_002,81.04,5.89,86.93,78591,USD,Tanker
2025-11-04,Arab Light,REF_002,80.53,5.93,86.45,36385,USD,Tanker
2025-11-11,Arab Light,REF_002,81.94,6.24,88.17,14105,USD,Tanker
2025-11-18,Arab Light,REF_002,83.51,6.18,89.69,45863,USD,Tanker
2025-11-25,Arab Light,REF_002,83.78,5.62,89.41,59293,USD,Tanker
2025-12-02,Arab Light,REF_002,83.55,5.96,89.51,33475,USD,Tanker
2025-12-09,Arab Light,REF_002,81.32,6.76,88.08,80892,USD,Tanker
2025-12-16,Arab Light,REF_002,80.61,6.45,87.06,84120,USD,Tanker
2025-12-23,Arab Light,REF_002,79.13,6.23,85.36,91026,USD,Tanker
2025-12-30,Arab Light,REF_002,77.85,6.74,84.59,47237,USD,Tanker
2026-01-06,Arab Light,REF_002,77.43,5.6,83.03,74727,USD,Tanker
2026-01-13,Arab Light,REF_002,76.71,6.62,83.33,31831,USD,Tanker
2026-01-20,Arab Light,REF_002,76.27,6.25,82.52,65103,USD,Tanker
2026-01-27,Arab Light,REF_002,76.0,6.2,82.19,37151,USD,Tanker
2026-02-03,Arab Light,REF_002,77.17,6.15,83.32,10636,USD,Tanker
2026-02-10,Arab Light,REF_002,78.82,6.37,85.19,77658,USD,Tanker
2026-02-17,Arab Light,REF_002,76.91,6.2,83.11,93573,USD,Tanker
2026-02-24,Arab Light,REF_002,76.44,6.25,82.7,10815,USD,Tanker
2026-03-03,Arab Light,REF_002,76.26,6.58,82.84,62924,USD,Tanker
2026-03-10,Arab Light,REF_002,75.08,6.3,81.38,26176,USD,Tanker
2026-03-17,Arab Light,REF_002,75.4,6.07,81.47,38725,USD,Tanker
2026-03-24,Arab Light,REF_002,74.74,6.52,81.25,30989,USD,Tanker
2026-03-31,Arab Light,REF_002,71.56,6.21,77.77,42098,USD,Tanker
2026-04-07,Arab Light,REF_002,73.23,6.38,79.61,98405,USD,Tanker
2024-04-09,Arab Light,REF_003,68.83,7.68,76.51,75364,USD,Tanker
2024-04-16,Arab Light,REF_003,65.74,6.34,72.08,24391,USD,Tanker
2024-04-23,Arab Light,REF_003,61.05,6.62,67.67,99129,USD,Tanker
2024-04-30,Arab Light,REF_003,59.95,6.99,66.94,29217,USD,Tanker
2024-05-07,Arab Light,REF_003,60.76,6.71,67.47,64412,USD,Tanker
2024-05-14,Arab Light,REF_003,62.74,6.53,69.26,54766,USD,Tanker
2024-05-21,Arab Light,REF_003,63.26,7.13,70.4,93742,USD,Tanker
2024-05-28,Arab Light,REF_003,59.02,6.7,65.72,29448,USD,Tanker
2024-06-04,Arab Light,REF_003,59.46,7.64,67.1,64264,USD,Tanker
2024-06-11,Arab Light,REF_003,61.58,6.7,68.29,55345,USD,Tanker
2024-06-18,Arab Light,REF_003,59.88,6.33,66.21,86191,USD,Tanker
2024-06-25,Arab Light,REF_003,60.66,6.78,67.44,94265,USD,Tanker
2024-07-02,Arab Light,REF_003,59.87,6.71,66.58,18046,USD,Tanker
2024-07-09,Arab Light,REF_003,55.48,7.36,62.83,77400,USD,Tanker
2024-07-16,Arab Light,REF_003,56.94,7.38,64.33,15695,USD,Tanker
2024-07-23,Arab Light,REF_003,56.73,6.6,63.33,36900,USD,Tanker
2024-07-30,Arab Light,REF_003,59.01,7.56,66.57,10539,USD,Tanker
2024-08-06,Arab Light,REF_003,60.44,6.52,66.96,11460,USD,Tanker
2024-08-13,Arab Light,REF_003,59.33,7.14,66.47,68158,USD,Tanker
2024-08-20,Arab Light,REF_003,59.42,6.84,66.25,16863,USD,Tanker
2024-08-27,Arab Light,REF_003,57.03,7.01,64.04,62662,USD,Tanker
2024-09-03,Arab Light,REF_003,58.44,6.4,64.84,59589,USD,Tanker
2024-09-10,Arab Light,REF_003,56.78,6.72,63.5,49246,USD,Tanker
2024-09-17,Arab Light,REF_003,57.4,6.5,63.9,89767,USD,Tanker
2024-09-24,Arab Light,REF_003,58.84,6.82,65.66,40715,USD,Tanker
2024-10-01,Arab Light,REF_003,55.93,7.58,63.51,52110,USD,Tanker
2024-10-08,Arab Light,REF_003,55.95,6.85,62.79,25387,USD,Tanker
2024-10-15,Arab Light,REF_003,54.42,6.35,60.77,53602,USD,Tanker
2024-10-22,Arab Light,REF_003,55.72,7.23,62.95,21185,USD,Tanker
2024-10-29,Arab Light,REF_003,57.91,6.59,64.5,48501,USD,Tanker
2024-11-05,Arab Light,REF_003,58.59,6.99,65.58,84809,USD,Tanker
2024-11-12,Arab Light,REF_003,60.05,7.25,67.29,65601,USD,Tanker
2024-11-19,Arab Light,REF_003,61.52,7.01,68.53,43265,USD,Tanker
2024-11-26,Arab Light,REF_003,63.87,7.09,70.96,98704,USD,Tanker
2024-12-03,Arab Light,REF_003,63.96,6.5,70.45,49703,USD,Tanker
2024-12-10,Arab Light,REF_003,62.89,7.4,70.29,84229,USD,Tanker
2024-12-17,Arab Light,REF_003,60.53,6.34,66.87,95803,USD,Tanker
2024-12-24,Arab Light,REF_003,60.41,6.53,66.95,45714,USD,Tanker
2024-12-31,Arab Light,REF_003,55.68,6.47,62.15,87695,USD,Tanker
2025-01-07,Arab Light,REF_003,53.57,7.53,61.09,17233,USD,Tanker
2025-01-14,Arab Light,REF_003,54.04,7.59,61.63,19517,USD,Tanker
2025-01-21,Arab Light,REF_003,55.82,7.39,63.21,60829,USD,Tanker
2025-01-28,Arab Light,REF_003,58.5,6.79,65.28,34696,USD,Tanker
2025-02-04,Arab Light,REF_003,58.33,7.47,65.8,75075,USD,Tanker
2025-02-11,Arab Light,REF_003,59.62,7.21,66.84,97354,USD,Tanker
2025-02-18,Arab Light,REF_003,62.9,7.48,70.39,14137,USD,Tanker
2025-02-25,Arab Light,REF_003,63.83,7.69,71.52,33595,USD,Tanker
2025-03-04,Arab Light,REF_003,64.12,7.36,71.48,30665,USD,Tanker
2025-03-11,Arab Light,REF_003,64.25,6.8,71.05,47276,USD,Tanker
2025-03-18,Arab Light,REF_003,67.76,7.4,75.16,87370,USD,Tanker
2025-03-25,Arab Light,REF_003,70.71,6.42,77.13,34584,USD,Tanker
2025-04-01,Arab Light,REF_003,67.06,7.03,74.09,19016,USD,Tanker
2025-04-08,Arab Light,REF_003,64.93,6.88,71.8,63767,USD,Tanker
2025-04-15,Arab Light,REF_003,66.14,6.86,73.01,45057,USD,Tanker
2025-04-22,Arab Light,REF_003,67.53,6.35,73.88,17438,USD,Tanker
2025-04-29,Arab Light,REF_003,68.02,6.33,74.34,89441,USD,Tanker
2025-05-06,Arab Light,REF_003,68.61,7.16,75.77,82172,USD,Tanker
2025-05-13,Arab Light,REF_003,66.22,6.8,73.01,50502,USD,Tanker
2025-05-20,Arab Light,REF_003,66.23,7.35,73.59,83142,USD,Tanker
2025-05-27,Arab Light,REF_003,65.91,7.22,73.13,36596,USD,Tanker
2025-06-03,Arab Light,REF_003,69.29,7.68,76.97,25138,USD,Tanker
2025-06-10,Arab Light,REF_003,67.81,6.69,74.5,77394,USD,Tanker
2025-06-17,Arab Light,REF_003,68.77,7.32,76.09,21205,USD,Tanker
2025-06-24,Arab Light,REF_003,66.69,7.66,74.35,64274,USD,Tanker
2025-07-01,Arab Light,REF_003,67.94,6.3,74.25,28760,USD,Tanker
2025-07-08,Arab Light,REF_003,66.45,7.08,73.52,28504,USD,Tanker
2025-07-15,Arab Light,REF_003,64.84,6.87,71.72,25599,USD,Tanker
2025-07-22,Arab Light,REF_003,66.38,7.18,73.56,97066,USD,Tanker
2025-07-29,Arab Light,REF_003,70.12,6.85,76.97,29392,USD,Tanker
2025-08-05,Arab Light,REF_003,69.25,7.23,76.48,52641,USD,Tanker
2025-08-12,Arab Light,REF_003,70.05,7.47,77.52,75798,USD,Tanker
2025-08-19,Arab Light,REF_003,71.05,6.6,77.65,25234,USD,Tanker
2025-08-26,Arab Light,REF_003,69.06,6.41,75.47,20229,USD,Tanker
2025-09-02,Arab Light,REF_003,71.44,7.39,78.83,90011,USD,Tanker
2025-09-09,Arab Light,REF_003,73.45,6.67,80.12,64409,USD,Tanker
2025-09-16,Arab Light,REF_003,73.72,6.59,80.31,15760,USD,Tanker
2025-09-23,Arab Light,REF_003,70.73,6.42,77.15,97867,USD,Tanker
2025-09-30,Arab Light,REF_003,70.23,7.29,77.52,41399,USD,Tanker
2025-10-07,Arab Light,REF_003,72.04,7.04,79.08,94212,USD,Tanker
2025-10-14,Arab Light,REF_003,72.02,7.37,79.39,97893,USD,Tanker
2025-10-21,Arab Light,REF_003,70.07,6.51,76.58,13953,USD,Tanker
2025-10-28,Arab Light,REF_003,67.76,7.32,75.09,20860,USD,Tanker
2025-11-04,Arab Light,REF_003,65.98,6.78,72.77,23033,USD,Tanker
2025-11-11,Arab Light,REF_003,67.57,6.32,73.89,68818,USD,Tanker
2025-11-18,Arab Light,REF_003,64.84,6.93,71.77,26572,USD,Tanker
2025-11-25,Arab Light,REF_003,65.0,7.47,72.47,97674,USD,Tanker
2025-12-02,Arab Light,REF_003,65.0,7.59,72.59,83837,USD,Tanker
2025-12-09,Arab Light,REF_003,67.44,6.84,74.29,48657,USD,Tanker
2025-12-16,Arab Light,REF_003,65.68,7.52,73.2,28466,USD,Tanker
2025-12-23,Arab Light,REF_003,66.48,7.27,73.76,15840,USD,Tanker
2025-12-30,Arab Light,REF_003,66.11,6.47,72.57,62159,USD,Tanker
2026-01-06,Arab Light,REF_003,67.29,6.89,74.18,33265,USD,Tanker
2026-01-13,Arab Light,REF_003,68.5,7.4,75.89,94966,USD,Tanker
2026-01-20,Arab Light,REF_003,66.3,7.15,73.45,16447,USD,Tanker
2026-01-27,Arab Light,REF_003,65.96,7.15,73.11,25565,USD,Tanker
2026-02-03,Arab Light,REF_003,70.61,6.92,77.53,84456,USD,Tanker
2026-02-10,Arab Light,REF_003,71.2,6.82,78.02,23952,USD,Tanker
2026-02-17,Arab Light,REF_003,72.28,7.53,79.81,37997,USD,Tanker
2026-02-24,Arab Light,REF_003,72.19,6.64,78.83,53495,USD,Tanker
2026-03-03,Arab Light,REF_003,73.36,7.15,80.52,85250,USD,Tanker
2026-03-10,Arab Light,REF_003,73.79,7.27,81.06,19137,USD,Tanker
2026-03-17,Arab Light,REF_003,73.51,6.81,80.32,85623,USD,Tanker
2026-03-24,Arab Light,REF_003,73.87,7.67,81.53,37955,USD,Tanker
2026-03-31,Arab Light,REF_003,73.28,6.99,80.27,77533,USD,Tanker
2026-04-07,Arab Light,REF_003,68.5,7.44,75.94,99193,USD,Tanker
2024-04-09,Arab Light,REF_004,62.9,2.06,64.97,17564,USD,Pipeline
2024-04-16,Arab Light,REF_004,63.59,2.02,65.61,72247,USD,Pipeline
2024-04-23,Arab Light,REF_004,64.11,2.06,66.18,40828,USD,Pipeline
2024-04-30,Arab Light,REF_004,66.76,2.26,69.02,27780,USD,Pipeline
2024-05-07,Arab Light,REF_004,65.11,2.26,67.37,35682,USD,Pipeline
2024-05-14,Arab Light,REF_004,65.96,2.03,67.99,26484,USD,Pipeline
2024-05-21,Arab Light,REF_004,64.97,2.26,67.23,96635,USD,Pipeline
2024-05-28,Arab Light,REF_004,64.92,1.91,66.83,64784,USD,Pipeline
2024-06-04,Arab Light,REF_004,65.05,2.1,67.15,40784,USD,Pipeline
2024-06-11,Arab Light,REF_004,65.36,2.19,67.55,98890,USD,Pipeline
2024-06-18,Arab Light,REF_004,65.52,1.95,67.47,87510,USD,Pipeline
2024-06-25,Arab Light,REF_004,70.04,2.04,72.08,79244,USD,Pipeline
2024-07-02,Arab Light,REF_004,68.37,2.16,70.53,59111,USD,Pipeline
2024-07-09,Arab Light,REF_004,67.7,1.94,69.64,84655,USD,Pipeline
2024-07-16,Arab Light,REF_004,66.65,2.09,68.74,32173,USD,Pipeline
2024-07-23,Arab Light,REF_004,63.03,2.09,65.12,16099,USD,Pipeline
2024-07-30,Arab Light,REF_004,61.84,2.03,63.87,32396,USD,Pipeline
2024-08-06,Arab Light,REF_004,60.18,2.08,62.25,69326,USD,Pipeline
2024-08-13,Arab Light,REF_004,59.58,2.14,61.72,89182,USD,Pipeline
2024-08-20,Arab Light,REF_004,59.38,1.93,61.31,26658,USD,Pipeline
2024-08-27,Arab Light,REF_004,58.59,2.17,60.77,48960,USD,Pipeline
2024-09-03,Arab Light,REF_004,54.94,2.03,56.97,71537,USD,Pipeline
2024-09-10,Arab Light,REF_004,52.98,2.02,55.0,44187,USD,Pipeline
2024-09-17,Arab Light,REF_004,56.72,2.05,58.77,18077,USD,Pipeline
2024-09-24,Arab Light,REF_004,57.76,2.27,60.02,17599,USD,Pipeline
2024-10-01,Arab Light,REF_004,55.65,1.93,57.58,18875,USD,Pipeline
2024-10-08,Arab Light,REF_004,57.25,2.23,59.48,90262,USD,Pipeline
2024-10-15,Arab Light,REF_004,55.91,2.21,58.12,51296,USD,Pipeline
2024-10-22,Arab Light,REF_004,59.53,1.98,61.52,59060,USD,Pipeline
2024-10-29,Arab Light,REF_004,60.87,2.09,62.97,79007,USD,Pipeline
2024-11-05,Arab Light,REF_004,61.13,2.04,63.17,54468,USD,Pipeline
2024-11-12,Arab Light,REF_004,60.97,2.02,62.99,20398,USD,Pipeline
2024-11-19,Arab Light,REF_004,59.34,2.07,61.4,22353,USD,Pipeline
2024-11-26,Arab Light,REF_004,58.7,2.14,60.83,12170,USD,Pipeline
2024-12-03,Arab Light,REF_004,62.38,1.91,64.29,23312,USD,Pipeline
2024-12-10,Arab Light,REF_004,63.57,2.2,65.77,47885,USD,Pipeline
2024-12-17,Arab Light,REF_004,62.0,2.02,64.02,61116,USD,Pipeline
2024-12-24,Arab Light,REF_004,63.19,1.89,65.08,54084,USD,Pipeline
2024-12-31,Arab Light,REF_004,64.34,1.97,66.32,45866,USD,Pipeline
2025-01-07,Arab Light,REF_004,63.91,1.95,65.86,21550,USD,Pipeline
2025-01-14,Arab Light,REF_004,65.59,2.04,67.62,26785,USD,Pipeline
2025-01-21,Arab Light,REF_004,64.42,1.89,66.31,59341,USD,Pipeline
2025-01-28,Arab Light,REF_004,61.46,2.03,63.49,35955,USD,Pipeline
2025-02-04,Arab Light,REF_004,61.41,2.18,63.59,43088,USD,Pipeline
2025-02-11,Arab Light,REF_004,61.97,2.25,64.22,69227,USD,Pipeline
2025-02-18,Arab Light,REF_004,61.94,2.08,64.02,41693,USD,Pipeline
2025-02-25,Arab Light,REF_004,60.92,2.04,62.96,51157,USD,Pipeline
2025-03-04,Arab Light,REF_004,59.55,2.11,61.65,13477,USD,Pipeline
2025-03-11,Arab Light,REF_004,59.44,2.26,61.7,76815,USD,Pipeline
2025-03-18,Arab Light,REF_004,57.93,2.11,60.03,12563,USD,Pipeline
2025-03-25,Arab Light,REF_004,58.3,1.96,60.26,61830,USD,Pipeline
2025-04-01,Arab Light,REF_004,57.06,2.07,59.13,26609,USD,Pipeline
2025-04-08,Arab Light,REF_004,59.07,1.97,61.04,96120,USD,Pipeline
2025-04-15,Arab Light,REF_004,58.89,1.98,60.86,51088,USD,Pipeline
2025-04-22,Arab Light,REF_004,60.72,2.01,62.73,11483,USD,Pipeline
2025-04-29,Arab Light,REF_004,62.2,2.14,64.34,39001,USD,Pipeline
2025-05-06,Arab Light,REF_004,60.72,2.04,62.76,66802,USD,Pipeline
2025-05-13,Arab Light,REF_004,60.79,1.91,62.71,52582,USD,Pipeline
2025-05-20,Arab Light,REF_004,57.14,2.29,59.44,97687,USD,Pipeline
2025-05-27,Arab Light,REF_004,55.92,2.08,58.01,26959,USD,Pipeline
2025-06-03,Arab Light,REF_004,58.3,2.02,60.33,40698,USD,Pipeline
2025-06-10,Arab Light,REF_004,58.07,2.22,60.29,66526,USD,Pipeline
2025-06-17,Arab Light,REF_004,59.06,2.13,61.19,24507,USD,Pipeline
2025-06-24,Arab Light,REF_004,54.03,2.08,56.11,57081,USD,Pipeline
2025-07-01,Arab Light,REF_004,55.66,2.02,57.68,15059,USD,Pipeline
2025-07-08,Arab Light,REF_004,54.08,2.28,56.36,13742,USD,Pipeline
2025-07-15,Arab Light,REF_004,55.93,1.96,57.89,26867,USD,Pipeline
2025-07-22,Arab Light,REF_004,56.46,2.06,58.53,99685,USD,Pipeline
2025-07-29,Arab Light,REF_004,54.52,2.11,56.63,74280,USD,Pipeline
2025-08-05,Arab Light,REF_004,56.28,2.23,58.51,60109,USD,Pipeline
2025-08-12,Arab Light,REF_004,56.88,2.09,58.97,72469,USD,Pipeline
2025-08-19,Arab Light,REF_004,55.64,1.9,57.54,10319,USD,Pipeline
2025-08-26,Arab Light,REF_004,55.93,1.95,57.88,73412,USD,Pipeline
2025-09-02,Arab Light,REF_004,57.66,2.17,59.83,92335,USD,Pipeline
2025-09-09,Arab Light,REF_004,58.86,2.23,61.09,36430,USD,Pipeline
2025-09-16,Arab Light,REF_004,59.82,2.1,61.91,13180,USD,Pipeline
2025-09-23,Arab Light,REF_004,59.95,2.27,62.22,28492,USD,Pipeline
2025-09-30,Arab Light,REF_004,58.69,2.06,60.75,68286,USD,Pipeline
2025-10-07,Arab Light,REF_004,54.69,2.21,56.89,46848,USD,Pipeline
2025-10-14,Arab Light,REF_004,56.5,2.04,58.54,11943,USD,Pipeline
2025-10-21,Arab Light,REF_004,61.87,2.25,64.12,57157,USD,Pipeline
2025-10-28,Arab Light,REF_004,61.58,1.91,63.49,76456,USD,Pipeline
2025-11-04,Arab Light,REF_004,60.8,2.23,63.03,34988,USD,Pipeline
2025-11-11,Arab Light,REF_004,59.0,2.27,61.27,83369,USD,Pipeline
2025-11-18,Arab Light,REF_004,60.91,2.16,63.07,78748,USD,Pipeline
2025-11-25,Arab Light,REF_004,59.57,2.24,61.81,34502,USD,Pipeline
2025-12-02,Arab Light,REF_004,62.18,1.92,64.1,53687,USD,Pipeline
2025-12-09,Arab Light,REF_004,62.66,2.21,64.87,14445,USD,Pipeline
2025-12-16,Arab Light,REF_004,61.91,2.02,63.94,37363,USD,Pipeline
2025-12-23,Arab Light,REF_004,61.79,1.98,63.77,84581,USD,Pipeline
2025-12-30,Arab Light,REF_004,58.05,2.01,60.06,99289,USD,Pipeline
2026-01-06,Arab Light,REF_004,57.12,2.14,59.26,13743,USD,Pipeline
2026-01-13,Arab Light,REF_004,57.78,1.97,59.75,20220,USD,Pipeline
2026-01-20,Arab Light,REF_004,58.91,2.04,60.95,28715,USD,Pipeline
2026-01-27,Arab Light,REF_004,57.16,2.1,59.25,67338,USD,Pipeline
2026-02-03,Arab Light,REF_004,58.24,2.16,60.4,78917,USD,Pipeline
2026-02-10,Arab Light,REF_004,55.28,2.02,57.3,44173,USD,Pipeline
2026-02-17,Arab Light,REF_004,55.31,2.17,57.48,66325,USD,Pipeline
2026-02-24,Arab Light,REF_004,48.6,1.9,50.5,72068,USD,Pipeline
2026-03-03,Arab Light,REF_004,47.34,2.22,49.56,89970,USD,Pipeline
2026-03-10,Arab Light,REF_004,48.05,2.0,50.05,90323,USD,Pipeline
2026-03-17,Arab Light,REF_004,49.69,2.02,51.71,62293,USD,Pipeline
2026-03-24,Arab Light,REF_004,51.65,1.99,53.64,39803,USD,Pipeline
2026-03-31,Arab Light,REF_004,51.35,2.05,53.4,86930,USD,Pipeline
2026-04-07,Arab Light,REF_004,49.04,2.21,51.25,44890,USD,Pipeline
2024-04-09,Arab Light,REF_005,63.01,6.97,69.98,51790,USD,Tanker
2024-04-16,Arab Light,REF_005,68.53,8.0,76.52,98254,USD,Tanker
2024-04-23,Arab Light,REF_005,67.47,7.82,75.29,12692,USD,Tanker
2024-04-30,Arab Light,REF_005,66.29,7.4,73.68,77664,USD,Tanker
2024-05-07,Arab Light,REF_005,66.37,7.09,73.46,52247,USD,Tanker
2024-05-14,Arab Light,REF_005,65.78,7.68,73.45,22772,USD,Tanker
2024-05-21,Arab Light,REF_005,65.82,7.96,73.78,86524,USD,Tanker
2024-05-28,Arab Light,REF_005,64.36,6.69,71.06,98522,USD,Tanker
2024-06-04,Arab Light,REF_005,62.86,6.72,69.59,53166,USD,Tanker
2024-06-11,Arab Light,REF_005,62.42,7.78,70.19,25191,USD,Tanker
2024-06-18,Arab Light,REF_005,62.88,7.09,69.97,33005,USD,Tanker
2024-06-25,Arab Light,REF_005,61.67,8.08,69.75,33480,USD,Tanker
2024-07-02,Arab Light,REF_005,62.18,6.8,68.99,43513,USD,Tanker
2024-07-09,Arab Light,REF_005,61.42,7.61,69.03,79992,USD,Tanker
2024-07-16,Arab Light,REF_005,61.02,6.64,67.66,61469,USD,Tanker
2024-07-23,Arab Light,REF_005,58.47,7.63,66.1,34917,USD,Tanker
2024-07-30,Arab Light,REF_005,60.5,6.85,67.35,76729,USD,Tanker
2024-08-06,Arab Light,REF_005,61.77,6.73,68.5,53149,USD,Tanker
2024-08-13,Arab Light,REF_005,61.72,7.01,68.73,55446,USD,Tanker
2024-08-20,Arab Light,REF_005,57.47,6.67,64.15,64782,USD,Tanker
2024-08-27,Arab Light,REF_005,58.52,7.3,65.82,97928,USD,Tanker
2024-09-03,Arab Light,REF_005,59.57,7.35,66.92,53639,USD,Tanker
2024-09-10,Arab Light,REF_005,61.09,8.03,69.11,75845,USD,Tanker
2024-09-17,Arab Light,REF_005,60.82,7.26,68.07,20116,USD,Tanker
2024-09-24,Arab Light,REF_005,59.11,7.89,67.0,35338,USD,Tanker
2024-10-01,Arab Light,REF_005,59.45,7.65,67.1,82527,USD,Tanker
2024-10-08,Arab Light,REF_005,59.36,6.8,66.16,58600,USD,Tanker
2024-10-15,Arab Light,REF_005,61.09,7.95,69.03,18088,USD,Tanker
2024-10-22,Arab Light,REF_005,62.27,7.73,70.0,18833,USD,Tanker
2024-10-29,Arab Light,REF_005,59.86,7.06,66.93,87698,USD,Tanker
2024-11-05,Arab Light,REF_005,55.57,7.51,63.08,22647,USD,Tanker
2024-11-12,Arab Light,REF_005,54.2,7.37,61.57,41935,USD,Tanker
2024-11-19,Arab Light,REF_005,53.79,7.12,60.9,85887,USD,Tanker
2024-11-26,Arab Light,REF_005,54.68,8.0,62.68,68923,USD,Tanker
2024-12-03,Arab Light,REF_005,56.43,7.55,63.98,18431,USD,Tanker
2024-12-10,Arab Light,REF_005,55.21,7.87,63.08,44159,USD,Tanker
2024-12-17,Arab Light,REF_005,54.21,8.08,62.29,96473,USD,Tanker
2024-12-24,Arab Light,REF_005,55.59,7.64,63.24,67597,USD,Tanker
2024-12-31,Arab Light,REF_005,51.75,8.08,59.83,42318,USD,Tanker
2025-01-07,Arab Light,REF_005,52.91,7.41,60.32,23352,USD,Tanker
2025-01-14,Arab Light,REF_005,56.13,7.75,63.89,45780,USD,Tanker
2025-01-21,Arab Light,REF_005,57.04,7.75,64.78,14128,USD,Tanker
2025-01-28,Arab Light,REF_005,55.37,6.87,62.24,99929,USD,Tanker
2025-02-04,Arab Light,REF_005,57.17,7.24,64.41,57614,USD,Tanker
2025-02-11,Arab Light,REF_005,56.78,7.93,64.71,99087,USD,Tanker
2025-02-18,Arab Light,REF_005,57.17,7.33,64.5,58527,USD,Tanker
2025-02-25,Arab Light,REF_005,55.91,6.94,62.85,90491,USD,Tanker
2025-03-04,Arab Light,REF_005,54.46,7.69,62.15,98238,USD,Tanker
2025-03-11,Arab Light,REF_005,53.61,6.99,60.6,52207,USD,Tanker
2025-03-18,Arab Light,REF_005,53.23,7.83,61.06,89339,USD,Tanker
2025-03-25,Arab Light,REF_005,52.24,6.99,59.22,59268,USD,Tanker
2025-04-01,Arab Light,REF_005,51.93,6.68,58.61,49409,USD,Tanker
2025-04-08,Arab Light,REF_005,51.57,7.25,58.82,36250,USD,Tanker
2025-04-15,Arab Light,REF_005,52.37,7.83,60.2,97760,USD,Tanker
2025-04-22,Arab Light,REF_005,48.47,7.85,56.31,45083,USD,Tanker
2025-04-29,Arab Light,REF_005,48.7,7.99,56.68,15900,USD,Tanker
2025-05-06,Arab Light,REF_005,48.97,7.16,56.13,14187,USD,Tanker
2025-05-13,Arab Light,REF_005,46.62,7.98,54.61,95042,USD,Tanker
2025-05-20,Arab Light,REF_005,44.72,7.67,52.38,35451,USD,Tanker
2025-05-27,Arab Light,REF_005,41.79,6.9,48.69,60388,USD,Tanker
2025-06-03,Arab Light,REF_005,41.79,6.83,48.62,59415,USD,Tanker
2025-06-10,Arab Light,REF_005,41.72,7.57,49.29,36457,USD,Tanker
2025-06-17,Arab Light,REF_005,42.97,8.11,51.08,49398,USD,Tanker
2025-06-24,Arab Light,REF_005,43.59,7.02,50.6,49238,USD,Tanker
2025-07-01,Arab Light,REF_005,41.0,6.95,47.94,44808,USD,Tanker
2025-07-08,Arab Light,REF_005,40.46,7.01,47.47,95295,USD,Tanker
2025-07-15,Arab Light,REF_005,39.45,7.51,46.97,12389,USD,Tanker
2025-07-22,Arab Light,REF_005,39.93,7.14,47.07,42976,USD,Tanker
2025-07-29,Arab Light,REF_005,41.3,6.69,47.99,97689,USD,Tanker
2025-08-05,Arab Light,REF_005,40.24,7.83,48.07,66102,USD,Tanker
2025-08-12,Arab Light,REF_005,44.04,7.25,51.29,49277,USD,Tanker
2025-08-19,Arab Light,REF_005,46.66,7.46,54.12,89574,USD,Tanker
2025-08-26,Arab Light,REF_005,49.22,7.79,57.01,20677,USD,Tanker
2025-09-02,Arab Light,REF_005,48.67,8.04,56.71,82658,USD,Tanker
2025-09-09,Arab Light,REF_005,49.35,7.98,57.34,70890,USD,Tanker
2025-09-16,Arab Light,REF_005,46.85,7.56,54.42,47822,USD,Tanker
2025-09-23,Arab Light,REF_005,48.36,6.87,55.23,42409,USD,Tanker
2025-09-30,Arab Light,REF_005,50.01,7.29,57.29,36097,USD,Tanker
2025-10-07,Arab Light,REF_005,50.72,6.88,57.59,46270,USD,Tanker
2025-10-14,Arab Light,REF_005,49.86,6.79,56.65,76193,USD,Tanker
2025-10-21,Arab Light,REF_005,46.36,6.65,53.0,72962,USD,Tanker
2025-10-28,Arab Light,REF_005,44.34,6.89,51.23,97136,USD,Tanker
2025-11-04,Arab Light,REF_005,41.56,6.72,48.28,35474,USD,Tanker
2025-11-11,Arab Light,REF_005,41.44,7.47,48.91,27668,USD,Tanker
2025-11-18,Arab Light,REF_005,39.09,7.61,46.69,59739,USD,Tanker
2025-11-25,Arab Light,REF_005,41.03,7.53,48.56,25040,USD,Tanker
2025-12-02,Arab Light,REF_005,43.92,7.94,51.87,42419,USD,Tanker
2025-12-09,Arab Light,REF_005,42.79,7.97,50.76,46678,USD,Tanker
2025-12-16,Arab Light,REF_005,46.44,7.47,53.91,26872,USD,Tanker
2025-12-23,Arab Light,REF_005,43.65,7.81,51.46,43058,USD,Tanker
2025-12-30,Arab Light,REF_005,44.16,7.27,51.42,67628,USD,Tanker
2026-01-06,Arab Light,REF_005,43.65,8.02,51.67,87590,USD,Tanker
2026-01-13,Arab Light,REF_005,42.51,6.98,49.49,56155,USD,Tanker
2026-01-20,Arab Light,REF_005,39.12,7.15,46.27,98016,USD,Tanker
2026-01-27,Arab Light,REF_005,40.54,6.84,47.39,92020,USD,Tanker
2026-02-03,Arab Light,REF_005,38.04,7.02,45.06,35496,USD,Tanker
2026-02-10,Arab Light,REF_005,36.64,7.06,43.7,32863,USD,Tanker
2026-02-17,Arab Light,REF_005,35.66,7.91,43.58,97234,USD,Tanker
2026-02-24,Arab Light,REF_005,37.1,7.05,44.16,60858,USD,Tanker
2026-03-03,Arab Light,REF_005,39.48,7.1,46.57,78829,USD,Tanker
2026-03-10,Arab Light,REF_005,39.18,7.34,46.52,66781,USD,Tanker
2026-03-17,Arab Light,REF_005,37.82,7.51,45.33,84472,USD,Tanker
2026-03-24,Arab Light,REF_005,38.06,7.07,45.13,46246,USD,Tanker
2026-03-31,Arab Light,REF_005,36.84,7.09,43.93,77833,USD,Tanker
2026-04-07,Arab Light,REF_005,35.6,7.35,42.95,72208,USD,Tanker
2024-04-09,Forties,REF_001,65.39,2.35,67.74,15917,USD,Pipeline
2024-04-16,Forties,REF_001,60.73,2.54,63.27,69566,USD,Pipeline
2024-04-23,Forties,REF_001,60.39,2.65,63.04,81491,USD,Pipeline
2024-04-30,Forties,REF_001,60.75,2.27,63.01,98416,USD,Pipeline
2024-05-07,Forties,REF_001,62.88,2.57,65.45,15459,USD,Pipeline
2024-05-14,Forties,REF_001,62.46,2.33,64.79,95717,USD,Pipeline
2024-05-21,Forties,REF_001,63.42,2.23,65.65,48953,USD,Pipeline
2024-05-28,Forties,REF_001,61.92,2.26,64.18,71843,USD,Pipeline
2024-06-04,Forties,REF_001,63.58,2.3,65.88,45661,USD,Pipeline
2024-06-11,Forties,REF_001,61.35,2.67,64.02,44560,USD,Pipeline
2024-06-18,Forties,REF_001,60.78,2.44,63.21,51262,USD,Pipeline
2024-06-25,Forties,REF_001,59.06,2.56,61.62,21222,USD,Pipeline
2024-07-02,Forties,REF_001,55.76,2.43,58.19,25574,USD,Pipeline
2024-07-09,Forties,REF_001,55.24,2.33,57.57,59755,USD,Pipeline
2024-07-16,Forties,REF_001,53.56,2.52,56.08,85281,USD,Pipeline
2024-07-23,Forties,REF_001,52.58,2.62,55.19,85069,USD,Pipeline
2024-07-30,Forties,REF_001,53.47,2.45,55.92,51311,USD,Pipeline
2024-08-06,Forties,REF_001,50.19,2.57,52.76,21417,USD,Pipeline
2024-08-13,Forties,REF_001,50.23,2.69,52.92,15538,USD,Pipeline
2024-08-20,Forties,REF_001,48.14,2.4,50.54,55795,USD,Pipeline
2024-08-27,Forties,REF_001,48.81,2.43,51.24,66038,USD,Pipeline
2024-09-03,Forties,REF_001,47.54,2.51,50.05,42198,USD,Pipeline
2024-09-10,Forties,REF_001,44.67,2.68,47.35,47225,USD,Pipeline
2024-09-17,Forties,REF_001,44.49,2.39,46.88,19679,USD,Pipeline
2024-09-24,Forties,REF_001,45.63,2.62,48.25,79608,USD,Pipeline
2024-10-01,Forties,REF_001,42.37,2.55,44.92,93923,USD,Pipeline
2024-10-08,Forties,REF_001,40.79,2.24,43.03,73329,USD,Pipeline
2024-10-15,Forties,REF_001,39.26,2.61,41.87,33370,USD,Pipeline
2024-10-22,Forties,REF_001,40.61,2.48,43.09,59812,USD,Pipeline
2024-10-29,Forties,REF_001,42.49,2.56,45.05,99834,USD,Pipeline
2024-11-05,Forties,REF_001,41.48,2.56,44.04,12596,USD,Pipeline
2024-11-12,Forties,REF_001,41.05,2.66,43.71,97543,USD,Pipeline
2024-11-19,Forties,REF_001,39.29,2.33,41.62,19920,USD,Pipeline
2024-11-26,Forties,REF_001,41.83,2.22,44.05,48739,USD,Pipeline
2024-12-03,Forties,REF_001,39.32,2.43,41.75,71670,USD,Pipeline
2024-12-10,Forties,REF_001,42.31,2.42,44.73,79607,USD,Pipeline
2024-12-17,Forties,REF_001,45.08,2.52,47.6,20774,USD,Pipeline
2024-12-24,Forties,REF_001,47.37,2.55,49.93,63300,USD,Pipeline
2024-12-31,Forties,REF_001,51.15,2.7,53.85,49245,USD,Pipeline
2025-01-07,Forties,REF_001,54.0,2.27,56.27,56158,USD,Pipeline
2025-01-14,Forties,REF_001,54.71,2.34,57.05,99609,USD,Pipeline
2025-01-21,Forties,REF_001,53.9,2.3,56.21,44022,USD,Pipeline
2025-01-28,Forties,REF_001,53.4,2.45,55.85,76902,USD,Pipeline
2025-02-04,Forties,REF_001,51.19,2.22,53.41,30772,USD,Pipeline
2025-02-11,Forties,REF_001,52.52,2.35,54.87,53815,USD,Pipeline
2025-02-18,Forties,REF_001,49.48,2.45,51.94,82940,USD,Pipeline
2025-02-25,Forties,REF_001,50.69,2.56,53.25,60027,USD,Pipeline
2025-03-04,Forties,REF_001,49.47,2.3,51.77,14321,USD,Pipeline
2025-03-11,Forties,REF_001,50.25,2.35,52.59,50228,USD,Pipeline
2025-03-18,Forties,REF_001,49.66,2.71,52.37,55854,USD,Pipeline
2025-03-25,Forties,REF_001,51.08,2.65,53.72,39956,USD,Pipeline
2025-04-01,Forties,REF_001,52.36,2.29,54.65,89975,USD,Pipeline
2025-04-08,Forties,REF_001,55.28,2.5,57.78,13154,USD,Pipeline
2025-04-15,Forties,REF_001,58.63,2.34,60.96,70521,USD,Pipeline
2025-04-22,Forties,REF_001,58.81,2.24,61.05,10762,USD,Pipeline
2025-04-29,Forties,REF_001,58.01,2.65,60.66,91985,USD,Pipeline
2025-05-06,Forties,REF_001,59.44,2.25,61.69,47042,USD,Pipeline
2025-05-13,Forties,REF_001,58.62,2.45,61.07,46769,USD,Pipeline
2025-05-20,Forties,REF_001,60.96,2.55,63.5,96262,USD,Pipeline
2025-05-27,Forties,REF_001,57.77,2.28,60.05,91035,USD,Pipeline
2025-06-03,Forties,REF_001,56.46,2.31,58.78,20484,USD,Pipeline
2025-06-10,Forties,REF_001,58.25,2.42,60.67,59512,USD,Pipeline
2025-06-17,Forties,REF_001,54.46,2.55,57.01,73706,USD,Pipeline
2025-06-24,Forties,REF_001,57.64,2.47,60.1,59652,USD,Pipeline
2025-07-01,Forties,REF_001,58.12,2.25,60.37,61360,USD,Pipeline
2025-07-08,Forties,REF_001,55.39,2.53,57.92,98360,USD,Pipeline
2025-07-15,Forties,REF_001,55.08,2.44,57.52,33380,USD,Pipeline
2025-07-22,Forties,REF_001,49.58,2.26,51.84,67653,USD,Pipeline
2025-07-29,Forties,REF_001,49.34,2.22,51.56,94646,USD,Pipeline
2025-08-05,Forties,REF_001,47.85,2.56,50.41,30082,USD,Pipeline
2025-08-12,Forties,REF_001,45.99,2.47,48.46,66860,USD,Pipeline
2025-08-19,Forties,REF_001,43.65,2.25,45.9,69431,USD,Pipeline
2025-08-26,Forties,REF_001,45.15,2.53,47.69,46107,USD,Pipeline
2025-09-02,Forties,REF_001,45.15,2.6,47.75,16127,USD,Pipeline
2025-09-09,Forties,REF_001,42.08,2.63,44.71,90156,USD,Pipeline
2025-09-16,Forties,REF_001,43.18,2.5,45.68,33478,USD,Pipeline
2025-09-23,Forties,REF_001,46.29,2.42,48.71,79938,USD,Pipeline
2025-09-30,Forties,REF_001,43.42,2.4,45.82,55492,USD,Pipeline
2025-10-07,Forties,REF_001,44.61,2.64,47.25,42996,USD,Pipeline
2025-10-14,Forties,REF_001,42.75,2.68,45.43,13455,USD,Pipeline
2025-10-21,Forties,REF_001,41.87,2.42,44.3,81405,USD,Pipeline
2025-10-28,Forties,REF_001,39.08,2.65,41.73,37276,USD,Pipeline
2025-11-04,Forties,REF_001,40.62,2.3,42.92,39343,USD,Pipeline
2025-11-11,Forties,REF_001,44.76,2.22,46.98,37342,USD,Pipeline
2025-11-18,Forties,REF_001,45.36,2.7,48.06,62189,USD,Pipeline
2025-11-25,Forties,REF_001,46.69,2.31,49.0,89620,USD,Pipeline
2025-12-02,Forties,REF_001,45.34,2.54,47.88,21664,USD,Pipeline
2025-12-09,Forties,REF_001,43.65,2.51,46.16,37253,USD,Pipeline
2025-12-16,Forties,REF_001,46.08,2.41,48.48,39792,USD,Pipeline
2025-12-23,Forties,REF_001,47.1,2.38,49.48,42192,USD,Pipeline
2025-12-30,Forties,REF_001,46.41,2.57,48.97,76582,USD,Pipeline
2026-01-06,Forties,REF_001,49.26,2.48,51.73,50977,USD,Pipeline
2026-01-13,Forties,REF_001,52.29,2.47,54.76,36254,USD,Pipeline
2026-01-20,Forties,REF_001,49.91,2.48,52.39,69222,USD,Pipeline
2026-01-27,Forties,REF_001,49.27,2.7,51.97,78128,USD,Pipeline
2026-02-03,Forties,REF_001,49.32,2.33,51.66,78458,USD,Pipeline
2026-02-10,Forties,REF_001,50.38,2.52,52.9,24512,USD,Pipeline
2026-02-17,Forties,REF_001,53.18,2.4,55.57,62928,USD,Pipeline
2026-02-24,Forties,REF_001,52.75,2.66,55.42,11371,USD,Pipeline
2026-03-03,Forties,REF_001,51.02,2.55,53.57,44954,USD,Pipeline
2026-03-10,Forties,REF_001,52.9,2.51,55.41,87878,USD,Pipeline
2026-03-17,Forties,REF_001,55.39,2.22,57.61,23146,USD,Pipeline
2026-03-24,Forties,REF_001,56.54,2.67,59.21,49508,USD,Pipeline
2026-03-31,Forties,REF_001,58.98,2.49,61.47,66181,USD,Pipeline
2026-04-07,Forties,REF_001,58.41,2.34,60.75,44727,USD,Pipeline
2024-04-09,Forties,REF_002,64.48,9.77,74.25,43187,USD,Rail
2024-04-16,Forties,REF_002,68.18,10.48,78.66,44548,USD,Rail
2024-04-23,Forties,REF_002,64.9,9.77,74.67,25056,USD,Rail
2024-04-30,Forties,REF_002,63.12,10.02,73.14,61960,USD,Rail
2024-05-07,Forties,REF_002,60.32,10.75,71.07,14125,USD,Rail
2024-05-14,Forties,REF_002,59.39,10.64,70.04,90395,USD,Rail
2024-05-21,Forties,REF_002,63.65,9.88,73.52,46400,USD,Rail
2024-05-28,Forties,REF_002,68.78,10.92,79.7,21634,USD,Rail
2024-06-04,Forties,REF_002,67.94,11.07,79.01,29893,USD,Rail
2024-06-11,Forties,REF_002,68.56,11.01,79.57,76128,USD,Rail
2024-06-18,Forties,REF_002,65.83,9.59,75.42,71985,USD,Rail
2024-06-25,Forties,REF_002,61.86,10.94,72.8,32564,USD,Rail
2024-07-02,Forties,REF_002,61.78,10.85,72.63,65094,USD,Rail
2024-07-09,Forties,REF_002,63.52,10.06,73.58,28094,USD,Rail
2024-07-16,Forties,REF_002,68.34,10.3,78.64,97375,USD,Rail
2024-07-23,Forties,REF_002,67.31,10.93,78.24,35270,USD,Rail
2024-07-30,Forties,REF_002,69.88,9.94,79.82,62514,USD,Rail
2024-08-06,Forties,REF_002,70.5,9.66,80.16,85144,USD,Rail
2024-08-13,Forties,REF_002,67.21,10.3,77.51,11396,USD,Rail
2024-08-20,Forties,REF_002,67.33,11.42,78.75,26912,USD,Rail
2024-08-27,Forties,REF_002,68.47,10.12,78.59,44485,USD,Rail
2024-09-03,Forties,REF_002,68.05,10.08,78.14,21288,USD,Rail
2024-09-10,Forties,REF_002,65.3,9.66,74.96,33222,USD,Rail
2024-09-17,Forties,REF_002,65.04,10.02,75.06,84055,USD,Rail
2024-09-24,Forties,REF_002,67.33,11.08,78.42,65568,USD,Rail
2024-10-01,Forties,REF_002,69.27,9.53,78.81,35185,USD,Rail
2024-10-08,Forties,REF_002,67.7,11.31,79.0,31058,USD,Rail
2024-10-15,Forties,REF_002,66.96,10.39,77.36,71758,USD,Rail
2024-10-22,Forties,REF_002,71.53,9.57,81.1,54809,USD,Rail
2024-10-29,Forties,REF_002,74.7,10.39,85.09,91428,USD,Rail
2024-11-05,Forties,REF_002,73.94,11.58,85.52,88821,USD,Rail
2024-11-12,Forties,REF_002,75.26,10.67,85.93,80817,USD,Rail
2024-11-19,Forties,REF_002,77.05,10.76,87.81,96571,USD,Rail
2024-11-26,Forties,REF_002,77.42,10.39,87.8,27724,USD,Rail
2024-12-03,Forties,REF_002,79.3,10.01,89.31,29691,USD,Rail
2024-12-10,Forties,REF_002,81.65,9.75,91.4,60528,USD,Rail
2024-12-17,Forties,REF_002,79.56,10.12,89.68,95551,USD,Rail
2024-12-24,Forties,REF_002,78.09,10.03,88.12,28859,USD,Rail
2024-12-31,Forties,REF_002,80.21,10.02,90.23,99020,USD,Rail
2025-01-07,Forties,REF_002,76.97,9.62,86.6,20902,USD,Rail
2025-01-14,Forties,REF_002,76.37,10.87,87.25,33438,USD,Rail
2025-01-21,Forties,REF_002,80.13,10.25,90.38,74208,USD,Rail
2025-01-28,Forties,REF_002,84.11,9.56,93.67,47536,USD,Rail
2025-02-04,Forties,REF_002,82.06,9.52,91.58,58074,USD,Rail
2025-02-11,Forties,REF_002,81.7,10.11,91.81,93895,USD,Rail
2025-02-18,Forties,REF_002,80.67,10.87,91.54,88773,USD,Rail
2025-02-25,Forties,REF_002,81.19,11.51,92.69,38142,USD,Rail
2025-03-04,Forties,REF_002,85.13,11.41,96.54,70844,USD,Rail
2025-03-11,Forties,REF_002,83.45,10.3,93.75,18118,USD,Rail
2025-03-18,Forties,REF_002,83.76,9.99,93.75,50462,USD,Rail
2025-03-25,Forties,REF_002,81.47,10.35,91.82,61345,USD,Rail
2025-04-01,Forties,REF_002,80.52,10.72,91.24,63467,USD,Rail
2025-04-08,Forties,REF_002,76.49,10.48,86.97,74269,USD,Rail
2025-04-15,Forties,REF_002,79.09,11.57,90.66,78334,USD,Rail
2025-04-22,Forties,REF_002,78.1,11.13,89.23,88503,USD,Rail
2025-04-29,Forties,REF_002,78.38,10.91,89.29,92373,USD,Rail
2025-05-06,Forties,REF_002,76.53,11.25,87.78,45024,USD,Rail
2025-05-13,Forties,REF_002,74.27,10.02,84.29,37830,USD,Rail
2025-05-20,Forties,REF_002,72.19,11.04,83.23,20396,USD,Rail
2025-05-27,Forties,REF_002,70.57,10.81,81.38,63640,USD,Rail
2025-06-03,Forties,REF_002,71.81,10.74,82.55,37960,USD,Rail
2025-06-10,Forties,REF_002,72.59,10.0,82.59,17157,USD,Rail
2025-06-17,Forties,REF_002,71.66,9.82,81.48,20271,USD,Rail
2025-06-24,Forties,REF_002,73.63,10.2,83.83,78829,USD,Rail
2025-07-01,Forties,REF_002,75.35,11.26,86.61,52943,USD,Rail
2025-07-08,Forties,REF_002,75.38,11.2,86.58,49701,USD,Rail
2025-07-15,Forties,REF_002,77.99,9.61,87.6,29827,USD,Rail
2025-07-22,Forties,REF_002,76.89,10.49,87.38,97805,USD,Rail
2025-07-29,Forties,REF_002,73.28,10.49,83.77,43438,USD,Rail
2025-08-05,Forties,REF_002,74.95,10.3,85.25,80662,USD,Rail
2025-08-12,Forties,REF_002,74.35,10.02,84.36,48603,USD,Rail
2025-08-19,Forties,REF_002,77.71,10.71,88.42,76718,USD,Rail
2025-08-26,Forties,REF_002,81.55,10.57,92.12,26493,USD,Rail
2025-09-02,Forties,REF_002,78.17,10.12,88.29,21574,USD,Rail
2025-09-09,Forties,REF_002,79.53,11.41,90.94,15839,USD,Rail
2025-09-16,Forties,REF_002,77.58,11.05,88.64,53896,USD,Rail
2025-09-23,Forties,REF_002,80.25,11.03,91.27,59118,USD,Rail
2025-09-30,Forties,REF_002,82.0,10.09,92.09,44671,USD,Rail
2025-10-07,Forties,REF_002,83.5,10.55,94.06,27148,USD,Rail
2025-10-14,Forties,REF_002,82.19,10.45,92.63,93455,USD,Rail
2025-10-21,Forties,REF_002,83.39,10.78,94.17,44688,USD,Rail
2025-10-28,Forties,REF_002,81.04,10.54,91.58,77640,USD,Rail
2025-11-04,Forties,REF_002,83.27,9.88,93.14,16987,USD,Rail
2025-11-11,Forties,REF_002,81.11,10.57,91.67,59749,USD,Rail
2025-11-18,Forties,REF_002,80.32,9.72,90.04,81359,USD,Rail
2025-11-25,Forties,REF_002,80.42,11.34,91.76,41335,USD,Rail
2025-12-02,Forties,REF_002,80.2,10.18,90.38,72488,USD,Rail
2025-12-09,Forties,REF_002,83.7,10.8,94.49,55729,USD,Rail
2025-12-16,Forties,REF_002,86.83,10.61,97.44,18521,USD,Rail
2025-12-23,Forties,REF_002,89.81,10.72,100.53,18650,USD,Rail
2025-12-30,Forties,REF_002,89.61,10.66,100.27,91481,USD,Rail
2026-01-06,Forties,REF_002,92.19,10.46,102.65,38088,USD,Rail
2026-01-13,Forties,REF_002,93.31,9.91,103.22,86429,USD,Rail
2026-01-20,Forties,REF_002,91.57,10.65,102.22,73872,USD,Rail
2026-01-27,Forties,REF_002,92.69,10.69,103.37,95453,USD,Rail
2026-02-03,Forties,REF_002,93.86,10.79,104.65,92703,USD,Rail
2026-02-10,Forties,REF_002,92.13,11.31,103.44,68361,USD,Rail
2026-02-17,Forties,REF_002,89.71,11.18,100.9,84200,USD,Rail
2026-02-24,Forties,REF_002,89.25,10.25,99.5,30362,USD,Rail
2026-03-03,Forties,REF_002,89.14,11.04,100.18,65951,USD,Rail
2026-03-10,Forties,REF_002,90.66,10.97,101.62,11669,USD,Rail
2026-03-17,Forties,REF_002,92.33,11.08,103.41,94395,USD,Rail
2026-03-24,Forties,REF_002,96.58,11.24,107.82,49795,USD,Rail
2026-03-31,Forties,REF_002,93.71,9.49,103.2,23076,USD,Rail
2026-04-07,Forties,REF_002,94.76,9.64,104.4,77488,USD,Rail
2024-04-09,Forties,REF_003,62.18,3.22,65.4,10750,USD,Tanker
2024-04-16,Forties,REF_003,60.96,2.88,63.85,20150,USD,Tanker
2024-04-23,Forties,REF_003,59.71,3.2,62.91,30125,USD,Tanker
2024-04-30,Forties,REF_003,61.21,3.22,64.44,55792,USD,Tanker
2024-05-07,Forties,REF_003,58.54,3.29,61.84,85793,USD,Tanker
2024-05-14,Forties,REF_003,54.58,3.08,57.65,57893,USD,Tanker
2024-05-21,Forties,REF_003,54.11,3.5,57.61,77556,USD,Tanker
2024-05-28,Forties,REF_003,54.61,3.11,57.72,43766,USD,Tanker
2024-06-04,Forties,REF_003,53.28,3.25,56.53,10336,USD,Tanker
2024-06-11,Forties,REF_003,51.6,2.89,54.48,98782,USD,Tanker
2024-06-18,Forties,REF_003,52.88,3.27,56.14,50138,USD,Tanker
2024-06-25,Forties,REF_003,51.85,3.34,55.19,14501,USD,Tanker
2024-07-02,Forties,REF_003,53.02,3.05,56.07,37145,USD,Tanker
2024-07-09,Forties,REF_003,53.86,2.94,56.8,87030,USD,Tanker
2024-07-16,Forties,REF_003,53.22,3.12,56.33,48477,USD,Tanker
2024-07-23,Forties,REF_003,55.84,3.14,58.99,48665,USD,Tanker
2024-07-30,Forties,REF_003,54.41,3.19,57.59,37669,USD,Tanker
2024-08-06,Forties,REF_003,56.82,3.12,59.94,16737,USD,Tanker
2024-08-13,Forties,REF_003,55.57,3.41,58.97,38998,USD,Tanker
2024-08-20,Forties,REF_003,51.16,2.93,54.09,78327,USD,Tanker
2024-08-27,Forties,REF_003,52.61,3.49,56.1,88466,USD,Tanker
2024-09-03,Forties,REF_003,52.18,3.02,55.2,32842,USD,Tanker
2024-09-10,Forties,REF_003,51.66,3.06,54.72,36451,USD,Tanker
2024-09-17,Forties,REF_003,54.48,3.24,57.72,90552,USD,Tanker
2024-09-24,Forties,REF_003,57.44,3.35,60.79,78427,USD,Tanker
2024-10-01,Forties,REF_003,60.37,3.46,63.83,24590,USD,Tanker
2024-10-08,Forties,REF_003,60.53,3.04,63.58,30962,USD,Tanker
2024-10-15,Forties,REF_003,56.9,3.49,60.39,19359,USD,Tanker
2024-10-22,Forties,REF_003,59.03,3.51,62.54,56369,USD,Tanker
2024-10-29,Forties,REF_003,62.55,2.99,65.54,99364,USD,Tanker
2024-11-05,Forties,REF_003,61.34,3.33,64.67,50144,USD,Tanker
2024-11-12,Forties,REF_003,60.82,3.12,63.95,66844,USD,Tanker
2024-11-19,Forties,REF_003,61.06,3.2,64.26,54121,USD,Tanker
2024-11-26,Forties,REF_003,60.52,3.45,63.97,84808,USD,Tanker
2024-12-03,Forties,REF_003,65.47,3.39,68.86,47015,USD,Tanker
2024-12-10,Forties,REF_003,67.46,3.3,70.77,58669,USD,Tanker
2024-12-17,Forties,REF_003,68.17,2.89,71.05,47316,USD,Tanker
2024-12-24,Forties,REF_003,68.17,3.47,71.64,93533,USD,Tanker
2024-12-31,Forties,REF_003,69.28,3.32,72.59,32763,USD,Tanker
2025-01-07,Forties,REF_003,72.27,3.19,75.46,58245,USD,Tanker
2025-01-14,Forties,REF_003,74.14,3.12,77.26,46798,USD,Tanker
2025-01-21,Forties,REF_003,73.94,3.03,76.97,67989,USD,Tanker
2025-01-28,Forties,REF_003,75.64,3.15,78.79,68326,USD,Tanker
2025-02-04,Forties,REF_003,75.84,3.33,79.17,38787,USD,Tanker
2025-02-11,Forties,REF_003,75.28,3.28,78.56,65425,USD,Tanker
2025-02-18,Forties,REF_003,77.09,3.14,80.23,26500,USD,Tanker
2025-02-25,Forties,REF_003,73.61,3.12,76.73,54362,USD,Tanker
2025-03-04,Forties,REF_003,76.2,3.31,79.5,75665,USD,Tanker
2025-03-11,Forties,REF_003,74.21,3.38,77.59,70247,USD,Tanker
2025-03-18,Forties,REF_003,73.83,3.39,77.21,38429,USD,Tanker
2025-03-25,Forties,REF_003,73.35,3.06,76.41,58273,USD,Tanker
2025-04-01,Forties,REF_003,74.17,3.51,77.68,28193,USD,Tanker
2025-04-08,Forties,REF_003,72.74,3.29,76.03,20238,USD,Tanker
2025-04-15,Forties,REF_003,70.31,2.96,73.27,23172,USD,Tanker
2025-04-22,Forties,REF_003,68.75,3.13,71.88,24100,USD,Tanker
2025-04-29,Forties,REF_003,69.41,3.12,72.53,74263,USD,Tanker
2025-05-06,Forties,REF_003,70.96,3.03,74.0,76381,USD,Tanker
2025-05-13,Forties,REF_003,68.03,3.37,71.4,37935,USD,Tanker
2025-05-20,Forties,REF_003,63.24,3.1,66.34,62137,USD,Tanker
2025-05-27,Forties,REF_003,62.88,2.98,65.85,51101,USD,Tanker
2025-06-03,Forties,REF_003,61.49,3.39,64.88,83763,USD,Tanker
2025-06-10,Forties,REF_003,61.69,3.15,64.84,85453,USD,Tanker
2025-06-17,Forties,REF_003,60.46,3.42,63.89,88685,USD,Tanker
2025-06-24,Forties,REF_003,61.27,3.08,64.35,79749,USD,Tanker
2025-07-01,Forties,REF_003,61.82,2.93,64.76,18517,USD,Tanker
2025-07-08,Forties,REF_003,62.71,3.5,66.21,58721,USD,Tanker
2025-07-15,Forties,REF_003,64.1,2.88,66.98,48402,USD,Tanker
2025-07-22,Forties,REF_003,64.58,3.24,67.82,10192,USD,Tanker
2025-07-29,Forties,REF_003,66.63,2.91,69.54,82380,USD,Tanker
2025-08-05,Forties,REF_003,67.35,3.5,70.85,92825,USD,Tanker
2025-08-12,Forties,REF_003,69.61,3.37,72.98,83589,USD,Tanker
2025-08-19,Forties,REF_003,69.84,3.13,72.97,52805,USD,Tanker
2025-08-26,Forties,REF_003,66.56,3.2,69.76,96642,USD,Tanker
2025-09-02,Forties,REF_003,68.24,2.91,71.15,88613,USD,Tanker
2025-09-09,Forties,REF_003,68.73,3.09,71.83,19013,USD,Tanker
2025-09-16,Forties,REF_003,67.4,3.36,70.76,72872,USD,Tanker
2025-09-23,Forties,REF_003,68.06,2.89,70.95,49119,USD,Tanker
2025-09-30,Forties,REF_003,68.25,3.23,71.49,42193,USD,Tanker
2025-10-07,Forties,REF_003,69.64,3.32,72.96,61243,USD,Tanker
2025-10-14,Forties,REF_003,70.23,3.35,73.58,19866,USD,Tanker
2025-10-21,Forties,REF_003,67.75,3.08,70.83,55639,USD,Tanker
2025-10-28,Forties,REF_003,71.23,3.39,74.62,47131,USD,Tanker
2025-11-04,Forties,REF_003,72.68,3.46,76.14,50035,USD,Tanker
2025-11-11,Forties,REF_003,75.99,3.4,79.39,85777,USD,Tanker
2025-11-18,Forties,REF_003,74.04,3.09,77.12,54599,USD,Tanker
2025-11-25,Forties,REF_003,67.91,3.03,70.94,87244,USD,Tanker
2025-12-02,Forties,REF_003,66.23,3.45,69.68,57894,USD,Tanker
2025-12-09,Forties,REF_003,64.5,2.94,67.45,41115,USD,Tanker
2025-12-16,Forties,REF_003,63.02,3.14,66.16,54881,USD,Tanker
2025-12-23,Forties,REF_003,66.26,3.02,69.28,48164,USD,Tanker
2025-12-30,Forties,REF_003,65.02,3.21,68.24,72435,USD,Tanker
2026-01-06,Forties,REF_003,62.67,3.28,65.95,61797,USD,Tanker
2026-01-13,Forties,REF_003,63.25,3.27,66.52,43796,USD,Tanker
2026-01-20,Forties,REF_003,68.36,3.45,71.81,63150,USD,Tanker
2026-01-27,Forties,REF_003,68.07,3.13,71.2,96851,USD,Tanker
2026-02-03,Forties,REF_003,69.38,3.34,72.72,56686,USD,Tanker
2026-02-10,Forties,REF_003,67.92,3.36,71.28,28862,USD,Tanker
2026-02-17,Forties,REF_003,71.01,3.48,74.49,51476,USD,Tanker
2026-02-24,Forties,REF_003,71.61,3.28,74.89,93557,USD,Tanker
2026-03-03,Forties,REF_003,72.66,3.27,75.93,81227,USD,Tanker
2026-03-10,Forties,REF_003,76.16,3.51,79.67,44425,USD,Tanker
2026-03-17,Forties,REF_003,75.72,3.33,79.05,23400,USD,Tanker
2026-03-24,Forties,REF_003,72.86,3.43,76.29,42367,USD,Tanker
2026-03-31,Forties,REF_003,75.04,3.16,78.2,98227,USD,Tanker
2026-04-07,Forties,REF_003,75.69,3.43,79.12,38334,USD,Tanker
2024-04-09,Forties,REF_004,62.14,3.41,65.55,27136,USD,Tanker
2024-04-16,Forties,REF_004,64.13,3.53,67.66,57948,USD,Tanker
2024-04-23,Forties,REF_004,67.98,3.64,71.62,23865,USD,Tanker
2024-04-30,Forties,REF_004,69.16,3.22,72.38,75427,USD,Tanker
2024-05-07,Forties,REF_004,67.39,3.24,70.63,99241,USD,Tanker
2024-05-14,Forties,REF_004,65.93,3.76,69.69,37593,USD,Tanker
2024-05-21,Forties,REF_004,63.7,3.39,67.09,26398,USD,Tanker
2024-05-28,Forties,REF_004,62.61,3.29,65.9,45416,USD,Tanker
2024-06-04,Forties,REF_004,62.84,3.2,66.04,77347,USD,Tanker
2024-06-11,Forties,REF_004,62.96,3.23,66.19,70011,USD,Tanker
2024-06-18,Forties,REF_004,64.17,3.17,67.34,52851,USD,Tanker
2024-06-25,Forties,REF_004,65.09,3.33,68.42,29974,USD,Tanker
2024-07-02,Forties,REF_004,65.84,3.61,69.44,22489,USD,Tanker
2024-07-09,Forties,REF_004,67.53,3.34,70.87,44757,USD,Tanker
2024-07-16,Forties,REF_004,69.39,3.71,73.11,30515,USD,Tanker
2024-07-23,Forties,REF_004,67.21,3.52,70.73,45419,USD,Tanker
2024-07-30,Forties,REF_004,68.74,3.73,72.47,53871,USD,Tanker
2024-08-06,Forties,REF_004,69.12,3.19,72.3,84541,USD,Tanker
2024-08-13,Forties,REF_004,68.71,3.16,71.87,10327,USD,Tanker
2024-08-20,Forties,REF_004,69.45,3.28,72.72,96935,USD,Tanker
2024-08-27,Forties,REF_004,72.57,3.57,76.14,31471,USD,Tanker
2024-09-03,Forties,REF_004,74.19,3.27,77.46,93417,USD,Tanker
2024-09-10,Forties,REF_004,73.86,3.28,77.14,12117,USD,Tanker
2024-09-17,Forties,REF_004,72.32,3.42,75.74,35442,USD,Tanker
2024-09-24,Forties,REF_004,70.51,3.62,74.13,97374,USD,Tanker
2024-10-01,Forties,REF_004,70.54,3.31,73.86,51646,USD,Tanker
2024-10-08,Forties,REF_004,69.28,3.62,72.9,88912,USD,Tanker
2024-10-15,Forties,REF_004,65.86,3.48,69.33,92799,USD,Tanker
2024-10-22,Forties,REF_004,66.85,3.17,70.02,63474,USD,Tanker
2024-10-29,Forties,REF_004,68.67,3.28,71.95,39968,USD,Tanker
2024-11-05,Forties,REF_004,67.98,3.14,71.12,48695,USD,Tanker
2024-11-12,Forties,REF_004,65.63,3.57,69.2,77024,USD,Tanker
2024-11-19,Forties,REF_004,66.66,3.26,69.92,77974,USD,Tanker
2024-11-26,Forties,REF_004,65.88,3.26,69.14,79772,USD,Tanker
2024-12-03,Forties,REF_004,64.17,3.22,67.39,12028,USD,Tanker
2024-12-10,Forties,REF_004,66.53,3.58,70.12,57748,USD,Tanker
2024-12-17,Forties,REF_004,65.31,3.45,68.75,68452,USD,Tanker
2024-12-24,Forties,REF_004,68.4,3.73,72.13,25626,USD,Tanker
2024-12-31,Forties,REF_004,68.31,3.29,71.6,56229,USD,Tanker
2025-01-07,Forties,REF_004,67.55,3.66,71.21,94030,USD,Tanker
2025-01-14,Forties,REF_004,66.1,3.19,69.28,52256,USD,Tanker
2025-01-21,Forties,REF_004,65.57,3.72,69.29,19665,USD,Tanker
2025-01-28,Forties,REF_004,65.57,3.71,69.28,11887,USD,Tanker
2025-02-04,Forties,REF_004,65.6,3.34,68.94,64565,USD,Tanker
2025-02-11,Forties,REF_004,66.33,3.33,69.66,19695,USD,Tanker
2025-02-18,Forties,REF_004,67.67,3.3,70.97,46977,USD,Tanker
2025-02-25,Forties,REF_004,66.7,3.51,70.21,88299,USD,Tanker
2025-03-04,Forties,REF_004,65.35,3.82,69.17,15294,USD,Tanker
2025-03-11,Forties,REF_004,68.22,3.64,71.86,74786,USD,Tanker
2025-03-18,Forties,REF_004,65.27,3.48,68.76,19243,USD,Tanker
2025-03-25,Forties,REF_004,66.1,3.47,69.57,27455,USD,Tanker
2025-04-01,Forties,REF_004,65.82,3.23,69.05,12136,USD,Tanker
2025-04-08,Forties,REF_004,67.16,3.36,70.52,15203,USD,Tanker
2025-04-15,Forties,REF_004,65.93,3.71,69.64,51908,USD,Tanker
2025-04-22,Forties,REF_004,65.82,3.68,69.5,42766,USD,Tanker
2025-04-29,Forties,REF_004,64.82,3.6,68.41,74191,USD,Tanker
2025-05-06,Forties,REF_004,67.65,3.55,71.2,14967,USD,Tanker
2025-05-13,Forties,REF_004,70.17,3.77,73.94,69443,USD,Tanker
2025-05-20,Forties,REF_004,68.96,3.8,72.76,34692,USD,Tanker
2025-05-27,Forties,REF_004,68.16,3.6,71.77,45144,USD,Tanker
2025-06-03,Forties,REF_004,66.48,3.59,70.07,73176,USD,Tanker
2025-06-10,Forties,REF_004,69.11,3.29,72.41,19872,USD,Tanker
2025-06-17,Forties,REF_004,70.19,3.16,73.35,97848,USD,Tanker
2025-06-24,Forties,REF_004,68.29,3.46,71.75,15601,USD,Tanker
2025-07-01,Forties,REF_004,69.87,3.59,73.46,97039,USD,Tanker
2025-07-08,Forties,REF_004,71.63,3.77,75.4,56115,USD,Tanker
2025-07-15,Forties,REF_004,74.58,3.65,78.22,93951,USD,Tanker
2025-07-22,Forties,REF_004,75.34,3.53,78.88,79250,USD,Tanker
2025-07-29,Forties,REF_004,79.68,3.17,82.84,39530,USD,Tanker
2025-08-05,Forties,REF_004,79.3,3.3,82.61,13652,USD,Tanker
2025-08-12,Forties,REF_004,80.85,3.13,83.98,59075,USD,Tanker
2025-08-19,Forties,REF_004,81.29,3.7,84.99,50581,USD,Tanker
2025-08-26,Forties,REF_004,81.13,3.27,84.4,44450,USD,Tanker
2025-09-02,Forties,REF_004,81.51,3.73,85.24,49187,USD,Tanker
2025-09-09,Forties,REF_004,80.2,3.46,83.66,94406,USD,Tanker
2025-09-16,Forties,REF_004,78.93,3.18,82.11,79139,USD,Tanker
2025-09-23,Forties,REF_004,78.32,3.28,81.6,99905,USD,Tanker
2025-09-30,Forties,REF_004,85.52,3.78,89.3,36759,USD,Tanker
2025-10-07,Forties,REF_004,89.13,3.47,92.6,46233,USD,Tanker
2025-10-14,Forties,REF_004,90.74,3.63,94.37,95001,USD,Tanker
2025-10-21,Forties,REF_004,90.16,3.18,93.34,84453,USD,Tanker
2025-10-28,Forties,REF_004,91.97,3.62,95.59,22740,USD,Tanker
2025-11-04,Forties,REF_004,88.54,3.65,92.19,40663,USD,Tanker
2025-11-11,Forties,REF_004,88.08,3.67,91.75,46812,USD,Tanker
2025-11-18,Forties,REF_004,84.52,3.51,88.03,31463,USD,Tanker
2025-11-25,Forties,REF_004,85.31,3.77,89.08,89883,USD,Tanker
2025-12-02,Forties,REF_004,84.98,3.4,88.38,12641,USD,Tanker
2025-12-09,Forties,REF_004,84.63,3.69,88.32,56410,USD,Tanker
2025-12-16,Forties,REF_004,86.13,3.75,89.88,20524,USD,Tanker
2025-12-23,Forties,REF_004,86.47,3.33,89.8,66271,USD,Tanker
2025-12-30,Forties,REF_004,86.77,3.17,89.94,38207,USD,Tanker
2026-01-06,Forties,REF_004,85.23,3.43,88.66,68314,USD,Tanker
2026-01-13,Forties,REF_004,84.74,3.58,88.32,52295,USD,Tanker
2026-01-20,Forties,REF_004,85.21,3.65,88.86,12973,USD,Tanker
2026-01-27,Forties,REF_004,87.77,3.44,91.2,91341,USD,Tanker
2026-02-03,Forties,REF_004,89.74,3.46,93.2,77052,USD,Tanker
2026-02-10,Forties,REF_004,91.28,3.6,94.88,22033,USD,Tanker
2026-02-17,Forties,REF_004,91.57,3.8,95.37,79616,USD,Tanker
2026-02-24,Forties,REF_004,90.02,3.65,93.66,84706,USD,Tanker
2026-03-03,Forties,REF_004,89.42,3.19,92.62,77621,USD,Tanker
2026-03-10,Forties,REF_004,90.63,3.43,94.06,95083,USD,Tanker
2026-03-17,Forties,REF_004,91.73,3.66,95.39,34771,USD,Tanker
2026-03-24,Forties,REF_004,94.4,3.13,97.53,51489,USD,Tanker
2026-03-31,Forties,REF_004,96.46,3.16,99.62,14116,USD,Tanker
2026-04-07,Forties,REF_004,97.31,3.78,101.09,28117,USD,Tanker
2024-04-09,Forties,REF_005,68.87,3.82,72.69,89524,USD,Tanker
2024-04-16,Forties,REF_005,67.21,4.21,71.42,30388,USD,Tanker
2024-04-23,Forties,REF_005,68.88,3.8,72.68,22851,USD,Tanker
2024-04-30,Forties,REF_005,68.45,3.94,72.4,15410,USD,Tanker
2024-05-07,Forties,REF_005,69.72,4.22,73.94,64488,USD,Tanker
2024-05-14,Forties,REF_005,68.62,3.91,72.53,35048,USD,Tanker
2024-05-21,Forties,REF_005,69.16,4.2,73.37,25655,USD,Tanker
2024-05-28,Forties,REF_005,70.51,4.34,74.86,89775,USD,Tanker
2024-06-04,Forties,REF_005,71.76,4.2,75.96,51044,USD,Tanker
2024-06-11,Forties,REF_005,74.74,4.2,78.94,43712,USD,Tanker
2024-06-18,Forties,REF_005,77.34,4.6,81.94,25457,USD,Tanker
2024-06-25,Forties,REF_005,77.08,4.45,81.53,97976,USD,Tanker
2024-07-02,Forties,REF_005,75.21,4.53,79.75,81390,USD,Tanker
2024-07-09,Forties,REF_005,76.86,4.16,81.02,61531,USD,Tanker
2024-07-16,Forties,REF_005,75.59,4.56,80.15,98869,USD,Tanker
2024-07-23,Forties,REF_005,76.34,4.06,80.4,74357,USD,Tanker
2024-07-30,Forties,REF_005,75.52,4.58,80.11,22808,USD,Tanker
2024-08-06,Forties,REF_005,75.39,3.84,79.23,85347,USD,Tanker
2024-08-13,Forties,REF_005,75.08,3.84,78.92,29646,USD,Tanker
2024-08-20,Forties,REF_005,76.48,4.58,81.05,51884,USD,Tanker
2024-08-27,Forties,REF_005,74.07,4.55,78.62,56541,USD,Tanker
2024-09-03,Forties,REF_005,74.36,4.22,78.58,61844,USD,Tanker
2024-09-10,Forties,REF_005,72.95,4.57,77.52,25786,USD,Tanker
2024-09-17,Forties,REF_005,74.22,3.95,78.16,11116,USD,Tanker
2024-09-24,Forties,REF_005,74.12,3.93,78.05,29071,USD,Tanker
2024-10-01,Forties,REF_005,73.44,4.61,78.05,93638,USD,Tanker
2024-10-08,Forties,REF_005,71.15,4.02,75.18,89400,USD,Tanker
2024-10-15,Forties,REF_005,68.56,3.86,72.42,62567,USD,Tanker
2024-10-22,Forties,REF_005,69.72,4.31,74.03,44905,USD,Tanker
2024-10-29,Forties,REF_005,68.31,3.86,72.17,79066,USD,Tanker
2024-11-05,Forties,REF_005,67.93,3.99,71.92,62067,USD,Tanker
2024-11-12,Forties,REF_005,67.21,4.21,71.42,35176,USD,Tanker
2024-11-19,Forties,REF_005,63.72,4.26,67.99,90841,USD,Tanker
2024-11-26,Forties,REF_005,59.91,3.9,63.81,60192,USD,Tanker
2024-12-03,Forties,REF_005,62.69,4.18,66.87,26817,USD,Tanker
2024-12-10,Forties,REF_005,64.7,4.16,68.86,12123,USD,Tanker
2024-12-17,Forties,REF_005,66.88,4.06,70.94,63257,USD,Tanker
2024-12-24,Forties,REF_005,66.12,4.0,70.12,22079,USD,Tanker
2024-12-31,Forties,REF_005,65.04,4.54,69.57,79946,USD,Tanker
2025-01-07,Forties,REF_005,65.08,4.62,69.7,99386,USD,Tanker
2025-01-14,Forties,REF_005,66.86,4.22,71.08,29668,USD,Tanker
2025-01-21,Forties,REF_005,68.32,4.46,72.78,34272,USD,Tanker
2025-01-28,Forties,REF_005,70.92,4.25,75.17,69645,USD,Tanker
2025-02-04,Forties,REF_005,72.6,4.03,76.62,78446,USD,Tanker
2025-02-11,Forties,REF_005,72.55,3.88,76.43,65774,USD,Tanker
2025-02-18,Forties,REF_005,73.93,4.07,77.99,47719,USD,Tanker
2025-02-25,Forties,REF_005,74.67,4.44,79.11,78979,USD,Tanker
2025-03-04,Forties,REF_005,72.61,4.61,77.23,29097,USD,Tanker
2025-03-11,Forties,REF_005,73.06,4.37,77.43,71538,USD,Tanker
2025-03-18,Forties,REF_005,73.85,4.23,78.08,44078,USD,Tanker
2025-03-25,Forties,REF_005,74.82,3.94,78.75,13097,USD,Tanker
2025-04-01,Forties,REF_005,75.41,3.98,79.4,89530,USD,Tanker
2025-04-08,Forties,REF_005,70.62,4.14,74.75,47680,USD,Tanker
2025-04-15,Forties,REF_005,69.41,4.07,73.47,82971,USD,Tanker
2025-04-22,Forties,REF_005,69.94,4.21,74.16,83662,USD,Tanker
2025-04-29,Forties,REF_005,69.95,4.41,74.36,46099,USD,Tanker
2025-05-06,Forties,REF_005,68.95,3.95,72.9,65699,USD,Tanker
2025-05-13,Forties,REF_005,69.79,4.38,74.17,67944,USD,Tanker
2025-05-20,Forties,REF_005,67.52,4.09,71.61,64440,USD,Tanker
2025-05-27,Forties,REF_005,67.58,3.97,71.55,67405,USD,Tanker
2025-06-03,Forties,REF_005,66.94,4.05,70.99,34547,USD,Tanker
2025-06-10,Forties,REF_005,66.52,4.46,70.98,53525,USD,Tanker
2025-06-17,Forties,REF_005,67.48,4.23,71.72,97442,USD,Tanker
2025-06-24,Forties,REF_005,64.2,3.99,68.2,23066,USD,Tanker
2025-07-01,Forties,REF_005,65.2,3.96,69.16,40642,USD,Tanker
2025-07-08,Forties,REF_005,62.05,4.33,66.39,20483,USD,Tanker
2025-07-15,Forties,REF_005,62.15,4.19,66.34,42674,USD,Tanker
2025-07-22,Forties,REF_005,63.49,3.99,67.48,53506,USD,Tanker
2025-07-29,Forties,REF_005,62.12,4.49,66.61,83868,USD,Tanker
2025-08-05,Forties,REF_005,62.07,4.16,66.23,40308,USD,Tanker
2025-08-12,Forties,REF_005,59.02,3.78,62.8,41887,USD,Tanker
2025-08-19,Forties,REF_005,59.0,3.79,62.8,13663,USD,Tanker
2025-08-26,Forties,REF_005,58.14,4.19,62.33,57637,USD,Tanker
2025-09-02,Forties,REF_005,56.89,3.88,60.77,91856,USD,Tanker
2025-09-09,Forties,REF_005,56.86,4.52,61.38,76090,USD,Tanker
2025-09-16,Forties,REF_005,57.82,3.93,61.74,86074,USD,Tanker
2025-09-23,Forties,REF_005,57.84,3.99,61.83,42542,USD,Tanker
2025-09-30,Forties,REF_005,56.53,4.42,60.94,71504,USD,Tanker
2025-10-07,Forties,REF_005,55.35,3.81,59.16,73198,USD,Tanker
2025-10-14,Forties,REF_005,55.2,4.58,59.77,86254,USD,Tanker
2025-10-21,Forties,REF_005,58.4,4.3,62.69,89685,USD,Tanker
2025-10-28,Forties,REF_005,60.64,3.97,64.61,25506,USD,Tanker
2025-11-04,Forties,REF_005,61.11,4.38,65.49,40184,USD,Tanker
2025-11-11,Forties,REF_005,61.99,4.31,66.29,75403,USD,Tanker
2025-11-18,Forties,REF_005,64.99,4.27,69.27,98382,USD,Tanker
2025-11-25,Forties,REF_005,66.27,4.19,70.46,11122,USD,Tanker
2025-12-02,Forties,REF_005,64.19,3.91,68.1,12605,USD,Tanker
2025-12-09,Forties,REF_005,64.02,3.97,67.99,98798,USD,Tanker
2025-12-16,Forties,REF_005,61.68,4.34,66.02,70677,USD,Tanker
2025-12-23,Forties,REF_005,60.08,4.59,64.68,75663,USD,Tanker
2025-12-30,Forties,REF_005,58.41,4.0,62.41,96399,USD,Tanker
2026-01-06,Forties,REF_005,60.15,3.94,64.09,30482,USD,Tanker
2026-01-13,Forties,REF_005,62.93,4.14,67.07,38013,USD,Tanker
2026-01-20,Forties,REF_005,60.74,4.0,64.75,21258,USD,Tanker
2026-01-27,Forties,REF_005,57.3,4.06,61.36,10701,USD,Tanker
2026-02-03,Forties,REF_005,58.01,4.23,62.23,72678,USD,Tanker
2026-02-10,Forties,REF_005,57.56,4.45,62.02,90712,USD,Tanker
2026-02-17,Forties,REF_005,58.9,4.59,63.49,39289,USD,Tanker
2026-02-24,Forties,REF_005,58.08,4.25,62.32,72158,USD,Tanker
2026-03-03,Forties,REF_005,54.82,4.36,59.18,20498,USD,Tanker
2026-03-10,Forties,REF_005,52.56,4.38,56.94,97892,USD,Tanker
2026-03-17,Forties,REF_005,53.32,4.43,57.75,72526,USD,Tanker
2026-03-24,Forties,REF_005,54.46,4.06,58.52,83239,USD,Tanker
2026-03-31,Forties,REF_005,54.08,3.87,57.95,69580,USD,Tanker
2026-04-07,Forties,REF_005,54.54,4.42,58.96,75129,USD,Tanker
2024-04-09,Basra Light,REF_001,67.99,1.7,69.68,12454,USD,Pipeline
2024-04-16,Basra Light,REF_001,68.11,1.5,69.6,88130,USD,Pipeline
2024-04-23,Basra Light,REF_001,68.75,1.53,70.29,57932,USD,Pipeline
2024-04-30,Basra Light,REF_001,69.44,1.63,71.07,28021,USD,Pipeline
2024-05-07,Basra Light,REF_001,70.47,1.54,72.01,18271,USD,Pipeline
2024-05-14,Basra Light,REF_001,67.77,1.49,69.27,83407,USD,Pipeline
2024-05-21,Basra Light,REF_001,68.63,1.71,70.33,44179,USD,Pipeline
2024-05-28,Basra Light,REF_001,67.87,1.57,69.43,59609,USD,Pipeline
2024-06-04,Basra Light,REF_001,68.47,1.68,70.15,31725,USD,Pipeline
2024-06-11,Basra Light,REF_001,68.1,1.63,69.74,14139,USD,Pipeline
2024-06-18,Basra Light,REF_001,67.02,1.45,68.47,14083,USD,Pipeline
2024-06-25,Basra Light,REF_001,69.65,1.48,71.13,12828,USD,Pipeline
2024-07-02,Basra Light,REF_001,69.62,1.46,71.08,17536,USD,Pipeline
2024-07-09,Basra Light,REF_001,69.63,1.48,71.11,85803,USD,Pipeline
2024-07-16,Basra Light,REF_001,75.62,1.53,77.14,97216,USD,Pipeline
2024-07-23,Basra Light,REF_001,76.83,1.65,78.48,27017,USD,Pipeline
2024-07-30,Basra Light,REF_001,74.18,1.65,75.83,89585,USD,Pipeline
2024-08-06,Basra Light,REF_001,75.61,1.52,77.14,46158,USD,Pipeline
2024-08-13,Basra Light,REF_001,76.22,1.41,77.63,81908,USD,Pipeline
2024-08-20,Basra Light,REF_001,79.06,1.55,80.61,65589,USD,Pipeline
2024-08-27,Basra Light,REF_001,82.22,1.5,83.73,28332,USD,Pipeline
2024-09-03,Basra Light,REF_001,80.2,1.54,81.74,78244,USD,Pipeline
2024-09-10,Basra Light,REF_001,78.55,1.5,80.05,42021,USD,Pipeline
2024-09-17,Basra Light,REF_001,79.62,1.48,81.1,76208,USD,Pipeline
2024-09-24,Basra Light,REF_001,80.13,1.6,81.72,56912,USD,Pipeline
2024-10-01,Basra Light,REF_001,80.04,1.47,81.5,22616,USD,Pipeline
2024-10-08,Basra Light,REF_001,79.67,1.49,81.15,68774,USD,Pipeline
2024-10-15,Basra Light,REF_001,74.94,1.45,76.39,80045,USD,Pipeline
2024-10-22,Basra Light,REF_001,77.82,1.55,79.38,68068,USD,Pipeline
2024-10-29,Basra Light,REF_001,73.49,1.66,75.14,83057,USD,Pipeline
2024-11-05,Basra Light,REF_001,74.0,1.47,75.47,43398,USD,Pipeline
2024-11-12,Basra Light,REF_001,73.87,1.41,75.27,50755,USD,Pipeline
2024-11-19,Basra Light,REF_001,77.33,1.5,78.83,19393,USD,Pipeline
2024-11-26,Basra Light,REF_001,78.71,1.67,80.39,60444,USD,Pipeline
2024-12-03,Basra Light,REF_001,78.82,1.47,80.29,20317,USD,Pipeline
2024-12-10,Basra Light,REF_001,76.95,1.56,78.51,79973,USD,Pipeline
2024-12-17,Basra Light,REF_001,80.13,1.59,81.72,16905,USD,Pipeline
2024-12-24,Basra Light,REF_001,80.14,1.66,81.81,21156,USD,Pipeline
2024-12-31,Basra Light,REF_001,80.95,1.67,82.62,21647,USD,Pipeline
2025-01-07,Basra Light,REF_001,80.67,1.67,82.34,34813,USD,Pipeline
2025-01-14,Basra Light,REF_001,82.59,1.62,84.22,79662,USD,Pipeline
2025-01-21,Basra Light,REF_001,84.84,1.61,86.45,38310,USD,Pipeline
2025-01-28,Basra Light,REF_001,84.84,1.69,86.53,40592,USD,Pipeline
2025-02-04,Basra Light,REF_001,86.67,1.44,88.11,48521,USD,Pipeline
2025-02-11,Basra Light,REF_001,88.86,1.58,90.44,26764,USD,Pipeline
2025-02-18,Basra Light,REF_001,89.07,1.45,90.52,80926,USD,Pipeline
2025-02-25,Basra Light,REF_001,87.23,1.67,88.89,18437,USD,Pipeline
2025-03-04,Basra Light,REF_001,89.32,1.42,90.74,63668,USD,Pipeline
2025-03-11,Basra Light,REF_001,91.15,1.6,92.74,56080,USD,Pipeline
2025-03-18,Basra Light,REF_001,88.98,1.48,90.47,93145,USD,Pipeline
2025-03-25,Basra Light,REF_001,90.61,1.61,92.22,45729,USD,Pipeline
2025-04-01,Basra Light,REF_001,92.94,1.5,94.44,56771,USD,Pipeline
2025-04-08,Basra Light,REF_001,94.56,1.44,96.0,64109,USD,Pipeline
2025-04-15,Basra Light,REF_001,96.77,1.7,98.47,25009,USD,Pipeline
2025-04-22,Basra Light,REF_001,98.48,1.42,99.9,94824,USD,Pipeline
2025-04-29,Basra Light,REF_001,100.14,1.53,101.67,49671,USD,Pipeline
2025-05-06,Basra Light,REF_001,104.05,1.49,105.55,66218,USD,Pipeline
2025-05-13,Basra Light,REF_001,104.11,1.42,105.53,75158,USD,Pipeline
2025-05-20,Basra Light,REF_001,103.46,1.7,105.16,26667,USD,Pipeline
2025-05-27,Basra Light,REF_001,104.05,1.55,105.61,83464,USD,Pipeline
2025-06-03,Basra Light,REF_001,100.57,1.44,102.01,59786,USD,Pipeline
2025-06-10,Basra Light,REF_001,101.02,1.49,102.51,15636,USD,Pipeline
2025-06-17,Basra Light,REF_001,102.18,1.53,103.71,52028,USD,Pipeline
2025-06-24,Basra Light,REF_001,102.06,1.61,103.67,52797,USD,Pipeline
2025-07-01,Basra Light,REF_001,99.84,1.47,101.32,96256,USD,Pipeline
2025-07-08,Basra Light,REF_001,100.36,1.63,101.98,34290,USD,Pipeline
2025-07-15,Basra Light,REF_001,98.54,1.52,100.06,49264,USD,Pipeline
2025-07-22,Basra Light,REF_001,98.91,1.46,100.37,90327,USD,Pipeline
2025-07-29,Basra Light,REF_001,103.31,1.52,104.83,44434,USD,Pipeline
2025-08-05,Basra Light,REF_001,103.64,1.47,105.12,92308,USD,Pipeline
2025-08-12,Basra Light,REF_001,106.46,1.65,108.12,63994,USD,Pipeline
2025-08-19,Basra Light,REF_001,110.54,1.51,112.06,72468,USD,Pipeline
2025-08-26,Basra Light,REF_001,110.83,1.41,112.24,45979,USD,Pipeline
2025-09-02,Basra Light,REF_001,113.82,1.42,115.24,74766,USD,Pipeline
2025-09-09,Basra Light,REF_001,116.72,1.43,118.15,76674,USD,Pipeline
2025-09-16,Basra Light,REF_001,119.82,1.47,121.3,43705,USD,Pipeline
2025-09-23,Basra Light,REF_001,120.0,1.41,121.41,81816,USD,Pipeline
2025-09-30,Basra Light,REF_001,117.8,1.55,119.36,75556,USD,Pipeline
2025-10-07,Basra Light,REF_001,119.52,1.61,121.13,38855,USD,Pipeline
2025-10-14,Basra Light,REF_001,117.47,1.44,118.91,46438,USD,Pipeline
2025-10-21,Basra Light,REF_001,116.69,1.55,118.24,95562,USD,Pipeline
2025-10-28,Basra Light,REF_001,113.93,1.45,115.38,41073,USD,Pipeline
2025-11-04,Basra Light,REF_001,113.98,1.69,115.66,81446,USD,Pipeline
2025-11-11,Basra Light,REF_001,115.19,1.47,116.66,49108,USD,Pipeline
2025-11-18,Basra Light,REF_001,115.18,1.4,116.58,88000,USD,Pipeline
2025-11-25,Basra Light,REF_001,115.61,1.57,117.19,50989,USD,Pipeline
2025-12-02,Basra Light,REF_001,115.62,1.55,117.17,85219,USD,Pipeline
2025-12-09,Basra Light,REF_001,117.58,1.68,119.26,35996,USD,Pipeline
2025-12-16,Basra Light,REF_001,116.82,1.69,118.51,27155,USD,Pipeline
2025-12-23,Basra Light,REF_001,116.05,1.63,117.68,97805,USD,Pipeline
2025-12-30,Basra Light,REF_001,116.81,1.43,118.23,27671,USD,Pipeline
2026-01-06,Basra Light,REF_001,114.19,1.46,115.65,54718,USD,Pipeline
2026-01-13,Basra Light,REF_001,111.44,1.65,113.08,82237,USD,Pipeline
2026-01-20,Basra Light,REF_001,107.56,1.48,109.04,74396,USD,Pipeline
2026-01-27,Basra Light,REF_001,106.86,1.43,108.29,59077,USD,Pipeline
2026-02-03,Basra Light,REF_001,104.87,1.55,106.42,32477,USD,Pipeline
2026-02-10,Basra Light,REF_001,105.08,1.45,106.53,17383,USD,Pipeline
2026-02-17,Basra Light,REF_001,106.15,1.63,107.77,30569,USD,Pipeline
2026-02-24,Basra Light,REF_001,103.89,1.58,105.47,43443,USD,Pipeline
2026-03-03,Basra Light,REF_001,100.67,1.42,102.09,39416,USD,Pipeline
2026-03-10,Basra Light,REF_001,101.2,1.45,102.65,76084,USD,Pipeline
2026-03-17,Basra Light,REF_001,100.6,1.53,102.12,18357,USD,Pipeline
2026-03-24,Basra Light,REF_001,100.92,1.62,102.55,11651,USD,Pipeline
2026-03-31,Basra Light,REF_001,98.6,1.61,100.21,29256,USD,Pipeline
2026-04-07,Basra Light,REF_001,98.19,1.53,99.71,10456,USD,Pipeline
2024-04-09,Basra Light,REF_002,67.28,7.27,74.55,85429,USD,Tanker
2024-04-16,Basra Light,REF_002,67.28,7.27,74.55,64748,USD,Tanker
2024-04-23,Basra Light,REF_002,69.23,6.85,76.08,95391,USD,Tanker
2024-04-30,Basra Light,REF_002,69.07,7.44,76.51,53325,USD,Tanker
2024-05-07,Basra Light,REF_002,70.07,8.18,78.25,59195,USD,Tanker
2024-05-14,Basra Light,REF_002,72.05,7.59,79.64,97453,USD,Tanker
2024-05-21,Basra Light,REF_002,73.97,8.16,82.13,60702,USD,Tanker
2024-05-28,Basra Light,REF_002,71.02,7.85,78.86,18459,USD,Tanker
2024-06-04,Basra Light,REF_002,68.66,7.14,75.8,24967,USD,Tanker
2024-06-11,Basra Light,REF_002,68.81,7.0,75.81,99253,USD,Tanker
2024-06-18,Basra Light,REF_002,69.96,6.78,76.74,82574,USD,Tanker
2024-06-25,Basra Light,REF_002,66.43,7.77,74.2,30590,USD,Tanker
2024-07-02,Basra Light,REF_002,66.12,7.01,73.13,66862,USD,Tanker
2024-07-09,Basra Light,REF_002,64.65,7.01,71.66,99425,USD,Tanker
2024-07-16,Basra Light,REF_002,62.37,6.86,69.23,47850,USD,Tanker
2024-07-23,Basra Light,REF_002,61.95,7.96,69.92,49495,USD,Tanker
2024-07-30,Basra Light,REF_002,61.88,7.26,69.14,55168,USD,Tanker
2024-08-06,Basra Light,REF_002,59.58,7.34,66.92,68310,USD,Tanker
2024-08-13,Basra Light,REF_002,60.0,7.86,67.86,41952,USD,Tanker
2024-08-20,Basra Light,REF_002,60.32,7.42,67.74,67758,USD,Tanker
2024-08-27,Basra Light,REF_002,61.74,7.72,69.47,69083,USD,Tanker
2024-09-03,Basra Light,REF_002,59.77,7.25,67.02,64141,USD,Tanker
2024-09-10,Basra Light,REF_002,58.68,7.9,66.58,44160,USD,Tanker
2024-09-17,Basra Light,REF_002,57.62,7.57,65.19,36346,USD,Tanker
2024-09-24,Basra Light,REF_002,59.11,7.94,67.05,85265,USD,Tanker
2024-10-01,Basra Light,REF_002,57.71,8.03,65.74,47024,USD,Tanker
2024-10-08,Basra Light,REF_002,56.62,6.83,63.45,72040,USD,Tanker
2024-10-15,Basra Light,REF_002,58.8,7.05,65.85,50632,USD,Tanker
2024-10-22,Basra Light,REF_002,58.08,8.08,66.15,65183,USD,Tanker
2024-10-29,Basra Light,REF_002,55.83,6.97,62.8,75295,USD,Tanker
2024-11-05,Basra Light,REF_002,55.3,7.87,63.17,59421,USD,Tanker
2024-11-12,Basra Light,REF_002,55.85,7.66,63.51,94512,USD,Tanker
2024-11-19,Basra Light,REF_002,56.06,6.87,62.94,81062,USD,Tanker
2024-11-26,Basra Light,REF_002,55.37,8.09,63.46,17787,USD,Tanker
2024-12-03,Basra Light,REF_002,55.37,8.22,63.58,90308,USD,Tanker
2024-12-10,Basra Light,REF_002,56.8,6.9,63.7,83143,USD,Tanker
2024-12-17,Basra Light,REF_002,55.39,7.86,63.24,53643,USD,Tanker
2024-12-24,Basra Light,REF_002,56.21,8.03,64.24,83691,USD,Tanker
2024-12-31,Basra Light,REF_002,54.5,7.91,62.41,64230,USD,Tanker
2025-01-07,Basra Light,REF_002,57.42,7.49,64.92,10381,USD,Tanker
2025-01-14,Basra Light,REF_002,54.68,7.25,61.93,98989,USD,Tanker
2025-01-21,Basra Light,REF_002,58.37,7.8,66.17,58589,USD,Tanker
2025-01-28,Basra Light,REF_002,57.67,7.68,65.35,87483,USD,Tanker
2025-02-04,Basra Light,REF_002,58.62,6.94,65.55,31248,USD,Tanker
2025-02-11,Basra Light,REF_002,57.92,7.26,65.18,50450,USD,Tanker
2025-02-18,Basra Light,REF_002,63.27,7.91,71.18,92504,USD,Tanker
2025-02-25,Basra Light,REF_002,62.64,7.03,69.67,49193,USD,Tanker
2025-03-04,Basra Light,REF_002,61.39,7.55,68.94,74915,USD,Tanker
2025-03-11,Basra Light,REF_002,61.63,7.48,69.11,61817,USD,Tanker
2025-03-18,Basra Light,REF_002,63.73,8.08,71.81,68369,USD,Tanker
2025-03-25,Basra Light,REF_002,65.11,8.14,73.25,83524,USD,Tanker
2025-04-01,Basra Light,REF_002,66.92,7.26,74.19,86893,USD,Tanker
2025-04-08,Basra Light,REF_002,69.31,8.11,77.42,71674,USD,Tanker
2025-04-15,Basra Light,REF_002,69.09,7.83,76.92,22699,USD,Tanker
2025-04-22,Basra Light,REF_002,70.33,6.76,77.09,86255,USD,Tanker
2025-04-29,Basra Light,REF_002,66.54,7.3,73.85,75105,USD,Tanker
2025-05-06,Basra Light,REF_002,67.09,7.94,75.03,71416,USD,Tanker
2025-05-13,Basra Light,REF_002,70.15,7.29,77.44,83454,USD,Tanker
2025-05-20,Basra Light,REF_002,68.07,7.91,75.98,70856,USD,Tanker
2025-05-27,Basra Light,REF_002,68.91,7.18,76.08,85778,USD,Tanker
2025-06-03,Basra Light,REF_002,70.66,7.26,77.93,75193,USD,Tanker
2025-06-10,Basra Light,REF_002,66.46,7.62,74.08,52326,USD,Tanker
2025-06-17,Basra Light,REF_002,66.58,7.68,74.26,26311,USD,Tanker
2025-06-24,Basra Light,REF_002,66.06,7.25,73.31,89090,USD,Tanker
2025-07-01,Basra Light,REF_002,61.77,8.15,69.92,83075,USD,Tanker
2025-07-08,Basra Light,REF_002,65.02,6.9,71.92,87303,USD,Tanker
2025-07-15,Basra Light,REF_002,64.44,6.86,71.31,53321,USD,Tanker
2025-07-22,Basra Light,REF_002,63.82,7.72,71.54,77834,USD,Tanker
2025-07-29,Basra Light,REF_002,64.8,6.83,71.62,94186,USD,Tanker
2025-08-05,Basra Light,REF_002,69.42,7.89,77.31,42291,USD,Tanker
2025-08-12,Basra Light,REF_002,64.97,7.43,72.41,63656,USD,Tanker
2025-08-19,Basra Light,REF_002,66.26,7.35,73.61,65864,USD,Tanker
2025-08-26,Basra Light,REF_002,70.42,7.14,77.56,25407,USD,Tanker
2025-09-02,Basra Light,REF_002,69.5,6.77,76.27,64178,USD,Tanker
2025-09-09,Basra Light,REF_002,69.39,7.07,76.46,11179,USD,Tanker
2025-09-16,Basra Light,REF_002,70.02,7.52,77.54,99343,USD,Tanker
2025-09-23,Basra Light,REF_002,69.14,7.96,77.1,86819,USD,Tanker
2025-09-30,Basra Light,REF_002,69.99,6.76,76.76,31353,USD,Tanker
2025-10-07,Basra Light,REF_002,69.99,6.79,76.78,66347,USD,Tanker
2025-10-14,Basra Light,REF_002,68.61,7.59,76.19,44145,USD,Tanker
2025-10-21,Basra Light,REF_002,69.13,7.0,76.13,75793,USD,Tanker
2025-10-28,Basra Light,REF_002,69.08,7.72,76.8,69732,USD,Tanker
2025-11-04,Basra Light,REF_002,66.76,7.73,74.49,92145,USD,Tanker
2025-11-11,Basra Light,REF_002,65.5,8.21,73.71,53281,USD,Tanker
2025-11-18,Basra Light,REF_002,61.75,7.97,69.72,32985,USD,Tanker
2025-11-25,Basra Light,REF_002,59.91,7.52,67.43,41054,USD,Tanker
2025-12-02,Basra Light,REF_002,59.16,7.78,66.93,62987,USD,Tanker
2025-12-09,Basra Light,REF_002,60.46,7.24,67.7,32930,USD,Tanker
2025-12-16,Basra Light,REF_002,60.56,7.67,68.22,96587,USD,Tanker
2025-12-23,Basra Light,REF_002,63.38,7.35,70.72,83285,USD,Tanker
2025-12-30,Basra Light,REF_002,65.71,6.83,72.55,92112,USD,Tanker
2026-01-06,Basra Light,REF_002,69.18,7.09,76.28,52586,USD,Tanker
2026-01-13,Basra Light,REF_002,69.48,6.76,76.23,95413,USD,Tanker
2026-01-20,Basra Light,REF_002,72.76,6.78,79.55,18092,USD,Tanker
2026-01-27,Basra Light,REF_002,73.75,8.21,81.96,93039,USD,Tanker
2026-02-03,Basra Light,REF_002,71.0,7.73,78.73,76751,USD,Tanker
2026-02-10,Basra Light,REF_002,73.0,7.97,80.97,40590,USD,Tanker
2026-02-17,Basra Light,REF_002,75.26,7.08,82.35,41288,USD,Tanker
2026-02-24,Basra Light,REF_002,73.61,7.13,80.74,99334,USD,Tanker
2026-03-03,Basra Light,REF_002,74.99,7.9,82.89,48309,USD,Tanker
2026-03-10,Basra Light,REF_002,77.22,6.91,84.13,10215,USD,Tanker
2026-03-17,Basra Light,REF_002,78.57,7.29,85.86,70070,USD,Tanker
2026-03-24,Basra Light,REF_002,80.48,7.28,87.77,32059,USD,Tanker
2026-03-31,Basra Light,REF_002,81.63,6.94,88.57,26346,USD,Tanker
2026-04-07,Basra Light,REF_002,81.55,7.31,88.86,68660,USD,Tanker
2024-04-09,Basra Light,REF_003,63.76,2.76,66.52,22489,USD,Pipeline
2024-04-16,Basra Light,REF_003,64.44,2.63,67.08,76663,USD,Pipeline
2024-04-23,Basra Light,REF_003,66.36,2.63,68.99,93079,USD,Pipeline
2024-04-30,Basra Light,REF_003,65.62,2.72,68.34,51081,USD,Pipeline
2024-05-07,Basra Light,REF_003,64.32,2.47,66.79,58524,USD,Pipeline
2024-05-14,Basra Light,REF_003,66.01,2.71,68.72,45616,USD,Pipeline
2024-05-21,Basra Light,REF_003,62.73,2.37,65.1,24056,USD,Pipeline
2024-05-28,Basra Light,REF_003,61.83,2.31,64.13,96515,USD,Pipeline
2024-06-04,Basra Light,REF_003,62.25,2.6,64.85,27030,USD,Pipeline
2024-06-11,Basra Light,REF_003,64.46,2.66,67.13,48131,USD,Pipeline
2024-06-18,Basra Light,REF_003,68.19,2.28,70.47,49614,USD,Pipeline
2024-06-25,Basra Light,REF_003,68.54,2.69,71.23,12090,USD,Pipeline
2024-07-02,Basra Light,REF_003,68.68,2.39,71.07,59488,USD,Pipeline
2024-07-09,Basra Light,REF_003,68.94,2.48,71.42,70178,USD,Pipeline
2024-07-16,Basra Light,REF_003,67.74,2.38,70.12,26844,USD,Pipeline
2024-07-23,Basra Light,REF_003,67.25,2.76,70.01,24371,USD,Pipeline
2024-07-30,Basra Light,REF_003,68.54,2.65,71.19,28143,USD,Pipeline
2024-08-06,Basra Light,REF_003,66.57,2.44,69.01,67713,USD,Pipeline
2024-08-13,Basra Light,REF_003,68.36,2.28,70.65,32190,USD,Pipeline
2024-08-20,Basra Light,REF_003,67.5,2.75,70.25,22890,USD,Pipeline
2024-08-27,Basra Light,REF_003,69.13,2.63,71.76,24686,USD,Pipeline
2024-09-03,Basra Light,REF_003,67.66,2.7,70.37,66179,USD,Pipeline
2024-09-10,Basra Light,REF_003,69.02,2.71,71.73,66523,USD,Pipeline
2024-09-17,Basra Light,REF_003,69.63,2.5,72.13,70608,USD,Pipeline
2024-09-24,Basra Light,REF_003,70.14,2.28,72.42,54672,USD,Pipeline
2024-10-01,Basra Light,REF_003,69.51,2.77,72.28,99736,USD,Pipeline
2024-10-08,Basra Light,REF_003,69.04,2.38,71.41,90767,USD,Pipeline
2024-10-15,Basra Light,REF_003,70.36,2.66,73.02,76142,USD,Pipeline
2024-10-22,Basra Light,REF_003,70.03,2.39,72.42,54140,USD,Pipeline
2024-10-29,Basra Light,REF_003,71.02,2.37,73.39,38011,USD,Pipeline
2024-11-05,Basra Light,REF_003,71.84,2.35,74.19,23615,USD,Pipeline
2024-11-12,Basra Light,REF_003,71.92,2.45,74.37,54785,USD,Pipeline
2024-11-19,Basra Light,REF_003,71.86,2.27,74.14,77767,USD,Pipeline
2024-11-26,Basra Light,REF_003,73.89,2.37,76.26,43933,USD,Pipeline
2024-12-03,Basra Light,REF_003,71.79,2.53,74.32,66814,USD,Pipeline
2024-12-10,Basra Light,REF_003,71.3,2.27,73.58,21943,USD,Pipeline
2024-12-17,Basra Light,REF_003,68.89,2.43,71.32,94315,USD,Pipeline
2024-12-24,Basra Light,REF_003,69.02,2.57,71.59,35945,USD,Pipeline
2024-12-31,Basra Light,REF_003,71.07,2.61,73.67,31341,USD,Pipeline
2025-01-07,Basra Light,REF_003,71.97,2.32,74.28,57458,USD,Pipeline
2025-01-14,Basra Light,REF_003,67.28,2.72,70.0,88988,USD,Pipeline
2025-01-21,Basra Light,REF_003,69.47,2.45,71.92,27327,USD,Pipeline
2025-01-28,Basra Light,REF_003,69.95,2.48,72.43,82866,USD,Pipeline
2025-02-04,Basra Light,REF_003,68.27,2.44,70.71,96789,USD,Pipeline
2025-02-11,Basra Light,REF_003,71.28,2.4,73.69,37732,USD,Pipeline
2025-02-18,Basra Light,REF_003,73.62,2.7,76.32,29537,USD,Pipeline
2025-02-25,Basra Light,REF_003,72.36,2.47,74.83,87885,USD,Pipeline
2025-03-04,Basra Light,REF_003,70.65,2.55,73.2,67729,USD,Pipeline
2025-03-11,Basra Light,REF_003,67.34,2.42,69.76,61828,USD,Pipeline
2025-03-18,Basra Light,REF_003,66.43,2.77,69.2,93947,USD,Pipeline
2025-03-25,Basra Light,REF_003,66.93,2.35,69.27,39875,USD,Pipeline
2025-04-01,Basra Light,REF_003,64.46,2.34,66.8,28964,USD,Pipeline
2025-04-08,Basra Light,REF_003,64.47,2.65,67.12,21626,USD,Pipeline
2025-04-15,Basra Light,REF_003,61.6,2.3,63.9,98015,USD,Pipeline
2025-04-22,Basra Light,REF_003,63.36,2.59,65.96,28324,USD,Pipeline
2025-04-29,Basra Light,REF_003,58.47,2.36,60.83,96507,USD,Pipeline
2025-05-06,Basra Light,REF_003,58.74,2.7,61.45,43231,USD,Pipeline
2025-05-13,Basra Light,REF_003,57.73,2.31,60.03,57395,USD,Pipeline
2025-05-20,Basra Light,REF_003,58.75,2.47,61.21,16284,USD,Pipeline
2025-05-27,Basra Light,REF_003,61.0,2.53,63.53,14852,USD,Pipeline
2025-06-03,Basra Light,REF_003,61.92,2.46,64.38,32572,USD,Pipeline
2025-06-10,Basra Light,REF_003,61.92,2.3,64.22,15683,USD,Pipeline
2025-06-17,Basra Light,REF_003,59.54,2.66,62.2,48477,USD,Pipeline
2025-06-24,Basra Light,REF_003,57.89,2.44,60.33,48542,USD,Pipeline
2025-07-01,Basra Light,REF_003,60.22,2.42,62.64,60313,USD,Pipeline
2025-07-08,Basra Light,REF_003,60.43,2.63,63.05,99299,USD,Pipeline
2025-07-15,Basra Light,REF_003,58.9,2.59,61.49,73805,USD,Pipeline
2025-07-22,Basra Light,REF_003,60.01,2.68,62.69,65363,USD,Pipeline
2025-07-29,Basra Light,REF_003,60.25,2.44,62.69,39199,USD,Pipeline
2025-08-05,Basra Light,REF_003,60.48,2.76,63.24,33610,USD,Pipeline
2025-08-12,Basra Light,REF_003,60.61,2.57,63.18,73180,USD,Pipeline
2025-08-19,Basra Light,REF_003,58.77,2.41,61.18,56393,USD,Pipeline
2025-08-26,Basra Light,REF_003,58.36,2.33,60.69,38167,USD,Pipeline
2025-09-02,Basra Light,REF_003,56.8,2.61,59.42,52857,USD,Pipeline
2025-09-09,Basra Light,REF_003,54.21,2.46,56.67,34730,USD,Pipeline
2025-09-16,Basra Light,REF_003,56.43,2.49,58.92,35090,USD,Pipeline
2025-09-23,Basra Light,REF_003,58.83,2.68,61.5,86691,USD,Pipeline
2025-09-30,Basra Light,REF_003,58.15,2.4,60.55,86143,USD,Pipeline
2025-10-07,Basra Light,REF_003,60.32,2.76,63.08,27427,USD,Pipeline
2025-10-14,Basra Light,REF_003,57.48,2.51,59.99,61501,USD,Pipeline
2025-10-21,Basra Light,REF_003,59.76,2.54,62.29,78549,USD,Pipeline
2025-10-28,Basra Light,REF_003,60.26,2.47,62.73,69593,USD,Pipeline
2025-11-04,Basra Light,REF_003,64.22,2.71,66.93,64954,USD,Pipeline
2025-11-11,Basra Light,REF_003,63.09,2.49,65.58,25688,USD,Pipeline
2025-11-18,Basra Light,REF_003,64.85,2.56,67.41,76551,USD,Pipeline
2025-11-25,Basra Light,REF_003,66.5,2.7,69.2,48194,USD,Pipeline
2025-12-02,Basra Light,REF_003,66.81,2.56,69.37,68231,USD,Pipeline
2025-12-09,Basra Light,REF_003,66.25,2.39,68.64,73628,USD,Pipeline
2025-12-16,Basra Light,REF_003,69.81,2.71,72.52,84584,USD,Pipeline
2025-12-23,Basra Light,REF_003,70.66,2.6,73.26,14711,USD,Pipeline
2025-12-30,Basra Light,REF_003,68.16,2.43,70.59,19385,USD,Pipeline
2026-01-06,Basra Light,REF_003,71.36,2.67,74.03,78692,USD,Pipeline
2026-01-13,Basra Light,REF_003,70.19,2.4,72.59,23381,USD,Pipeline
2026-01-20,Basra Light,REF_003,70.94,2.65,73.59,34376,USD,Pipeline
2026-01-27,Basra Light,REF_003,72.09,2.56,74.64,90811,USD,Pipeline
2026-02-03,Basra Light,REF_003,71.05,2.75,73.8,44083,USD,Pipeline
2026-02-10,Basra Light,REF_003,72.54,2.56,75.1,75818,USD,Pipeline
2026-02-17,Basra Light,REF_003,71.31,2.74,74.04,16818,USD,Pipeline
2026-02-24,Basra Light,REF_003,68.43,2.28,70.71,96824,USD,Pipeline
2026-03-03,Basra Light,REF_003,68.93,2.44,71.36,43894,USD,Pipeline
2026-03-10,Basra Light,REF_003,69.54,2.72,72.26,97752,USD,Pipeline
2026-03-17,Basra Light,REF_003,69.44,2.47,71.91,76327,USD,Pipeline
2026-03-24,Basra Light,REF_003,68.01,2.52,70.53,17072,USD,Pipeline
2026-03-31,Basra Light,REF_003,66.98,2.66,69.65,79631,USD,Pipeline
2026-04-07,Basra Light,REF_003,65.21,2.66,67.87,79918,USD,Pipeline
2024-04-09,Basra Light,REF_004,64.2,2.15,66.35,56199,USD,Pipeline
2024-04-16,Basra Light,REF_004,63.17,2.09,65.26,88700,USD,Pipeline
2024-04-23,Basra Light,REF_004,64.54,2.01,66.55,60613,USD,Pipeline
2024-04-30,Basra Light,REF_004,69.02,2.41,71.43,30151,USD,Pipeline
2024-05-07,Basra Light,REF_004,69.05,2.38,71.43,71248,USD,Pipeline
2024-05-14,Basra Light,REF_004,69.03,2.33,71.36,15329,USD,Pipeline
2024-05-21,Basra Light,REF_004,70.61,2.03,72.64,81075,USD,Pipeline
2024-05-28,Basra Light,REF_004,72.3,2.29,74.59,61421,USD,Pipeline
2024-06-04,Basra Light,REF_004,77.2,2.11,79.31,10278,USD,Pipeline
2024-06-11,Basra Light,REF_004,82.46,2.43,84.89,51526,USD,Pipeline
2024-06-18,Basra Light,REF_004,82.23,2.17,84.4,88401,USD,Pipeline
2024-06-25,Basra Light,REF_004,81.62,2.16,83.77,89135,USD,Pipeline
2024-07-02,Basra Light,REF_004,79.15,2.13,81.28,86305,USD,Pipeline
2024-07-09,Basra Light,REF_004,78.72,2.08,80.8,65354,USD,Pipeline
2024-07-16,Basra Light,REF_004,76.85,2.36,79.22,38167,USD,Pipeline
2024-07-23,Basra Light,REF_004,79.1,2.13,81.23,16758,USD,Pipeline
2024-07-30,Basra Light,REF_004,80.95,2.3,83.25,52120,USD,Pipeline
2024-08-06,Basra Light,REF_004,85.82,2.1,87.92,19323,USD,Pipeline
2024-08-13,Basra Light,REF_004,92.27,2.42,94.69,54516,USD,Pipeline
2024-08-20,Basra Light,REF_004,92.14,2.42,94.56,67180,USD,Pipeline
2024-08-27,Basra Light,REF_004,91.57,2.13,93.7,96078,USD,Pipeline
2024-09-03,Basra Light,REF_004,91.38,2.05,93.43,90878,USD,Pipeline
2024-09-10,Basra Light,REF_004,91.76,2.23,93.99,75757,USD,Pipeline
2024-09-17,Basra Light,REF_004,90.67,2.35,93.02,71003,USD,Pipeline
2024-09-24,Basra Light,REF_004,91.7,2.28,93.99,86538,USD,Pipeline
2024-10-01,Basra Light,REF_004,89.36,2.06,91.42,64300,USD,Pipeline
2024-10-08,Basra Light,REF_004,90.59,2.24,92.83,27094,USD,Pipeline
2024-10-15,Basra Light,REF_004,88.39,2.06,90.45,72870,USD,Pipeline
2024-10-22,Basra Light,REF_004,87.46,2.28,89.74,82526,USD,Pipeline
2024-10-29,Basra Light,REF_004,89.73,2.33,92.06,75648,USD,Pipeline
2024-11-05,Basra Light,REF_004,87.54,2.43,89.97,37629,USD,Pipeline
2024-11-12,Basra Light,REF_004,87.89,2.06,89.95,87733,USD,Pipeline
2024-11-19,Basra Light,REF_004,83.99,2.37,86.35,93481,USD,Pipeline
2024-11-26,Basra Light,REF_004,84.32,2.01,86.33,91514,USD,Pipeline
2024-12-03,Basra Light,REF_004,85.77,2.37,88.13,60561,USD,Pipeline
2024-12-10,Basra Light,REF_004,84.47,2.2,86.68,30217,USD,Pipeline
2024-12-17,Basra Light,REF_004,84.44,2.07,86.51,70902,USD,Pipeline
2024-12-24,Basra Light,REF_004,81.21,2.02,83.23,12413,USD,Pipeline
2024-12-31,Basra Light,REF_004,77.73,2.22,79.95,60194,USD,Pipeline
2025-01-07,Basra Light,REF_004,77.88,2.15,80.03,89117,USD,Pipeline
2025-01-14,Basra Light,REF_004,80.53,2.4,82.94,90035,USD,Pipeline
2025-01-21,Basra Light,REF_004,80.5,2.04,82.54,14044,USD,Pipeline
2025-01-28,Basra Light,REF_004,77.24,2.35,79.59,95827,USD,Pipeline
2025-02-04,Basra Light,REF_004,80.58,2.04,82.61,66744,USD,Pipeline
2025-02-11,Basra Light,REF_004,82.56,2.15,84.71,56410,USD,Pipeline
2025-02-18,Basra Light,REF_004,83.12,2.43,85.55,99601,USD,Pipeline
2025-02-25,Basra Light,REF_004,80.34,2.36,82.7,43760,USD,Pipeline
2025-03-04,Basra Light,REF_004,80.98,2.41,83.39,81594,USD,Pipeline
2025-03-11,Basra Light,REF_004,77.95,2.43,80.38,76112,USD,Pipeline
2025-03-18,Basra Light,REF_004,76.93,2.02,78.95,35147,USD,Pipeline
2025-03-25,Basra Light,REF_004,78.67,2.02,80.69,44675,USD,Pipeline
2025-04-01,Basra Light,REF_004,80.95,2.36,83.31,40509,USD,Pipeline
2025-04-08,Basra Light,REF_004,82.55,2.3,84.85,12274,USD,Pipeline
2025-04-15,Basra Light,REF_004,80.58,2.41,82.99,53783,USD,Pipeline
2025-04-22,Basra Light,REF_004,79.94,2.17,82.12,20989,USD,Pipeline
2025-04-29,Basra Light,REF_004,82.01,2.36,84.37,10370,USD,Pipeline
2025-05-06,Basra Light,REF_004,81.22,2.32,83.54,74502,USD,Pipeline
2025-05-13,Basra Light,REF_004,80.83,2.15,82.98,73198,USD,Pipeline
2025-05-20,Basra Light,REF_004,79.2,2.37,81.57,76528,USD,Pipeline
2025-05-27,Basra Light,REF_004,77.0,2.35,79.35,20147,USD,Pipeline
2025-06-03,Basra Light,REF_004,76.19,2.05,78.25,56915,USD,Pipeline
2025-06-10,Basra Light,REF_004,74.69,2.24,76.93,41282,USD,Pipeline
2025-06-17,Basra Light,REF_004,72.94,2.31,75.25,33838,USD,Pipeline
2025-06-24,Basra Light,REF_004,72.57,2.35,74.92,79388,USD,Pipeline
2025-07-01,Basra Light,REF_004,69.83,2.1,71.93,94380,USD,Pipeline
2025-07-08,Basra Light,REF_004,73.92,2.41,76.33,77695,USD,Pipeline
2025-07-15,Basra Light,REF_004,70.99,2.1,73.09,54745,USD,Pipeline
2025-07-22,Basra Light,REF_004,71.21,2.33,73.54,46408,USD,Pipeline
2025-07-29,Basra Light,REF_004,69.79,2.35,72.15,25450,USD,Pipeline
2025-08-05,Basra Light,REF_004,69.47,2.41,71.88,25681,USD,Pipeline
2025-08-12,Basra Light,REF_004,71.21,2.39,73.6,56915,USD,Pipeline
2025-08-19,Basra Light,REF_004,72.92,2.19,75.1,18737,USD,Pipeline
2025-08-26,Basra Light,REF_004,72.33,2.45,74.78,36897,USD,Pipeline
2025-09-02,Basra Light,REF_004,74.7,2.2,76.9,47481,USD,Pipeline
2025-09-09,Basra Light,REF_004,71.65,2.13,73.77,51446,USD,Pipeline
2025-09-16,Basra Light,REF_004,71.4,2.35,73.75,77007,USD,Pipeline
2025-09-23,Basra Light,REF_004,71.67,2.24,73.91,61372,USD,Pipeline
2025-09-30,Basra Light,REF_004,68.98,2.15,71.13,74636,USD,Pipeline
2025-10-07,Basra Light,REF_004,67.1,2.09,69.19,24450,USD,Pipeline
2025-10-14,Basra Light,REF_004,64.69,2.4,67.09,45458,USD,Pipeline
2025-10-21,Basra Light,REF_004,66.29,2.26,68.55,84331,USD,Pipeline
2025-10-28,Basra Light,REF_004,67.88,2.01,69.89,24556,USD,Pipeline
2025-11-04,Basra Light,REF_004,71.77,2.08,73.85,70428,USD,Pipeline
2025-11-11,Basra Light,REF_004,71.99,2.3,74.29,19865,USD,Pipeline
2025-11-18,Basra Light,REF_004,71.86,2.14,74.0,40515,USD,Pipeline
2025-11-25,Basra Light,REF_004,74.83,2.05,76.88,75267,USD,Pipeline
2025-12-02,Basra Light,REF_004,74.75,2.07,76.82,79490,USD,Pipeline
2025-12-09,Basra Light,REF_004,75.56,2.38,77.93,40399,USD,Pipeline
2025-12-16,Basra Light,REF_004,75.63,2.02,77.66,41020,USD,Pipeline
2025-12-23,Basra Light,REF_004,76.65,2.35,79.0,27890,USD,Pipeline
2025-12-30,Basra Light,REF_004,77.26,2.14,79.4,65223,USD,Pipeline
2026-01-06,Basra Light,REF_004,75.31,2.15,77.45,79413,USD,Pipeline
2026-01-13,Basra Light,REF_004,75.79,2.17,77.97,23187,USD,Pipeline
2026-01-20,Basra Light,REF_004,75.72,2.29,78.01,75577,USD,Pipeline
2026-01-27,Basra Light,REF_004,78.2,2.16,80.36,18743,USD,Pipeline
2026-02-03,Basra Light,REF_004,76.63,2.04,78.67,52890,USD,Pipeline
2026-02-10,Basra Light,REF_004,76.68,2.24,78.92,87656,USD,Pipeline
2026-02-17,Basra Light,REF_004,77.38,2.43,79.81,25833,USD,Pipeline
2026-02-24,Basra Light,REF_004,78.17,2.28,80.45,41115,USD,Pipeline
2026-03-03,Basra Light,REF_004,76.58,2.41,78.99,58837,USD,Pipeline
2026-03-10,Basra Light,REF_004,75.8,2.4,78.2,11676,USD,Pipeline
2026-03-17,Basra Light,REF_004,73.49,2.38,75.87,95648,USD,Pipeline
2026-03-24,Basra Light,REF_004,70.69,2.08,72.77,13600,USD,Pipeline
2026-03-31,Basra Light,REF_004,68.95,2.31,71.26,25386,USD,Pipeline
2026-04-07,Basra Light,REF_004,68.74,2.44,71.18,98184,USD,Pipeline
2024-04-09,Basra Light,REF_005,66.91,5.16,72.07,95551,USD,Tanker
2024-04-16,Basra Light,REF_005,65.57,5.58,71.14,34463,USD,Tanker
2024-04-23,Basra Light,REF_005,68.63,5.65,74.29,31823,USD,Tanker
2024-04-30,Basra Light,REF_005,70.28,5.29,75.57,52130,USD,Tanker
2024-05-07,Basra Light,REF_005,72.89,5.26,78.15,72322,USD,Tanker
2024-05-14,Basra Light,REF_005,70.12,4.96,75.08,68421,USD,Tanker
2024-05-21,Basra Light,REF_005,71.77,4.84,76.61,97753,USD,Tanker
2024-05-28,Basra Light,REF_005,71.45,5.22,76.68,41883,USD,Tanker
2024-06-04,Basra Light,REF_005,73.82,4.84,78.66,63232,USD,Tanker
2024-06-11,Basra Light,REF_005,74.95,5.7,80.65,53733,USD,Tanker
2024-06-18,Basra Light,REF_005,75.04,4.75,79.79,32501,USD,Tanker
2024-06-25,Basra Light,REF_005,74.24,5.34,79.58,50536,USD,Tanker
2024-07-02,Basra Light,REF_005,74.62,4.87,79.48,18961,USD,Tanker
2024-07-09,Basra Light,REF_005,72.72,5.22,77.94,54372,USD,Tanker
2024-07-16,Basra Light,REF_005,73.79,5.38,79.17,48818,USD,Tanker
2024-07-23,Basra Light,REF_005,72.63,5.7,78.34,57174,USD,Tanker
2024-07-30,Basra Light,REF_005,74.28,5.69,79.98,85687,USD,Tanker
2024-08-06,Basra Light,REF_005,75.11,4.86,79.97,96221,USD,Tanker
2024-08-13,Basra Light,REF_005,76.58,5.1,81.67,94922,USD,Tanker
2024-08-20,Basra Light,REF_005,76.79,4.69,81.48,61896,USD,Tanker
2024-08-27,Basra Light,REF_005,77.04,4.93,81.98,89247,USD,Tanker
2024-09-03,Basra Light,REF_005,79.02,5.62,84.64,36610,USD,Tanker
2024-09-10,Basra Light,REF_005,81.7,4.79,86.49,37483,USD,Tanker
2024-09-17,Basra Light,REF_005,80.54,5.27,85.81,50982,USD,Tanker
2024-09-24,Basra Light,REF_005,79.07,5.7,84.77,47662,USD,Tanker
2024-10-01,Basra Light,REF_005,77.96,5.36,83.32,33071,USD,Tanker
2024-10-08,Basra Light,REF_005,77.32,4.7,82.02,69727,USD,Tanker
2024-10-15,Basra Light,REF_005,76.34,5.52,81.86,24787,USD,Tanker
2024-10-22,Basra Light,REF_005,80.17,5.21,85.38,20443,USD,Tanker
2024-10-29,Basra Light,REF_005,76.65,5.34,81.99,66108,USD,Tanker
2024-11-05,Basra Light,REF_005,74.44,4.95,79.38,14561,USD,Tanker
2024-11-12,Basra Light,REF_005,74.71,5.32,80.03,89136,USD,Tanker
2024-11-19,Basra Light,REF_005,74.85,5.48,80.33,32027,USD,Tanker
2024-11-26,Basra Light,REF_005,76.1,4.86,80.95,18470,USD,Tanker
2024-12-03,Basra Light,REF_005,78.95,5.06,84.01,62712,USD,Tanker
2024-12-10,Basra Light,REF_005,77.12,5.18,82.29,11484,USD,Tanker
2024-12-17,Basra Light,REF_005,82.65,4.7,87.35,46699,USD,Tanker
2024-12-24,Basra Light,REF_005,86.72,5.37,92.09,98660,USD,Tanker
2024-12-31,Basra Light,REF_005,87.07,5.09,92.16,21407,USD,Tanker
2025-01-07,Basra Light,REF_005,89.12,4.93,94.05,83573,USD,Tanker
2025-01-14,Basra Light,REF_005,87.59,5.52,93.11,52228,USD,Tanker
2025-01-21,Basra Light,REF_005,89.26,5.43,94.7,38146,USD,Tanker
2025-01-28,Basra Light,REF_005,90.54,4.86,95.4,20731,USD,Tanker
2025-02-04,Basra Light,REF_005,88.7,5.51,94.21,59782,USD,Tanker
2025-02-11,Basra Light,REF_005,88.43,4.86,93.29,96372,USD,Tanker
2025-02-18,Basra Light,REF_005,89.22,5.48,94.7,41603,USD,Tanker
2025-02-25,Basra Light,REF_005,89.94,4.95,94.88,57242,USD,Tanker
2025-03-04,Basra Light,REF_005,94.98,5.11,100.1,28967,USD,Tanker
2025-03-11,Basra Light,REF_005,93.43,5.27,98.7,58382,USD,Tanker
2025-03-18,Basra Light,REF_005,93.92,5.48,99.4,48444,USD,Tanker
2025-03-25,Basra Light,REF_005,95.39,5.53,100.92,37870,USD,Tanker
2025-04-01,Basra Light,REF_005,100.14,5.72,105.86,74582,USD,Tanker
2025-04-08,Basra Light,REF_005,102.4,4.81,107.21,77865,USD,Tanker
2025-04-15,Basra Light,REF_005,101.85,5.52,107.38,96780,USD,Tanker
2025-04-22,Basra Light,REF_005,98.46,4.84,103.3,16213,USD,Tanker
2025-04-29,Basra Light,REF_005,99.31,5.3,104.62,25376,USD,Tanker
2025-05-06,Basra Light,REF_005,99.99,4.84,104.83,51453,USD,Tanker
2025-05-13,Basra Light,REF_005,98.89,5.5,104.39,19518,USD,Tanker
2025-05-20,Basra Light,REF_005,96.69,4.99,101.68,45695,USD,Tanker
2025-05-27,Basra Light,REF_005,98.18,5.17,103.34,95196,USD,Tanker
2025-06-03,Basra Light,REF_005,96.23,5.03,101.26,93297,USD,Tanker
2025-06-10,Basra Light,REF_005,98.91,4.92,103.84,95299,USD,Tanker
2025-06-17,Basra Light,REF_005,103.65,5.01,108.66,59195,USD,Tanker
2025-06-24,Basra Light,REF_005,105.59,5.39,110.97,13003,USD,Tanker
2025-07-01,Basra Light,REF_005,104.37,5.19,109.56,48018,USD,Tanker
2025-07-08,Basra Light,REF_005,106.93,5.41,112.35,51394,USD,Tanker
2025-07-15,Basra Light,REF_005,108.94,5.66,114.61,16394,USD,Tanker
2025-07-22,Basra Light,REF_005,107.33,4.92,112.25,22300,USD,Tanker
2025-07-29,Basra Light,REF_005,111.27,5.16,116.43,37478,USD,Tanker
2025-08-05,Basra Light,REF_005,112.17,5.24,117.41,31727,USD,Tanker
2025-08-12,Basra Light,REF_005,111.78,5.69,117.48,68605,USD,Tanker
2025-08-19,Basra Light,REF_005,113.29,5.49,118.79,57917,USD,Tanker
2025-08-26,Basra Light,REF_005,113.32,4.69,118.01,47263,USD,Tanker
2025-09-02,Basra Light,REF_005,112.03,4.74,116.77,64734,USD,Tanker
2025-09-09,Basra Light,REF_005,113.82,5.61,119.44,98990,USD,Tanker
2025-09-16,Basra Light,REF_005,116.65,4.89,121.54,70532,USD,Tanker
2025-09-23,Basra Light,REF_005,115.31,5.38,120.69,35399,USD,Tanker
2025-09-30,Basra Light,REF_005,111.05,5.36,116.41,97945,USD,Tanker
2025-10-07,Basra Light,REF_005,108.33,5.27,113.6,58993,USD,Tanker
2025-10-14,Basra Light,REF_005,110.86,5.56,116.42,18880,USD,Tanker
2025-10-21,Basra Light,REF_005,108.56,4.93,113.49,63374,USD,Tanker
2025-10-28,Basra Light,REF_005,108.08,5.18,113.26,82522,USD,Tanker
2025-11-04,Basra Light,REF_005,106.77,5.23,112.0,44206,USD,Tanker
2025-11-11,Basra Light,REF_005,106.04,5.22,111.26,82419,USD,Tanker
2025-11-18,Basra Light,REF_005,105.17,5.09,110.27,30502,USD,Tanker
2025-11-25,Basra Light,REF_005,104.07,5.23,109.3,16684,USD,Tanker
2025-12-02,Basra Light,REF_005,103.77,5.56,109.33,78692,USD,Tanker
2025-12-09,Basra Light,REF_005,104.31,5.6,109.91,10245,USD,Tanker
2025-12-16,Basra Light,REF_005,104.55,5.49,110.04,62675,USD,Tanker
2025-12-23,Basra Light,REF_005,101.1,4.88,105.99,89411,USD,Tanker
2025-12-30,Basra Light,REF_005,100.06,5.06,105.12,50336,USD,Tanker
2026-01-06,Basra Light,REF_005,101.93,5.33,107.26,47759,USD,Tanker
2026-01-13,Basra Light,REF_005,103.32,4.75,108.06,65052,USD,Tanker
2026-01-20,Basra Light,REF_005,100.78,5.24,106.02,10975,USD,Tanker
2026-01-27,Basra Light,REF_005,99.3,5.6,104.9,81250,USD,Tanker
2026-02-03,Basra Light,REF_005,100.6,4.83,105.43,72665,USD,Tanker
2026-02-10,Basra Light,REF_005,99.72,4.75,104.47,74277,USD,Tanker
2026-02-17,Basra Light,REF_005,100.65,5.14,105.79,22116,USD,Tanker
2026-02-24,Basra Light,REF_005,99.27,5.27,104.54,12223,USD,Tanker
2026-03-03,Basra Light,REF_005,97.7,5.71,103.41,81503,USD,Tanker
2026-03-10,Basra Light,REF_005,95.71,5.0,100.72,42846,USD,Tanker
2026-03-17,Basra Light,REF_005,98.55,5.39,103.94,58752,USD,Tanker
2026-03-24,Basra Light,REF_005,97.95,5.14,103.09,32884,USD,Tanker
2026-03-31,Basra Light,REF_005,100.95,5.14,106.09,57150,USD,Tanker
2026-04-07,Basra Light,REF_005,100.44,5.03,105.47,53694,USD,Tanker
