crude_name,date,price_usd_per_barrel,volume_traded,currency
WTI,2024-04-09,73.02,986357,USD
WTI,2024-04-10,72.77,855008,USD
WTI,2024-04-11,72.88,632147,USD
WTI,2024-04-12,75.07,459102,USD
WTI,2024-04-13,74.75,822568,USD
WTI,2024-04-14,73.9,104168,USD
WTI,2024-04-15,71.88,583656,USD
WTI,2024-04-16,68.57,927870,USD
WTI,2024-04-17,65.99,763751,USD
WTI,2024-04-18,63.4,506996,USD
WTI,2024-04-19,62.88,226771,USD
WTI,2024-04-20,59.87,258748,USD
WTI,2024-04-21,54.48,923361,USD
WTI,2024-04-22,54.37,426154,USD
WTI,2024-04-23,58.07,111785,USD
WTI,2024-04-24,60.32,697183,USD
WTI,2024-04-25,59.78,176814,USD
WTI,2024-04-26,57.57,997186,USD
WTI,2024-04-27,62.71,160368,USD
WTI,2024-04-28,62.83,774964,USD
WTI,2024-04-29,63.23,284625,USD
WTI,2024-04-30,62.94,271618,USD
WTI,2024-05-01,62.87,608357,USD
WTI,2024-05-02,61.79,159137,USD
WTI,2024-05-03,61.28,571951,USD
WTI,2024-05-04,64.29,496686,USD
WTI,2024-05-05,66.78,239716,USD
WTI,2024-05-06,62.63,263735,USD
WTI,2024-05-07,59.82,679599,USD
WTI,2024-05-08,58.26,467860,USD
WTI,2024-05-09,60.13,124386,USD
WTI,2024-05-10,62.68,299774,USD
WTI,2024-05-11,64.12,117739,USD
WTI,2024-05-12,61.86,193697,USD
WTI,2024-05-13,60.81,687471,USD
WTI,2024-05-14,61.79,314364,USD
WTI,2024-05-15,61.31,750040,USD
WTI,2024-05-16,60.56,870126,USD
WTI,2024-05-17,59.84,701276,USD
WTI,2024-05-18,62.16,284485,USD
WTI,2024-05-19,63.34,111701,USD
WTI,2024-05-20,62.72,176957,USD
WTI,2024-05-21,63.38,479282,USD
WTI,2024-05-22,60.87,903404,USD
WTI,2024-05-23,59.83,333481,USD
WTI,2024-05-24,61.93,441723,USD
WTI,2024-05-25,58.81,661734,USD
WTI,2024-05-26,60.02,468470,USD
WTI,2024-05-27,55.86,365019,USD
WTI,2024-05-28,59.25,953607,USD
WTI,2024-05-29,58.16,881621,USD
WTI,2024-05-30,58.96,538688,USD
WTI,2024-05-31,59.19,482692,USD
WTI,2024-06-01,59.49,120222,USD
WTI,2024-06-02,60.11,670130,USD
WTI,2024-06-03,56.69,332098,USD
WTI,2024-06-04,57.03,985961,USD
WTI,2024-06-05,56.66,573121,USD
WTI,2024-06-06,55.58,116551,USD
WTI,2024-06-07,54.02,922868,USD
WTI,2024-06-08,54.42,346649,USD
WTI,2024-06-09,52.46,598760,USD
WTI,2024-06-10,54.52,285779,USD
WTI,2024-06-11,55.46,109896,USD
WTI,2024-06-12,55.97,640465,USD
WTI,2024-06-13,57.94,698533,USD
WTI,2024-06-14,54.26,567025,USD
WTI,2024-06-15,51.7,142269,USD
WTI,2024-06-16,52.73,174518,USD
WTI,2024-06-17,51.28,642836,USD
WTI,2024-06-18,50.06,359824,USD
WTI,2024-06-19,47.25,420105,USD
WTI,2024-06-20,45.3,609764,USD
WTI,2024-06-21,47.4,528445,USD
WTI,2024-06-22,48.39,759314,USD
WTI,2024-06-23,48.76,293446,USD
WTI,2024-06-24,47.61,546729,USD
WTI,2024-06-25,47.85,637158,USD
WTI,2024-06-26,50.15,195938,USD
WTI,2024-06-27,48.74,167624,USD
WTI,2024-06-28,48.67,719562,USD
WTI,2024-06-29,52.22,491344,USD
WTI,2024-06-30,53.63,819474,USD
WTI,2024-07-01,52.51,725226,USD
WTI,2024-07-02,53.75,424876,USD
WTI,2024-07-03,50.61,182423,USD
WTI,2024-07-04,50.46,266619,USD
WTI,2024-07-05,51.7,587710,USD
WTI,2024-07-06,52.46,825905,USD
WTI,2024-07-07,53.68,692905,USD
WTI,2024-07-08,55.35,324701,USD
WTI,2024-07-09,56.27,540482,USD
WTI,2024-07-10,57.13,262517,USD
WTI,2024-07-11,57.54,611150,USD
WTI,2024-07-12,55.38,931956,USD
WTI,2024-07-13,57.49,973952,USD
WTI,2024-07-14,57.41,875838,USD
WTI,2024-07-15,58.77,860094,USD
WTI,2024-07-16,60.65,133306,USD
WTI,2024-07-17,59.62,636642,USD
WTI,2024-07-18,58.75,169257,USD
WTI,2024-07-19,58.13,726659,USD
WTI,2024-07-20,60.64,158820,USD
WTI,2024-07-21,58.85,383761,USD
WTI,2024-07-22,61.75,386877,USD
WTI,2024-07-23,62.14,663302,USD
WTI,2024-07-24,62.67,309663,USD
WTI,2024-07-25,64.45,121960,USD
WTI,2024-07-26,64.62,945160,USD
WTI,2024-07-27,66.75,818904,USD
WTI,2024-07-28,65.71,531888,USD
WTI,2024-07-29,68.53,664754,USD
WTI,2024-07-30,67.64,479221,USD
WTI,2024-07-31,70.55,763824,USD
WTI,2024-08-01,69.71,419159,USD
WTI,2024-08-02,69.14,358515,USD
WTI,2024-08-03,67.14,137883,USD
WTI,2024-08-04,65.6,116086,USD
WTI,2024-08-05,65.53,445893,USD
WTI,2024-08-06,66.0,711682,USD
WTI,2024-08-07,67.97,950258,USD
WTI,2024-08-08,67.54,520661,USD
WTI,2024-08-09,65.29,992051,USD
WTI,2024-08-10,66.06,308504,USD
WTI,2024-08-11,66.39,646963,USD
WTI,2024-08-12,67.38,561419,USD
WTI,2024-08-13,66.1,298437,USD
WTI,2024-08-14,65.04,267794,USD
WTI,2024-08-15,63.76,152058,USD
WTI,2024-08-16,66.14,972192,USD
WTI,2024-08-17,68.98,726418,USD
WTI,2024-08-18,67.84,238506,USD
WTI,2024-08-19,66.74,301435,USD
WTI,2024-08-20,68.0,583276,USD
WTI,2024-08-21,71.1,182338,USD
WTI,2024-08-22,74.69,889714,USD
WTI,2024-08-23,73.46,899873,USD
WTI,2024-08-24,72.69,960086,USD
WTI,2024-08-25,73.26,689717,USD
WTI,2024-08-26,73.93,595771,USD
WTI,2024-08-27,73.58,435419,USD
WTI,2024-08-28,71.98,333778,USD
WTI,2024-08-29,71.91,172941,USD
WTI,2024-08-30,75.5,298164,USD
WTI,2024-08-31,74.47,866086,USD
WTI,2024-09-01,74.91,545631,USD
WTI,2024-09-02,79.97,842212,USD
WTI,2024-09-03,78.91,413028,USD
WTI,2024-09-04,80.27,340325,USD
WTI,2024-09-05,83.96,890766,USD
WTI,2024-09-06,85.14,865523,USD
WTI,2024-09-07,87.36,880564,USD
WTI,2024-09-08,89.0,727724,USD
WTI,2024-09-09,90.02,712126,USD
WTI,2024-09-10,92.78,242744,USD
WTI,2024-09-11,94.08,892783,USD
WTI,2024-09-12,93.75,401606,USD
WTI,2024-09-13,94.04,769157,USD
WTI,2024-09-14,94.78,848920,USD
WTI,2024-09-15,93.99,556720,USD
WTI,2024-09-16,94.37,668632,USD
WTI,2024-09-17,94.46,333823,USD
WTI,2024-09-18,95.76,801860,USD
WTI,2024-09-19,100.08,196282,USD
WTI,2024-09-20,100.58,966692,USD
WTI,2024-09-21,103.74,407684,USD
WTI,2024-09-22,104.95,192258,USD
WTI,2024-09-23,105.32,943505,USD
WTI,2024-09-24,104.43,370867,USD
WTI,2024-09-25,104.82,737354,USD
WTI,2024-09-26,105.09,411294,USD
WTI,2024-09-27,103.69,658823,USD
WTI,2024-09-28,102.57,782436,USD
WTI,2024-09-29,103.32,122128,USD
WTI,2024-09-30,106.45,714965,USD
WTI,2024-10-01,106.32,501312,USD
WTI,2024-10-02,103.43,247261,USD
WTI,2024-10-03,99.03,815328,USD
WTI,2024-10-04,96.99,174142,USD
WTI,2024-10-05,98.4,712449,USD
WTI,2024-10-06,95.84,955777,USD
WTI,2024-10-07,97.59,235952,USD
WTI,2024-10-08,98.89,477754,USD
WTI,2024-10-09,98.69,674673,USD
WTI,2024-10-10,95.64,985579,USD
WTI,2024-10-11,94.25,468400,USD
WTI,2024-10-12,93.77,291794,USD
WTI,2024-10-13,94.48,128020,USD
WTI,2024-10-14,91.97,877922,USD
WTI,2024-10-15,94.86,525888,USD
WTI,2024-10-16,95.55,793829,USD
WTI,2024-10-17,96.46,860304,USD
WTI,2024-10-18,97.74,218120,USD
WTI,2024-10-19,100.4,129273,USD
WTI,2024-10-20,100.8,816883,USD
WTI,2024-10-21,102.21,533370,USD
WTI,2024-10-22,100.86,280472,USD
WTI,2024-10-23,104.46,542435,USD
WTI,2024-10-24,104.72,342094,USD
WTI,2024-10-25,103.36,817803,USD
WTI,2024-10-26,102.46,110458,USD
WTI,2024-10-27,98.69,165202,USD
WTI,2024-10-28,97.78,640018,USD
WTI,2024-10-29,92.93,362496,USD
WTI,2024-10-30,94.5,801865,USD
WTI,2024-10-31,95.36,135656,USD
WTI,2024-11-01,93.42,317840,USD
WTI,2024-11-02,93.33,987996,USD
WTI,2024-11-03,93.32,656340,USD
WTI,2024-11-04,91.0,732218,USD
WTI,2024-11-05,90.56,393815,USD
WTI,2024-11-06,90.61,565940,USD
WTI,2024-11-07,90.12,129882,USD
WTI,2024-11-08,88.76,170720,USD
WTI,2024-11-09,86.75,610786,USD
WTI,2024-11-10,86.19,720518,USD
WTI,2024-11-11,85.05,250734,USD
WTI,2024-11-12,86.19,194111,USD
WTI,2024-11-13,88.99,128427,USD
WTI,2024-11-14,90.84,942591,USD
WTI,2024-11-15,90.96,738154,USD
WTI,2024-11-16,89.67,883872,USD
WTI,2024-11-17,91.46,405505,USD
WTI,2024-11-18,92.73,833342,USD
WTI,2024-11-19,95.36,507086,USD
WTI,2024-11-20,95.76,679219,USD
WTI,2024-11-21,99.23,173466,USD
WTI,2024-11-22,99.63,154316,USD
WTI,2024-11-23,98.32,884605,USD
WTI,2024-11-24,97.35,297292,USD
WTI,2024-11-25,98.4,692836,USD
WTI,2024-11-26,97.25,548376,USD
WTI,2024-11-27,100.71,305609,USD
WTI,2024-11-28,101.58,996700,USD
WTI,2024-11-29,101.66,279588,USD
WTI,2024-11-30,101.9,712205,USD
WTI,2024-12-01,101.38,881445,USD
WTI,2024-12-02,98.04,754452,USD
WTI,2024-12-03,97.08,411341,USD
WTI,2024-12-04,100.23,433934,USD
WTI,2024-12-05,100.68,494753,USD
WTI,2024-12-06,102.77,752731,USD
WTI,2024-12-07,104.93,910631,USD
WTI,2024-12-08,104.85,479548,USD
WTI,2024-12-09,106.15,921127,USD
WTI,2024-12-10,103.0,289595,USD
WTI,2024-12-11,105.95,759801,USD
WTI,2024-12-12,108.71,218410,USD
WTI,2024-12-13,109.7,261714,USD
WTI,2024-12-14,110.22,313788,USD
WTI,2024-12-15,110.17,322507,USD
WTI,2024-12-16,112.52,883674,USD
WTI,2024-12-17,114.06,423310,USD
WTI,2024-12-18,108.36,633655,USD
WTI,2024-12-19,107.64,972471,USD
WTI,2024-12-20,105.4,332320,USD
WTI,2024-12-21,102.81,796125,USD
WTI,2024-12-22,105.13,217786,USD
WTI,2024-12-23,105.04,312445,USD
WTI,2024-12-24,105.99,166147,USD
WTI,2024-12-25,106.15,403302,USD
WTI,2024-12-26,103.58,845995,USD
WTI,2024-12-27,100.47,655430,USD
WTI,2024-12-28,99.61,736099,USD
WTI,2024-12-29,98.91,133004,USD
WTI,2024-12-30,98.22,762761,USD
WTI,2024-12-31,97.57,859753,USD
WTI,2025-01-01,101.73,825103,USD
WTI,2025-01-02,103.79,285257,USD
WTI,2025-01-03,104.26,200727,USD
WTI,2025-01-04,104.12,578052,USD
WTI,2025-01-05,104.05,942945,USD
WTI,2025-01-06,105.51,384540,USD
WTI,2025-01-07,105.35,556511,USD
WTI,2025-01-08,107.18,509265,USD
WTI,2025-01-09,107.88,564036,USD
WTI,2025-01-10,112.05,225686,USD
WTI,2025-01-11,111.77,126976,USD
WTI,2025-01-12,113.99,281668,USD
WTI,2025-01-13,111.91,706089,USD
WTI,2025-01-14,110.66,881328,USD
WTI,2025-01-15,114.49,259434,USD
WTI,2025-01-16,116.23,950152,USD
WTI,2025-01-17,117.22,714923,USD
WTI,2025-01-18,120.0,882014,USD
WTI,2025-01-19,119.88,613548,USD
WTI,2025-01-20,120.0,294107,USD
WTI,2025-01-21,120.0,692996,USD
WTI,2025-01-22,120.0,195933,USD
WTI,2025-01-23,117.71,692060,USD
WTI,2025-01-24,117.58,883678,USD
WTI,2025-01-25,118.24,804146,USD
WTI,2025-01-26,120.0,890664,USD
WTI,2025-01-27,120.0,463726,USD
WTI,2025-01-28,120.0,827061,USD
WTI,2025-01-29,117.54,786056,USD
WTI,2025-01-30,116.95,836050,USD
WTI,2025-01-31,119.7,208188,USD
WTI,2025-02-01,119.35,392127,USD
WTI,2025-02-02,119.39,429815,USD
WTI,2025-02-03,120.0,449702,USD
WTI,2025-02-04,118.31,503824,USD
WTI,2025-02-05,117.03,304542,USD
WTI,2025-02-06,114.38,165876,USD
WTI,2025-02-07,117.67,657541,USD
WTI,2025-02-08,119.69,517144,USD
WTI,2025-02-09,120.0,567173,USD
WTI,2025-02-10,119.35,531263,USD
WTI,2025-02-11,116.57,622155,USD
WTI,2025-02-12,113.28,580242,USD
WTI,2025-02-13,116.05,831687,USD
WTI,2025-02-14,117.18,746310,USD
WTI,2025-02-15,118.69,319134,USD
WTI,2025-02-16,119.26,934331,USD
WTI,2025-02-17,117.75,537284,USD
WTI,2025-02-18,117.19,331098,USD
WTI,2025-02-19,115.21,822723,USD
WTI,2025-02-20,113.0,585245,USD
WTI,2025-02-21,114.84,744535,USD
WTI,2025-02-22,111.7,345361,USD
WTI,2025-02-23,109.73,263034,USD
WTI,2025-02-24,109.28,713006,USD
WTI,2025-02-25,109.5,738141,USD
WTI,2025-02-26,106.83,196189,USD
WTI,2025-02-27,103.64,966634,USD
WTI,2025-02-28,104.52,535191,USD
WTI,2025-03-01,104.97,139071,USD
WTI,2025-03-02,107.7,669836,USD
WTI,2025-03-03,107.94,837269,USD
WTI,2025-03-04,109.03,895785,USD
WTI,2025-03-05,107.63,649882,USD
WTI,2025-03-06,106.3,469925,USD
WTI,2025-03-07,103.81,802472,USD
WTI,2025-03-08,102.43,347325,USD
WTI,2025-03-09,101.84,700794,USD
WTI,2025-03-10,104.33,185981,USD
WTI,2025-03-11,102.66,627947,USD
WTI,2025-03-12,106.95,251212,USD
WTI,2025-03-13,108.22,295065,USD
WTI,2025-03-14,109.05,186143,USD
WTI,2025-03-15,109.13,646384,USD
WTI,2025-03-16,108.84,592027,USD
WTI,2025-03-17,107.73,635028,USD
WTI,2025-03-18,104.99,547090,USD
WTI,2025-03-19,103.38,485379,USD
WTI,2025-03-20,106.66,745837,USD
WTI,2025-03-21,107.79,346744,USD
WTI,2025-03-22,111.05,171477,USD
WTI,2025-03-23,109.89,303990,USD
WTI,2025-03-24,107.86,419496,USD
WTI,2025-03-25,107.93,160851,USD
WTI,2025-03-26,106.39,820320,USD
WTI,2025-03-27,106.85,892071,USD
WTI,2025-03-28,103.74,685789,USD
WTI,2025-03-29,99.76,399701,USD
WTI,2025-03-30,100.5,702538,USD
WTI,2025-03-31,103.85,518685,USD
WTI,2025-04-01,104.69,154128,USD
WTI,2025-04-02,105.8,257772,USD
WTI,2025-04-03,105.96,721004,USD
WTI,2025-04-04,106.29,187008,USD
WTI,2025-04-05,103.47,505333,USD
WTI,2025-04-06,102.0,698420,USD
WTI,2025-04-07,104.47,815904,USD
WTI,2025-04-08,102.28,993235,USD
WTI,2025-04-09,101.65,934300,USD
WTI,2025-04-10,104.08,568862,USD
WTI,2025-04-11,104.36,661227,USD
WTI,2025-04-12,104.74,214942,USD
WTI,2025-04-13,104.13,843460,USD
WTI,2025-04-14,105.54,132544,USD
WTI,2025-04-15,107.46,372815,USD
WTI,2025-04-16,105.88,178878,USD
WTI,2025-04-17,103.22,943262,USD
WTI,2025-04-18,99.55,457283,USD
WTI,2025-04-19,100.56,502482,USD
WTI,2025-04-20,101.34,927452,USD
WTI,2025-04-21,106.33,547267,USD
WTI,2025-04-22,106.49,442560,USD
WTI,2025-04-23,106.29,890176,USD
WTI,2025-04-24,106.83,811027,USD
WTI,2025-04-25,107.47,374211,USD
WTI,2025-04-26,107.12,256172,USD
WTI,2025-04-27,105.61,725455,USD
WTI,2025-04-28,105.67,676874,USD
WTI,2025-04-29,105.65,840232,USD
WTI,2025-04-30,105.6,645627,USD
WTI,2025-05-01,107.23,788328,USD
WTI,2025-05-02,107.25,458796,USD
WTI,2025-05-03,104.63,231736,USD
WTI,2025-05-04,103.41,123230,USD
WTI,2025-05-05,103.04,221649,USD
WTI,2025-05-06,103.15,969239,USD
WTI,2025-05-07,104.21,489248,USD
WTI,2025-05-08,104.34,495560,USD
WTI,2025-05-09,100.39,195098,USD
WTI,2025-05-10,97.97,657629,USD
WTI,2025-05-11,99.17,685180,USD
WTI,2025-05-12,98.74,152347,USD
WTI,2025-05-13,101.72,995379,USD
WTI,2025-05-14,102.02,985311,USD
WTI,2025-05-15,101.35,315262,USD
WTI,2025-05-16,100.12,722945,USD
WTI,2025-05-17,99.51,156062,USD
WTI,2025-05-18,99.84,832573,USD
WTI,2025-05-19,99.84,653697,USD
WTI,2025-05-20,101.74,574337,USD
WTI,2025-05-21,98.77,483475,USD
WTI,2025-05-22,96.04,430983,USD
WTI,2025-05-23,95.59,472716,USD
WTI,2025-05-24,96.67,792374,USD
WTI,2025-05-25,98.19,109928,USD
WTI,2025-05-26,97.04,117273,USD
WTI,2025-05-27,91.85,333831,USD
WTI,2025-05-28,90.76,581779,USD
WTI,2025-05-29,91.55,293681,USD
WTI,2025-05-30,91.51,198762,USD
WTI,2025-05-31,92.67,593163,USD
WTI,2025-06-01,95.07,188274,USD
WTI,2025-06-02,94.75,539417,USD
WTI,2025-06-03,93.86,763621,USD
WTI,2025-06-04,92.09,528416,USD
WTI,2025-06-05,89.35,513502,USD
WTI,2025-06-06,86.12,806514,USD
WTI,2025-06-07,84.78,719321,USD
WTI,2025-06-08,86.86,493842,USD
WTI,2025-06-09,88.22,134583,USD
WTI,2025-06-10,87.24,911585,USD
WTI,2025-06-11,91.56,693418,USD
WTI,2025-06-12,90.35,905605,USD
WTI,2025-06-13,92.95,159986,USD
WTI,2025-06-14,96.07,566567,USD
WTI,2025-06-15,96.99,560999,USD
WTI,2025-06-16,95.64,712205,USD
WTI,2025-06-17,94.91,164131,USD
WTI,2025-06-18,95.28,110897,USD
WTI,2025-06-19,92.58,414732,USD
WTI,2025-06-20,90.64,797188,USD
WTI,2025-06-21,88.55,256698,USD
WTI,2025-06-22,89.62,188556,USD
WTI,2025-06-23,91.99,338541,USD
WTI,2025-06-24,93.43,118850,USD
WTI,2025-06-25,95.42,662197,USD
WTI,2025-06-26,93.91,443745,USD
WTI,2025-06-27,93.26,653511,USD
WTI,2025-06-28,92.76,797170,USD
WTI,2025-06-29,93.67,137756,USD
WTI,2025-06-30,98.0,971639,USD
WTI,2025-07-01,96.71,981973,USD
WTI,2025-07-02,98.57,641693,USD
WTI,2025-07-03,101.63,830592,USD
WTI,2025-07-04,102.64,690830,USD
WTI,2025-07-05,101.91,935275,USD
WTI,2025-07-06,100.23,302154,USD
WTI,2025-07-07,98.14,495464,USD
WTI,2025-07-08,94.21,651645,USD
WTI,2025-07-09,93.77,898232,USD
WTI,2025-07-10,93.22,681229,USD
WTI,2025-07-11,94.94,875232,USD
WTI,2025-07-12,93.77,861862,USD
WTI,2025-07-13,93.44,779537,USD
WTI,2025-07-14,94.0,514485,USD
WTI,2025-07-15,94.98,798802,USD
WTI,2025-07-16,96.45,690545,USD
WTI,2025-07-17,96.82,986202,USD
WTI,2025-07-18,94.22,943649,USD
WTI,2025-07-19,95.02,836006,USD
WTI,2025-07-20,93.72,292160,USD
WTI,2025-07-21,96.2,759521,USD
WTI,2025-07-22,96.24,588013,USD
WTI,2025-07-23,96.72,367793,USD
WTI,2025-07-24,101.92,608519,USD
WTI,2025-07-25,103.43,672662,USD
WTI,2025-07-26,104.19,785009,USD
WTI,2025-07-27,103.91,108398,USD
WTI,2025-07-28,101.47,322010,USD
WTI,2025-07-29,101.05,820063,USD
WTI,2025-07-30,99.35,283632,USD
WTI,2025-07-31,102.69,654386,USD
WTI,2025-08-01,103.48,269222,USD
WTI,2025-08-02,105.87,598803,USD
WTI,2025-08-03,104.65,104706,USD
WTI,2025-08-04,103.08,962266,USD
WTI,2025-08-05,104.38,431146,USD
WTI,2025-08-06,102.6,375043,USD
WTI,2025-08-07,101.73,888985,USD
WTI,2025-08-08,105.18,897576,USD
WTI,2025-08-09,104.38,633739,USD
WTI,2025-08-10,101.54,726056,USD
WTI,2025-08-11,98.02,102896,USD
WTI,2025-08-12,94.97,814777,USD
WTI,2025-08-13,97.5,183691,USD
WTI,2025-08-14,96.39,678092,USD
WTI,2025-08-15,101.51,158368,USD
WTI,2025-08-16,104.59,604594,USD
WTI,2025-08-17,108.61,643138,USD
WTI,2025-08-18,110.65,342838,USD
WTI,2025-08-19,111.84,842544,USD
WTI,2025-08-20,110.2,152695,USD
WTI,2025-08-21,110.2,400814,USD
WTI,2025-08-22,111.59,809753,USD
WTI,2025-08-23,113.5,565542,USD
WTI,2025-08-24,111.22,395373,USD
WTI,2025-08-25,110.83,490617,USD
WTI,2025-08-26,110.66,638402,USD
WTI,2025-08-27,110.42,762096,USD
WTI,2025-08-28,108.37,672559,USD
WTI,2025-08-29,112.08,807086,USD
WTI,2025-08-30,111.63,855822,USD
WTI,2025-08-31,109.71,445449,USD
WTI,2025-09-01,113.48,266028,USD
WTI,2025-09-02,116.56,426011,USD
WTI,2025-09-03,116.85,368853,USD
WTI,2025-09-04,113.31,946611,USD
WTI,2025-09-05,112.38,885457,USD
WTI,2025-09-06,109.19,857740,USD
WTI,2025-09-07,110.21,512368,USD
WTI,2025-09-08,109.15,534671,USD
WTI,2025-09-09,109.09,493165,USD
WTI,2025-09-10,112.64,756557,USD
WTI,2025-09-11,111.43,649202,USD
WTI,2025-09-12,112.37,221818,USD
WTI,2025-09-13,113.9,960953,USD
WTI,2025-09-14,116.36,162062,USD
WTI,2025-09-15,116.16,335535,USD
WTI,2025-09-16,115.75,322280,USD
WTI,2025-09-17,115.3,344754,USD
WTI,2025-09-18,116.03,783458,USD
WTI,2025-09-19,119.02,158829,USD
WTI,2025-09-20,118.47,538814,USD
WTI,2025-09-21,113.63,412608,USD
WTI,2025-09-22,115.39,909850,USD
WTI,2025-09-23,115.53,943140,USD
WTI,2025-09-24,116.56,147032,USD
WTI,2025-09-25,113.43,757738,USD
WTI,2025-09-26,112.38,983167,USD
WTI,2025-09-27,113.97,278287,USD
WTI,2025-09-28,111.46,608797,USD
WTI,2025-09-29,112.39,647674,USD
WTI,2025-09-30,112.32,414555,USD
WTI,2025-10-01,110.85,865554,USD
WTI,2025-10-02,109.23,605100,USD
WTI,2025-10-03,107.2,874125,USD
WTI,2025-10-04,107.32,750532,USD
WTI,2025-10-05,107.67,589184,USD
WTI,2025-10-06,106.94,173552,USD
WTI,2025-10-07,104.79,249197,USD
WTI,2025-10-08,98.95,951128,USD
WTI,2025-10-09,99.83,516066,USD
WTI,2025-10-10,101.63,470588,USD
WTI,2025-10-11,102.87,156045,USD
WTI,2025-10-12,106.99,561252,USD
WTI,2025-10-13,106.62,146760,USD
WTI,2025-10-14,109.37,807650,USD
WTI,2025-10-15,108.08,248235,USD
WTI,2025-10-16,106.48,397193,USD
WTI,2025-10-17,106.73,284393,USD
WTI,2025-10-18,109.97,890047,USD
WTI,2025-10-19,109.39,986490,USD
WTI,2025-10-20,106.26,794811,USD
WTI,2025-10-21,108.03,584831,USD
WTI,2025-10-22,107.88,548031,USD
WTI,2025-10-23,108.47,839892,USD
WTI,2025-10-24,106.97,442378,USD
WTI,2025-10-25,107.2,358424,USD
WTI,2025-10-26,104.32,813568,USD
WTI,2025-10-27,108.07,818122,USD
WTI,2025-10-28,110.23,456373,USD
WTI,2025-10-29,110.36,242159,USD
WTI,2025-10-30,112.07,726309,USD
WTI,2025-10-31,110.78,871461,USD
WTI,2025-11-01,112.84,915528,USD
WTI,2025-11-02,112.17,265802,USD
WTI,2025-11-03,111.36,904590,USD
WTI,2025-11-04,109.45,496291,USD
WTI,2025-11-05,110.3,653768,USD
WTI,2025-11-06,110.35,970413,USD
WTI,2025-11-07,113.17,475984,USD
WTI,2025-11-08,111.05,893734,USD
WTI,2025-11-09,111.9,484740,USD
WTI,2025-11-10,114.28,747418,USD
WTI,2025-11-11,119.46,901232,USD
WTI,2025-11-12,119.85,268670,USD
WTI,2025-11-13,119.14,872359,USD
WTI,2025-11-14,119.48,739218,USD
WTI,2025-11-15,120.0,382915,USD
WTI,2025-11-16,120.0,513338,USD
WTI,2025-11-17,119.76,422018,USD
WTI,2025-11-18,120.0,401687,USD
WTI,2025-11-19,119.95,256385,USD
WTI,2025-11-20,120.0,190573,USD
WTI,2025-11-21,120.0,315886,USD
WTI,2025-11-22,119.22,505315,USD
WTI,2025-11-23,117.37,773943,USD
WTI,2025-11-24,119.81,417137,USD
WTI,2025-11-25,120.0,857302,USD
WTI,2025-11-26,120.0,670727,USD
WTI,2025-11-27,119.95,213638,USD
WTI,2025-11-28,117.59,717694,USD
WTI,2025-11-29,119.97,162677,USD
WTI,2025-11-30,120.0,304461,USD
WTI,2025-12-01,119.48,853337,USD
WTI,2025-12-02,120.0,724735,USD
WTI,2025-12-03,117.31,561389,USD
WTI,2025-12-04,115.31,129870,USD
WTI,2025-12-05,113.95,373551,USD
WTI,2025-12-06,114.98,884084,USD
WTI,2025-12-07,115.34,789458,USD
WTI,2025-12-08,116.61,334258,USD
WTI,2025-12-09,118.83,916475,USD
WTI,2025-12-10,120.0,199890,USD
WTI,2025-12-11,120.0,502349,USD
WTI,2025-12-12,120.0,591983,USD
WTI,2025-12-13,119.76,442360,USD
WTI,2025-12-14,118.69,765913,USD
WTI,2025-12-15,118.51,926268,USD
WTI,2025-12-16,119.93,362996,USD
WTI,2025-12-17,119.06,919693,USD
WTI,2025-12-18,120.0,116205,USD
WTI,2025-12-19,120.0,966529,USD
WTI,2025-12-20,118.13,846455,USD
WTI,2025-12-21,120.0,353369,USD
WTI,2025-12-22,120.0,186881,USD
WTI,2025-12-23,120.0,317704,USD
WTI,2025-12-24,119.96,371138,USD
WTI,2025-12-25,119.35,638521,USD
WTI,2025-12-26,117.25,768873,USD
WTI,2025-12-27,115.11,143328,USD
WTI,2025-12-28,117.01,903072,USD
WTI,2025-12-29,120.0,266797,USD
WTI,2025-12-30,119.79,815120,USD
WTI,2025-12-31,119.45,131203,USD
WTI,2026-01-01,119.59,157276,USD
WTI,2026-01-02,120.0,848236,USD
WTI,2026-01-03,118.15,184471,USD
WTI,2026-01-04,118.62,918664,USD
WTI,2026-01-05,120.0,891081,USD
WTI,2026-01-06,120.0,614595,USD
WTI,2026-01-07,114.59,385251,USD
WTI,2026-01-08,115.95,491136,USD
WTI,2026-01-09,116.97,903270,USD
WTI,2026-01-10,119.72,499042,USD
WTI,2026-01-11,120.0,632527,USD
WTI,2026-01-12,120.0,732370,USD
WTI,2026-01-13,120.0,193802,USD
WTI,2026-01-14,116.8,446060,USD
WTI,2026-01-15,120.0,955477,USD
WTI,2026-01-16,119.65,640585,USD
WTI,2026-01-17,119.74,670693,USD
WTI,2026-01-18,120.0,163838,USD
WTI,2026-01-19,118.52,525244,USD
WTI,2026-01-20,115.88,141083,USD
WTI,2026-01-21,115.02,974379,USD
WTI,2026-01-22,113.63,398212,USD
WTI,2026-01-23,110.82,649702,USD
WTI,2026-01-24,110.65,352614,USD
WTI,2026-01-25,110.82,104955,USD
WTI,2026-01-26,107.9,106897,USD
WTI,2026-01-27,107.28,822327,USD
WTI,2026-01-28,105.78,614843,USD
WTI,2026-01-29,102.03,938578,USD
WTI,2026-01-30,102.26,457313,USD
WTI,2026-01-31,102.69,202454,USD
WTI,2026-02-01,101.18,410700,USD
WTI,2026-02-02,103.33,544191,USD
WTI,2026-02-03,103.38,732032,USD
WTI,2026-02-04,101.96,479645,USD
WTI,2026-02-05,98.93,469918,USD
WTI,2026-02-06,99.47,647114,USD
WTI,2026-02-07,100.48,378435,USD
WTI,2026-02-08,99.52,331846,USD
WTI,2026-02-09,99.81,153572,USD
WTI,2026-02-10,103.04,203038,USD
WTI,2026-02-11,104.83,445454,USD
WTI,2026-02-12,100.53,208922,USD
WTI,2026-02-13,99.09,477053,USD
WTI,2026-02-14,98.83,172162,USD
WTI,2026-02-15,98.98,419294,USD
WTI,2026-02-16,99.32,710802,USD
WTI,2026-02-17,100.2,425727,USD
WTI,2026-02-18,100.0,672486,USD
WTI,2026-02-19,100.04,921958,USD
WTI,2026-02-20,101.95,751575,USD
WTI,2026-02-21,102.52,208502,USD
WTI,2026-02-22,100.23,110535,USD
WTI,2026-02-23,100.45,479830,USD
WTI,2026-02-24,100.19,619479,USD
WTI,2026-02-25,96.43,139365,USD
WTI,2026-02-26,96.75,408850,USD
WTI,2026-02-27,94.69,756256,USD
WTI,2026-02-28,96.63,723243,USD
WTI,2026-03-01,97.49,486937,USD
WTI,2026-03-02,95.1,375682,USD
WTI,2026-03-03,96.94,810086,USD
WTI,2026-03-04,99.72,840180,USD
WTI,2026-03-05,99.22,871806,USD
WTI,2026-03-06,98.95,386980,USD
WTI,2026-03-07,100.58,623978,USD
WTI,2026-03-08,103.19,735027,USD
WTI,2026-03-09,99.86,719564,USD
WTI,2026-03-10,97.68,487476,USD
WTI,2026-03-11,96.86,228334,USD
WTI,2026-03-12,96.24,239013,USD
WTI,2026-03-13,97.8,122902,USD
WTI,2026-03-14,100.42,406543,USD
WTI,2026-03-15,103.21,164540,USD
WTI,2026-03-16,99.85,709408,USD
WTI,2026-03-17,98.23,645201,USD
WTI,2026-03-18,95.76,989232,USD
WTI,2026-03-19,94.58,508601,USD
WTI,2026-03-20,92.96,537030,USD
WTI,2026-03-21,93.81,124783,USD
WTI,2026-03-22,94.9,445786,USD
WTI,2026-03-23,94.91,135096,USD
WTI,2026-03-24,94.74,244022,USD
WTI,2026-03-25,94.0,121016,USD
WTI,2026-03-26,93.48,360320,USD
WTI,2026-03-27,96.68,910074,USD
WTI,2026-03-28,98.07,642648,USD
WTI,2026-03-29,97.4,844036,USD
WTI,2026-03-30,97.19,446960,USD
WTI,2026-03-31,98.08,406348,USD
WTI,2026-04-01,95.7,598340,USD
WTI,2026-04-02,95.98,587534,USD
WTI,2026-04-03,97.26,496397,USD
WTI,2026-04-04,98.26,372099,USD
WTI,2026-04-05,96.68,151882,USD
WTI,2026-04-06,95.44,408203,USD
WTI,2026-04-07,91.48,622420,USD
WTI,2026-04-08,92.98,225277,USD
WTI,2026-04-09,97.13,540008,USD
Brent,2024-04-09,73.16,461600,USD
Brent,2024-04-10,75.36,658594,USD
Brent,2024-04-11,79.28,281180,USD
Brent,2024-04-12,78.35,527991,USD
Brent,2024-04-13,78.14,588722,USD
Brent,2024-04-14,78.64,580047,USD
Brent,2024-04-15,79.58,882972,USD
Brent,2024-04-16,80.2,212338,USD
Brent,2024-04-17,79.41,814789,USD
Brent,2024-04-18,80.66,949637,USD
Brent,2024-04-19,79.92,233916,USD
Brent,2024-04-20,80.67,535066,USD
Brent,2024-04-21,80.61,877192,USD
Brent,2024-04-22,77.07,357205,USD
Brent,2024-04-23,79.59,282900,USD
Brent,2024-04-24,78.4,560147,USD
Brent,2024-04-25,81.15,543092,USD
Brent,2024-04-26,83.26,982665,USD
Brent,2024-04-27,83.71,466825,USD
Brent,2024-04-28,84.75,616176,USD
Brent,2024-04-29,86.04,960442,USD
Brent,2024-04-30,85.64,868565,USD
Brent,2024-05-01,85.34,495234,USD
Brent,2024-05-02,86.53,663933,USD
Brent,2024-05-03,80.65,933744,USD
Brent,2024-05-04,80.61,718949,USD
Brent,2024-05-05,79.83,750436,USD
Brent,2024-05-06,78.29,369456,USD
Brent,2024-05-07,79.1,422843,USD
Brent,2024-05-08,77.85,289634,USD
Brent,2024-05-09,79.57,961703,USD
Brent,2024-05-10,81.48,365157,USD
Brent,2024-05-11,82.51,112883,USD
Brent,2024-05-12,83.96,766428,USD
Brent,2024-05-13,84.99,228565,USD
Brent,2024-05-14,86.59,692686,USD
Brent,2024-05-15,88.1,789504,USD
Brent,2024-05-16,88.8,179744,USD
Brent,2024-05-17,90.94,538865,USD
Brent,2024-05-18,90.61,466395,USD
Brent,2024-05-19,89.13,159408,USD
Brent,2024-05-20,87.54,827411,USD
Brent,2024-05-21,86.92,952919,USD
Brent,2024-05-22,83.14,169175,USD
Brent,2024-05-23,83.56,550561,USD
Brent,2024-05-24,84.88,145203,USD
Brent,2024-05-25,86.76,165611,USD
Brent,2024-05-26,83.54,309145,USD
Brent,2024-05-27,82.02,352904,USD
Brent,2024-05-28,83.68,389346,USD
Brent,2024-05-29,83.29,528793,USD
Brent,2024-05-30,84.56,981083,USD
Brent,2024-05-31,82.08,643143,USD
Brent,2024-06-01,84.8,210628,USD
Brent,2024-06-02,82.18,899793,USD
Brent,2024-06-03,76.15,627278,USD
Brent,2024-06-04,76.51,662305,USD
Brent,2024-06-05,76.93,317738,USD
Brent,2024-06-06,75.95,742557,USD
Brent,2024-06-07,76.9,597250,USD
Brent,2024-06-08,77.91,568152,USD
Brent,2024-06-09,78.7,344268,USD
Brent,2024-06-10,77.68,547025,USD
Brent,2024-06-11,76.29,666601,USD
Brent,2024-06-12,75.47,148898,USD
Brent,2024-06-13,73.83,100121,USD
Brent,2024-06-14,76.07,560016,USD
Brent,2024-06-15,75.41,855404,USD
Brent,2024-06-16,75.72,103437,USD
Brent,2024-06-17,77.37,384643,USD
Brent,2024-06-18,75.64,191703,USD
Brent,2024-06-19,72.95,858440,USD
Brent,2024-06-20,71.31,382013,USD
Brent,2024-06-21,71.83,490435,USD
Brent,2024-06-22,72.22,918948,USD
Brent,2024-06-23,73.0,180360,USD
Brent,2024-06-24,72.8,718317,USD
Brent,2024-06-25,67.92,669440,USD
Brent,2024-06-26,67.65,733471,USD
Brent,2024-06-27,69.58,969442,USD
Brent,2024-06-28,72.05,784934,USD
Brent,2024-06-29,72.23,368246,USD
Brent,2024-06-30,72.62,194828,USD
Brent,2024-07-01,73.86,143367,USD
Brent,2024-07-02,76.26,424045,USD
Brent,2024-07-03,76.26,489456,USD
Brent,2024-07-04,77.47,511929,USD
Brent,2024-07-05,76.37,432831,USD
Brent,2024-07-06,73.92,147119,USD
Brent,2024-07-07,73.02,839961,USD
Brent,2024-07-08,75.92,865313,USD
Brent,2024-07-09,77.17,525053,USD
Brent,2024-07-10,74.89,892141,USD
Brent,2024-07-11,76.23,646976,USD
Brent,2024-07-12,74.09,365771,USD
Brent,2024-07-13,74.84,764737,USD
Brent,2024-07-14,73.04,384064,USD
Brent,2024-07-15,70.66,741886,USD
Brent,2024-07-16,73.94,279293,USD
Brent,2024-07-17,73.29,431007,USD
Brent,2024-07-18,74.49,152282,USD
Brent,2024-07-19,74.57,340833,USD
Brent,2024-07-20,72.57,851932,USD
Brent,2024-07-21,72.11,543578,USD
Brent,2024-07-22,70.12,463860,USD
Brent,2024-07-23,74.95,108931,USD
Brent,2024-07-24,76.52,517685,USD
Brent,2024-07-25,76.56,709788,USD
Brent,2024-07-26,77.66,380677,USD
Brent,2024-07-27,79.09,569166,USD
Brent,2024-07-28,80.52,978412,USD
Brent,2024-07-29,81.87,208186,USD
Brent,2024-07-30,83.05,339024,USD
Brent,2024-07-31,83.26,413286,USD
Brent,2024-08-01,86.36,434565,USD
Brent,2024-08-02,86.68,862354,USD
Brent,2024-08-03,86.79,121235,USD
Brent,2024-08-04,87.13,802338,USD
Brent,2024-08-05,87.62,512196,USD
Brent,2024-08-06,84.42,159125,USD
Brent,2024-08-07,82.76,305411,USD
Brent,2024-08-08,82.56,772699,USD
Brent,2024-08-09,79.27,526428,USD
Brent,2024-08-10,79.31,966491,USD
Brent,2024-08-11,79.77,168044,USD
Brent,2024-08-12,77.25,276249,USD
Brent,2024-08-13,76.02,226722,USD
Brent,2024-08-14,78.58,620468,USD
Brent,2024-08-15,79.7,232266,USD
Brent,2024-08-16,80.69,449349,USD
Brent,2024-08-17,82.97,706717,USD
Brent,2024-08-18,81.35,925737,USD
Brent,2024-08-19,78.84,361454,USD
Brent,2024-08-20,80.81,736949,USD
Brent,2024-08-21,80.66,155982,USD
Brent,2024-08-22,78.99,220847,USD
Brent,2024-08-23,83.17,962140,USD
Brent,2024-08-24,79.95,550543,USD
Brent,2024-08-25,80.32,711658,USD
Brent,2024-08-26,79.94,826268,USD
Brent,2024-08-27,79.23,513698,USD
Brent,2024-08-28,74.8,139509,USD
Brent,2024-08-29,77.87,249174,USD
Brent,2024-08-30,75.02,144981,USD
Brent,2024-08-31,74.49,859284,USD
Brent,2024-09-01,73.63,964564,USD
Brent,2024-09-02,74.81,277233,USD
Brent,2024-09-03,71.61,493296,USD
Brent,2024-09-04,72.54,634204,USD
Brent,2024-09-05,72.92,983060,USD
Brent,2024-09-06,71.59,271096,USD
Brent,2024-09-07,72.44,781579,USD
Brent,2024-09-08,72.48,245504,USD
Brent,2024-09-09,76.09,322606,USD
Brent,2024-09-10,75.71,676553,USD
Brent,2024-09-11,73.8,608576,USD
Brent,2024-09-12,74.74,794464,USD
Brent,2024-09-13,74.12,108134,USD
Brent,2024-09-14,74.11,421326,USD
Brent,2024-09-15,71.61,389502,USD
Brent,2024-09-16,72.82,863237,USD
Brent,2024-09-17,71.88,485831,USD
Brent,2024-09-18,72.41,126252,USD
Brent,2024-09-19,76.61,206652,USD
Brent,2024-09-20,76.12,359996,USD
Brent,2024-09-21,77.61,993929,USD
Brent,2024-09-22,77.25,140420,USD
Brent,2024-09-23,75.95,453212,USD
Brent,2024-09-24,78.59,778838,USD
Brent,2024-09-25,74.86,808794,USD
Brent,2024-09-26,76.87,325901,USD
Brent,2024-09-27,72.93,690967,USD
Brent,2024-09-28,74.72,316359,USD
Brent,2024-09-29,74.74,298767,USD
Brent,2024-09-30,72.84,135036,USD
Brent,2024-10-01,72.02,955413,USD
Brent,2024-10-02,73.4,623460,USD
Brent,2024-10-03,77.35,565028,USD
Brent,2024-10-04,74.22,782898,USD
Brent,2024-10-05,72.42,904684,USD
Brent,2024-10-06,69.76,951810,USD
Brent,2024-10-07,69.38,802328,USD
Brent,2024-10-08,71.23,528702,USD
Brent,2024-10-09,68.32,632017,USD
Brent,2024-10-10,68.3,267522,USD
Brent,2024-10-11,70.07,286368,USD
Brent,2024-10-12,69.23,164042,USD
Brent,2024-10-13,64.02,829790,USD
Brent,2024-10-14,64.42,852243,USD
Brent,2024-10-15,66.89,794010,USD
Brent,2024-10-16,64.75,689185,USD
Brent,2024-10-17,61.19,482705,USD
Brent,2024-10-18,61.83,133813,USD
Brent,2024-10-19,62.53,100010,USD
Brent,2024-10-20,61.55,474909,USD
Brent,2024-10-21,60.2,975770,USD
Brent,2024-10-22,60.27,303512,USD
Brent,2024-10-23,58.1,307374,USD
Brent,2024-10-24,55.93,101326,USD
Brent,2024-10-25,57.28,767706,USD
Brent,2024-10-26,54.99,863582,USD
Brent,2024-10-27,51.53,392765,USD
Brent,2024-10-28,50.18,741359,USD
Brent,2024-10-29,49.25,433846,USD
Brent,2024-10-30,50.17,911746,USD
Brent,2024-10-31,48.98,631574,USD
Brent,2024-11-01,51.82,694912,USD
Brent,2024-11-02,52.0,738388,USD
Brent,2024-11-03,50.38,250589,USD
Brent,2024-11-04,51.22,956999,USD
Brent,2024-11-05,54.02,138180,USD
Brent,2024-11-06,55.32,366903,USD
Brent,2024-11-07,52.31,742981,USD
Brent,2024-11-08,51.55,562469,USD
Brent,2024-11-09,52.05,558001,USD
Brent,2024-11-10,53.26,844755,USD
Brent,2024-11-11,52.89,727488,USD
Brent,2024-11-12,52.25,928895,USD
Brent,2024-11-13,55.84,725135,USD
Brent,2024-11-14,57.17,346664,USD
Brent,2024-11-15,58.02,826363,USD
Brent,2024-11-16,56.9,402049,USD
Brent,2024-11-17,54.7,980672,USD
Brent,2024-11-18,55.58,754351,USD
Brent,2024-11-19,57.14,605865,USD
Brent,2024-11-20,57.13,442465,USD
Brent,2024-11-21,58.46,246731,USD
Brent,2024-11-22,59.85,445919,USD
Brent,2024-11-23,61.55,122674,USD
Brent,2024-11-24,58.52,734383,USD
Brent,2024-11-25,57.8,835415,USD
Brent,2024-11-26,58.8,146501,USD
Brent,2024-11-27,58.9,554316,USD
Brent,2024-11-28,60.3,261330,USD
Brent,2024-11-29,61.14,820003,USD
Brent,2024-11-30,56.84,218543,USD
Brent,2024-12-01,59.03,878766,USD
Brent,2024-12-02,58.07,361040,USD
Brent,2024-12-03,56.35,884272,USD
Brent,2024-12-04,58.47,325421,USD
Brent,2024-12-05,59.7,662386,USD
Brent,2024-12-06,62.13,915478,USD
Brent,2024-12-07,62.65,110941,USD
Brent,2024-12-08,61.91,593972,USD
Brent,2024-12-09,62.2,358869,USD
Brent,2024-12-10,60.14,659163,USD
Brent,2024-12-11,57.43,400644,USD
Brent,2024-12-12,56.17,161517,USD
Brent,2024-12-13,59.24,805383,USD
Brent,2024-12-14,58.17,716899,USD
Brent,2024-12-15,54.75,399210,USD
Brent,2024-12-16,54.44,950003,USD
Brent,2024-12-17,53.35,677560,USD
Brent,2024-12-18,55.58,279092,USD
Brent,2024-12-19,58.48,476500,USD
Brent,2024-12-20,57.65,350067,USD
Brent,2024-12-21,58.17,348687,USD
Brent,2024-12-22,58.86,160752,USD
Brent,2024-12-23,58.76,566830,USD
Brent,2024-12-24,58.3,764096,USD
Brent,2024-12-25,56.45,734098,USD
Brent,2024-12-26,52.76,457851,USD
Brent,2024-12-27,50.9,337848,USD
Brent,2024-12-28,50.73,341680,USD
Brent,2024-12-29,47.84,358715,USD
Brent,2024-12-30,48.25,643273,USD
Brent,2024-12-31,48.39,169281,USD
Brent,2025-01-01,47.29,639140,USD
Brent,2025-01-02,46.75,661283,USD
Brent,2025-01-03,44.15,113599,USD
Brent,2025-01-04,45.81,968513,USD
Brent,2025-01-05,47.43,735966,USD
Brent,2025-01-06,45.14,649006,USD
Brent,2025-01-07,42.89,637901,USD
Brent,2025-01-08,41.06,879486,USD
Brent,2025-01-09,42.16,282369,USD
Brent,2025-01-10,42.84,628827,USD
Brent,2025-01-11,44.94,467336,USD
Brent,2025-01-12,47.28,113855,USD
Brent,2025-01-13,44.21,505228,USD
Brent,2025-01-14,45.24,961822,USD
Brent,2025-01-15,47.49,269686,USD
Brent,2025-01-16,46.82,705214,USD
Brent,2025-01-17,46.78,183362,USD
Brent,2025-01-18,46.43,773545,USD
Brent,2025-01-19,46.16,332840,USD
Brent,2025-01-20,47.82,490962,USD
Brent,2025-01-21,51.32,673919,USD
Brent,2025-01-22,54.08,317819,USD
Brent,2025-01-23,53.07,279343,USD
Brent,2025-01-24,53.6,889723,USD
Brent,2025-01-25,52.03,343725,USD
Brent,2025-01-26,50.65,322803,USD
Brent,2025-01-27,50.52,759460,USD
Brent,2025-01-28,49.08,646058,USD
Brent,2025-01-29,47.92,956341,USD
Brent,2025-01-30,48.4,854642,USD
Brent,2025-01-31,49.4,939439,USD
Brent,2025-02-01,50.35,589828,USD
Brent,2025-02-02,51.31,768593,USD
Brent,2025-02-03,48.84,764125,USD
Brent,2025-02-04,47.31,434001,USD
Brent,2025-02-05,47.39,928689,USD
Brent,2025-02-06,49.53,341968,USD
Brent,2025-02-07,54.26,431604,USD
Brent,2025-02-08,54.87,808648,USD
Brent,2025-02-09,56.31,508910,USD
Brent,2025-02-10,53.63,734914,USD
Brent,2025-02-11,55.02,484841,USD
Brent,2025-02-12,59.0,942652,USD
Brent,2025-02-13,57.47,157605,USD
Brent,2025-02-14,56.37,499527,USD
Brent,2025-02-15,58.09,119721,USD
Brent,2025-02-16,58.14,150558,USD
Brent,2025-02-17,54.3,541986,USD
Brent,2025-02-18,53.32,689656,USD
Brent,2025-02-19,56.2,334212,USD
Brent,2025-02-20,55.64,163442,USD
Brent,2025-02-21,55.09,267082,USD
Brent,2025-02-22,56.67,832713,USD
Brent,2025-02-23,57.35,716620,USD
Brent,2025-02-24,56.68,378826,USD
Brent,2025-02-25,55.46,324961,USD
Brent,2025-02-26,61.36,421197,USD
Brent,2025-02-27,63.85,418410,USD
Brent,2025-02-28,64.81,377016,USD
Brent,2025-03-01,65.9,922409,USD
Brent,2025-03-02,65.65,418982,USD
Brent,2025-03-03,66.31,555070,USD
Brent,2025-03-04,65.85,598034,USD
Brent,2025-03-05,64.15,552819,USD
Brent,2025-03-06,64.88,709246,USD
Brent,2025-03-07,64.26,854117,USD
Brent,2025-03-08,65.1,495289,USD
Brent,2025-03-09,66.31,649492,USD
Brent,2025-03-10,67.26,261327,USD
Brent,2025-03-11,65.4,724554,USD
Brent,2025-03-12,64.57,248756,USD
Brent,2025-03-13,63.98,101792,USD
Brent,2025-03-14,65.93,563440,USD
Brent,2025-03-15,67.77,245226,USD
Brent,2025-03-16,66.35,194810,USD
Brent,2025-03-17,63.83,300125,USD
Brent,2025-03-18,68.68,320817,USD
Brent,2025-03-19,69.55,151958,USD
Brent,2025-03-20,66.8,297598,USD
Brent,2025-03-21,65.67,963876,USD
Brent,2025-03-22,67.71,474197,USD
Brent,2025-03-23,71.89,486049,USD
Brent,2025-03-24,75.63,731931,USD
Brent,2025-03-25,76.41,254524,USD
Brent,2025-03-26,71.13,883474,USD
Brent,2025-03-27,71.14,668277,USD
Brent,2025-03-28,69.11,645074,USD
Brent,2025-03-29,69.29,205483,USD
Brent,2025-03-30,67.49,722866,USD
Brent,2025-03-31,66.68,285626,USD
Brent,2025-04-01,68.4,283884,USD
Brent,2025-04-02,67.93,557024,USD
Brent,2025-04-03,67.33,813482,USD
Brent,2025-04-04,67.23,162141,USD
Brent,2025-04-05,72.47,665583,USD
Brent,2025-04-06,70.24,719768,USD
Brent,2025-04-07,70.81,852505,USD
Brent,2025-04-08,74.32,839249,USD
Brent,2025-04-09,74.22,400265,USD
Brent,2025-04-10,76.66,812402,USD
Brent,2025-04-11,74.02,869476,USD
Brent,2025-04-12,73.62,894303,USD
Brent,2025-04-13,72.02,449043,USD
Brent,2025-04-14,71.89,823183,USD
Brent,2025-04-15,71.81,160276,USD
Brent,2025-04-16,71.92,889615,USD
Brent,2025-04-17,73.62,971259,USD
Brent,2025-04-18,69.13,159908,USD
Brent,2025-04-19,67.91,437922,USD
Brent,2025-04-20,68.33,823433,USD
Brent,2025-04-21,64.58,298100,USD
Brent,2025-04-22,65.82,415468,USD
Brent,2025-04-23,64.57,432616,USD
Brent,2025-04-24,64.2,517814,USD
Brent,2025-04-25,66.0,737889,USD
Brent,2025-04-26,68.55,107527,USD
Brent,2025-04-27,69.85,535590,USD
Brent,2025-04-28,67.57,104782,USD
Brent,2025-04-29,68.77,593577,USD
Brent,2025-04-30,70.11,159816,USD
Brent,2025-05-01,71.02,803763,USD
Brent,2025-05-02,73.93,776572,USD
Brent,2025-05-03,74.1,226292,USD
Brent,2025-05-04,76.92,704041,USD
Brent,2025-05-05,79.73,252892,USD
Brent,2025-05-06,81.13,275477,USD
Brent,2025-05-07,81.72,917405,USD
Brent,2025-05-08,82.65,782843,USD
Brent,2025-05-09,86.05,900215,USD
Brent,2025-05-10,88.19,620926,USD
Brent,2025-05-11,86.12,526529,USD
Brent,2025-05-12,86.92,744757,USD
Brent,2025-05-13,85.22,382444,USD
Brent,2025-05-14,83.92,317350,USD
Brent,2025-05-15,83.18,917054,USD
Brent,2025-05-16,80.37,556353,USD
Brent,2025-05-17,78.55,839647,USD
Brent,2025-05-18,81.59,693559,USD
Brent,2025-05-19,80.28,723123,USD
Brent,2025-05-20,81.98,337655,USD
Brent,2025-05-21,82.33,392060,USD
Brent,2025-05-22,83.43,342560,USD
Brent,2025-05-23,84.63,296844,USD
Brent,2025-05-24,82.73,635772,USD
Brent,2025-05-25,84.43,833445,USD
Brent,2025-05-26,81.96,800222,USD
Brent,2025-05-27,80.57,179546,USD
Brent,2025-05-28,81.73,729053,USD
Brent,2025-05-29,79.72,128034,USD
Brent,2025-05-30,75.79,333618,USD
Brent,2025-05-31,76.49,135081,USD
Brent,2025-06-01,73.36,700162,USD
Brent,2025-06-02,74.72,899306,USD
Brent,2025-06-03,74.12,392761,USD
Brent,2025-06-04,74.79,324107,USD
Brent,2025-06-05,75.42,619032,USD
Brent,2025-06-06,76.93,872220,USD
Brent,2025-06-07,78.16,997865,USD
Brent,2025-06-08,76.12,120183,USD
Brent,2025-06-09,75.63,424384,USD
Brent,2025-06-10,76.3,381500,USD
Brent,2025-06-11,79.17,688907,USD
Brent,2025-06-12,80.41,786072,USD
Brent,2025-06-13,83.07,135044,USD
Brent,2025-06-14,83.84,607055,USD
Brent,2025-06-15,86.02,662152,USD
Brent,2025-06-16,86.52,622855,USD
Brent,2025-06-17,88.61,991611,USD
Brent,2025-06-18,87.91,736657,USD
Brent,2025-06-19,91.04,450307,USD
Brent,2025-06-20,92.04,935363,USD
Brent,2025-06-21,89.24,936225,USD
Brent,2025-06-22,89.97,290472,USD
Brent,2025-06-23,85.77,996067,USD
Brent,2025-06-24,87.02,633842,USD
Brent,2025-06-25,88.79,148013,USD
Brent,2025-06-26,92.7,709778,USD
Brent,2025-06-27,91.69,435810,USD
Brent,2025-06-28,95.62,727422,USD
Brent,2025-06-29,95.62,683775,USD
Brent,2025-06-30,94.14,672346,USD
Brent,2025-07-01,93.17,639371,USD
Brent,2025-07-02,94.29,509654,USD
Brent,2025-07-03,92.53,700984,USD
Brent,2025-07-04,91.86,117230,USD
Brent,2025-07-05,92.55,801192,USD
Brent,2025-07-06,95.66,854339,USD
Brent,2025-07-07,97.36,822529,USD
Brent,2025-07-08,97.45,539646,USD
Brent,2025-07-09,98.57,461698,USD
Brent,2025-07-10,99.05,349311,USD
Brent,2025-07-11,96.75,929176,USD
Brent,2025-07-12,100.26,419432,USD
Brent,2025-07-13,103.41,146790,USD
Brent,2025-07-14,103.26,176108,USD
Brent,2025-07-15,102.35,646162,USD
Brent,2025-07-16,100.09,876697,USD
Brent,2025-07-17,101.34,897484,USD
Brent,2025-07-18,102.6,357867,USD
Brent,2025-07-19,100.99,822376,USD
Brent,2025-07-20,101.49,976044,USD
Brent,2025-07-21,103.14,518508,USD
Brent,2025-07-22,102.1,977808,USD
Brent,2025-07-23,101.71,835276,USD
Brent,2025-07-24,101.3,163931,USD
Brent,2025-07-25,99.8,289713,USD
Brent,2025-07-26,99.45,341705,USD
Brent,2025-07-27,96.35,190880,USD
Brent,2025-07-28,95.84,975769,USD
Brent,2025-07-29,95.36,783363,USD
Brent,2025-07-30,95.24,350531,USD
Brent,2025-07-31,96.19,818463,USD
Brent,2025-08-01,93.79,309255,USD
Brent,2025-08-02,91.7,216711,USD
Brent,2025-08-03,90.16,706594,USD
Brent,2025-08-04,87.57,156308,USD
Brent,2025-08-05,88.76,232229,USD
Brent,2025-08-06,87.65,408380,USD
Brent,2025-08-07,87.58,372177,USD
Brent,2025-08-08,85.89,607067,USD
Brent,2025-08-09,85.17,622629,USD
Brent,2025-08-10,85.77,554957,USD
Brent,2025-08-11,86.47,346276,USD
Brent,2025-08-12,84.46,539050,USD
Brent,2025-08-13,84.3,375817,USD
Brent,2025-08-14,82.63,840143,USD
Brent,2025-08-15,82.4,512588,USD
Brent,2025-08-16,81.13,752505,USD
Brent,2025-08-17,84.79,799344,USD
Brent,2025-08-18,86.42,875982,USD
Brent,2025-08-19,87.21,856097,USD
Brent,2025-08-20,83.36,990506,USD
Brent,2025-08-21,82.8,275649,USD
Brent,2025-08-22,84.49,540453,USD
Brent,2025-08-23,84.38,534862,USD
Brent,2025-08-24,87.79,854407,USD
Brent,2025-08-25,89.69,466124,USD
Brent,2025-08-26,88.96,395409,USD
Brent,2025-08-27,92.09,213401,USD
Brent,2025-08-28,91.54,276777,USD
Brent,2025-08-29,95.35,540662,USD
Brent,2025-08-30,98.6,680270,USD
Brent,2025-08-31,99.19,434955,USD
Brent,2025-09-01,96.16,695500,USD
Brent,2025-09-02,96.59,266743,USD
Brent,2025-09-03,94.4,350778,USD
Brent,2025-09-04,93.18,843139,USD
Brent,2025-09-05,92.1,357136,USD
Brent,2025-09-06,89.89,437093,USD
Brent,2025-09-07,90.33,817959,USD
Brent,2025-09-08,88.9,601106,USD
Brent,2025-09-09,88.44,860608,USD
Brent,2025-09-10,87.37,705488,USD
Brent,2025-09-11,88.34,298453,USD
Brent,2025-09-12,89.16,324702,USD
Brent,2025-09-13,88.54,336922,USD
Brent,2025-09-14,89.61,775239,USD
Brent,2025-09-15,92.07,236843,USD
Brent,2025-09-16,87.9,184398,USD
Brent,2025-09-17,86.73,537517,USD
Brent,2025-09-18,84.85,314331,USD
Brent,2025-09-19,83.52,917591,USD
Brent,2025-09-20,79.04,784518,USD
Brent,2025-09-21,74.8,239042,USD
Brent,2025-09-22,69.31,637219,USD
Brent,2025-09-23,68.31,999601,USD
Brent,2025-09-24,67.25,844797,USD
Brent,2025-09-25,70.03,253637,USD
Brent,2025-09-26,70.31,653616,USD
Brent,2025-09-27,66.05,919545,USD
Brent,2025-09-28,67.07,145218,USD
Brent,2025-09-29,74.92,131420,USD
Brent,2025-09-30,70.75,855262,USD
Brent,2025-10-01,74.2,244611,USD
Brent,2025-10-02,74.11,313730,USD
Brent,2025-10-03,73.26,144652,USD
Brent,2025-10-04,72.12,647487,USD
Brent,2025-10-05,72.78,352944,USD
Brent,2025-10-06,71.95,821301,USD
Brent,2025-10-07,69.69,452884,USD
Brent,2025-10-08,68.62,795494,USD
Brent,2025-10-09,69.34,313239,USD
Brent,2025-10-10,70.71,936230,USD
Brent,2025-10-11,74.4,448590,USD
Brent,2025-10-12,74.6,797719,USD
Brent,2025-10-13,77.19,310983,USD
Brent,2025-10-14,76.8,965343,USD
Brent,2025-10-15,76.67,701081,USD
Brent,2025-10-16,76.44,650317,USD
Brent,2025-10-17,76.87,710649,USD
Brent,2025-10-18,78.61,952445,USD
Brent,2025-10-19,77.7,896369,USD
Brent,2025-10-20,75.92,353454,USD
Brent,2025-10-21,77.83,967024,USD
Brent,2025-10-22,79.58,991097,USD
Brent,2025-10-23,82.53,380691,USD
Brent,2025-10-24,81.32,498518,USD
Brent,2025-10-25,80.86,334943,USD
Brent,2025-10-26,82.85,941936,USD
Brent,2025-10-27,81.92,267159,USD
Brent,2025-10-28,83.2,155627,USD
Brent,2025-10-29,82.82,183124,USD
Brent,2025-10-30,83.47,235425,USD
Brent,2025-10-31,81.17,971268,USD
Brent,2025-11-01,81.34,321992,USD
Brent,2025-11-02,75.36,523864,USD
Brent,2025-11-03,77.77,778481,USD
Brent,2025-11-04,79.33,620102,USD
Brent,2025-11-05,77.43,462165,USD
Brent,2025-11-06,80.93,896128,USD
Brent,2025-11-07,83.2,344469,USD
Brent,2025-11-08,80.98,271548,USD
Brent,2025-11-09,79.93,486961,USD
Brent,2025-11-10,77.81,847854,USD
Brent,2025-11-11,78.52,578309,USD
Brent,2025-11-12,77.38,359150,USD
Brent,2025-11-13,73.55,636473,USD
Brent,2025-11-14,73.42,490459,USD
Brent,2025-11-15,75.24,409561,USD
Brent,2025-11-16,75.45,759700,USD
Brent,2025-11-17,76.54,838882,USD
Brent,2025-11-18,76.94,609944,USD
Brent,2025-11-19,78.4,459566,USD
Brent,2025-11-20,78.98,394115,USD
Brent,2025-11-21,78.73,619171,USD
Brent,2025-11-22,78.92,517583,USD
Brent,2025-11-23,81.95,129199,USD
Brent,2025-11-24,83.16,692845,USD
Brent,2025-11-25,81.25,255271,USD
Brent,2025-11-26,81.41,611176,USD
Brent,2025-11-27,82.08,836866,USD
Brent,2025-11-28,81.77,985210,USD
Brent,2025-11-29,77.95,145314,USD
Brent,2025-11-30,76.23,147488,USD
Brent,2025-12-01,75.4,303869,USD
Brent,2025-12-02,79.18,652573,USD
Brent,2025-12-03,80.15,423287,USD
Brent,2025-12-04,77.06,841197,USD
Brent,2025-12-05,76.87,415737,USD
Brent,2025-12-06,79.52,426303,USD
Brent,2025-12-07,78.35,288153,USD
Brent,2025-12-08,80.43,176219,USD
Brent,2025-12-09,77.39,856817,USD
Brent,2025-12-10,71.73,299114,USD
Brent,2025-12-11,74.13,841261,USD
Brent,2025-12-12,73.2,446149,USD
Brent,2025-12-13,69.46,939299,USD
Brent,2025-12-14,68.68,206779,USD
Brent,2025-12-15,69.06,578414,USD
Brent,2025-12-16,69.96,129393,USD
Brent,2025-12-17,64.99,245096,USD
Brent,2025-12-18,63.67,690768,USD
Brent,2025-12-19,63.79,743277,USD
Brent,2025-12-20,64.68,161605,USD
Brent,2025-12-21,62.76,651516,USD
Brent,2025-12-22,62.34,944633,USD
Brent,2025-12-23,61.17,419199,USD
Brent,2025-12-24,61.62,595597,USD
Brent,2025-12-25,63.94,833203,USD
Brent,2025-12-26,63.26,650647,USD
Brent,2025-12-27,60.52,195286,USD
Brent,2025-12-28,59.1,419407,USD
Brent,2025-12-29,62.57,692343,USD
Brent,2025-12-30,60.86,163097,USD
Brent,2025-12-31,58.45,241131,USD
Brent,2026-01-01,57.66,844571,USD
Brent,2026-01-02,57.48,251383,USD
Brent,2026-01-03,56.42,891397,USD
Brent,2026-01-04,53.39,552184,USD
Brent,2026-01-05,54.03,758337,USD
Brent,2026-01-06,54.48,666838,USD
Brent,2026-01-07,55.87,462889,USD
Brent,2026-01-08,56.27,709694,USD
Brent,2026-01-09,59.54,485612,USD
Brent,2026-01-10,61.09,231792,USD
Brent,2026-01-11,62.19,849636,USD
Brent,2026-01-12,64.59,488171,USD
Brent,2026-01-13,64.87,441136,USD
Brent,2026-01-14,64.5,859791,USD
Brent,2026-01-15,65.12,535618,USD
Brent,2026-01-16,61.22,615737,USD
Brent,2026-01-17,61.51,392690,USD
Brent,2026-01-18,61.32,755533,USD
Brent,2026-01-19,62.16,411225,USD
Brent,2026-01-20,64.24,952080,USD
Brent,2026-01-21,65.41,460191,USD
Brent,2026-01-22,63.99,991299,USD
Brent,2026-01-23,65.71,123192,USD
Brent,2026-01-24,69.0,719241,USD
Brent,2026-01-25,71.15,208348,USD
Brent,2026-01-26,68.56,376494,USD
Brent,2026-01-27,69.7,591812,USD
Brent,2026-01-28,67.38,253842,USD
Brent,2026-01-29,66.81,476330,USD
Brent,2026-01-30,67.59,175714,USD
Brent,2026-01-31,68.1,453793,USD
Brent,2026-02-01,70.19,246717,USD
Brent,2026-02-02,73.5,310431,USD
Brent,2026-02-03,74.49,933817,USD
Brent,2026-02-04,73.77,477664,USD
Brent,2026-02-05,69.95,125787,USD
Brent,2026-02-06,72.59,624927,USD
Brent,2026-02-07,72.41,629516,USD
Brent,2026-02-08,72.33,457915,USD
Brent,2026-02-09,72.42,347715,USD
Brent,2026-02-10,73.3,738494,USD
Brent,2026-02-11,74.25,437249,USD
Brent,2026-02-12,73.71,594881,USD
Brent,2026-02-13,73.52,849127,USD
Brent,2026-02-14,72.31,825083,USD
Brent,2026-02-15,70.9,835574,USD
Brent,2026-02-16,69.47,937358,USD
Brent,2026-02-17,69.25,403708,USD
Brent,2026-02-18,67.46,883619,USD
Brent,2026-02-19,61.64,400961,USD
Brent,2026-02-20,60.89,455115,USD
Brent,2026-02-21,58.42,614796,USD
Brent,2026-02-22,58.64,824889,USD
Brent,2026-02-23,57.42,234324,USD
Brent,2026-02-24,58.34,341356,USD
Brent,2026-02-25,56.03,711727,USD
Brent,2026-02-26,52.52,151012,USD
Brent,2026-02-27,52.33,727447,USD
Brent,2026-02-28,51.5,274091,USD
Brent,2026-03-01,48.86,897477,USD
Brent,2026-03-02,50.42,906120,USD
Brent,2026-03-03,48.41,470173,USD
Brent,2026-03-04,46.91,316478,USD
Brent,2026-03-05,48.86,705782,USD
Brent,2026-03-06,49.89,841915,USD
Brent,2026-03-07,47.68,764155,USD
Brent,2026-03-08,47.02,424427,USD
Brent,2026-03-09,44.63,173106,USD
Brent,2026-03-10,46.41,993323,USD
Brent,2026-03-11,48.2,879491,USD
Brent,2026-03-12,51.86,360495,USD
Brent,2026-03-13,56.42,470071,USD
Brent,2026-03-14,55.19,484737,USD
Brent,2026-03-15,56.61,865517,USD
Brent,2026-03-16,52.85,281375,USD
Brent,2026-03-17,53.22,840945,USD
Brent,2026-03-18,54.07,600571,USD
Brent,2026-03-19,52.16,788827,USD
Brent,2026-03-20,50.81,327723,USD
Brent,2026-03-21,52.61,391896,USD
Brent,2026-03-22,53.51,708835,USD
Brent,2026-03-23,56.85,714279,USD
Brent,2026-03-24,59.89,617823,USD
Brent,2026-03-25,56.58,791723,USD
Brent,2026-03-26,55.53,303645,USD
Brent,2026-03-27,53.43,662797,USD
Brent,2026-03-28,54.94,772370,USD
Brent,2026-03-29,55.51,864501,USD
Brent,2026-03-30,53.54,140497,USD
Brent,2026-03-31,51.84,530675,USD
Brent,2026-04-01,54.34,935973,USD
Brent,2026-04-02,53.51,112314,USD
Brent,2026-04-03,49.45,173438,USD
Brent,2026-04-04,47.31,593330,USD
Brent,2026-04-05,51.14,257182,USD
Brent,2026-04-06,53.15,968772,USD
Brent,2026-04-07,50.64,145375,USD
Brent,2026-04-08,51.01,607527,USD
Brent,2026-04-09,52.89,550250,USD
Dubai,2024-04-09,66.66,925541,USD
Dubai,2024-04-10,68.78,465931,USD
Dubai,2024-04-11,69.66,364018,USD
Dubai,2024-04-12,68.2,572923,USD
Dubai,2024-04-13,69.4,812972,USD
Dubai,2024-04-14,70.0,708724,USD
Dubai,2024-04-15,70.73,366241,USD
Dubai,2024-04-16,71.03,101000,USD
Dubai,2024-04-17,69.27,695651,USD
Dubai,2024-04-18,67.84,670340,USD
Dubai,2024-04-19,67.37,755900,USD
Dubai,2024-04-20,67.46,391177,USD
Dubai,2024-04-21,68.79,408457,USD
Dubai,2024-04-22,72.67,221118,USD
Dubai,2024-04-23,73.14,193090,USD
Dubai,2024-04-24,74.43,461824,USD
Dubai,2024-04-25,76.19,206396,USD
Dubai,2024-04-26,77.63,100027,USD
Dubai,2024-04-27,75.8,329033,USD
Dubai,2024-04-28,78.51,111607,USD
Dubai,2024-04-29,80.85,961868,USD
Dubai,2024-04-30,81.12,609170,USD
Dubai,2024-05-01,79.4,593985,USD
Dubai,2024-05-02,79.46,441981,USD
Dubai,2024-05-03,76.34,316269,USD
Dubai,2024-05-04,79.34,185468,USD
Dubai,2024-05-05,78.09,259207,USD
Dubai,2024-05-06,77.51,988602,USD
Dubai,2024-05-07,80.35,886256,USD
Dubai,2024-05-08,75.37,996012,USD
Dubai,2024-05-09,77.93,394246,USD
Dubai,2024-05-10,78.6,375169,USD
Dubai,2024-05-11,81.95,713972,USD
Dubai,2024-05-12,80.06,383715,USD
Dubai,2024-05-13,80.74,215493,USD
Dubai,2024-05-14,78.86,620643,USD
Dubai,2024-05-15,81.07,778124,USD
Dubai,2024-05-16,83.19,885573,USD
Dubai,2024-05-17,86.71,657255,USD
Dubai,2024-05-18,86.71,267975,USD
Dubai,2024-05-19,90.88,864963,USD
Dubai,2024-05-20,88.85,276621,USD
Dubai,2024-05-21,88.75,627007,USD
Dubai,2024-05-22,86.78,587236,USD
Dubai,2024-05-23,87.17,589910,USD
Dubai,2024-05-24,85.37,310366,USD
Dubai,2024-05-25,87.57,137421,USD
Dubai,2024-05-26,88.52,548316,USD
Dubai,2024-05-27,86.34,376993,USD
Dubai,2024-05-28,88.01,652274,USD
Dubai,2024-05-29,91.19,428340,USD
Dubai,2024-05-30,92.34,676868,USD
Dubai,2024-05-31,89.6,731564,USD
Dubai,2024-06-01,89.31,600818,USD
Dubai,2024-06-02,90.72,118840,USD
Dubai,2024-06-03,90.23,384195,USD
Dubai,2024-06-04,88.18,708096,USD
Dubai,2024-06-05,90.64,456343,USD
Dubai,2024-06-06,90.07,471051,USD
Dubai,2024-06-07,93.25,941256,USD
Dubai,2024-06-08,92.21,626088,USD
Dubai,2024-06-09,91.53,972389,USD
Dubai,2024-06-10,90.35,405374,USD
Dubai,2024-06-11,90.01,555338,USD
Dubai,2024-06-12,90.93,997974,USD
Dubai,2024-06-13,88.97,506565,USD
Dubai,2024-06-14,86.66,203631,USD
Dubai,2024-06-15,83.29,894946,USD
Dubai,2024-06-16,79.7,693721,USD
Dubai,2024-06-17,76.99,497830,USD
Dubai,2024-06-18,75.94,832351,USD
Dubai,2024-06-19,76.29,946453,USD
Dubai,2024-06-20,77.1,236289,USD
Dubai,2024-06-21,77.36,529674,USD
Dubai,2024-06-22,80.26,461315,USD
Dubai,2024-06-23,83.87,404275,USD
Dubai,2024-06-24,83.31,246394,USD
Dubai,2024-06-25,81.39,760929,USD
Dubai,2024-06-26,85.72,884721,USD
Dubai,2024-06-27,88.1,619283,USD
Dubai,2024-06-28,90.31,586251,USD
Dubai,2024-06-29,89.18,171352,USD
Dubai,2024-06-30,90.9,456681,USD
Dubai,2024-07-01,91.18,366693,USD
Dubai,2024-07-02,91.03,489494,USD
Dubai,2024-07-03,90.88,636111,USD
Dubai,2024-07-04,91.89,845594,USD
Dubai,2024-07-05,94.87,172168,USD
Dubai,2024-07-06,99.41,845787,USD
Dubai,2024-07-07,98.61,805122,USD
Dubai,2024-07-08,99.0,211911,USD
Dubai,2024-07-09,98.8,887620,USD
Dubai,2024-07-10,99.67,622580,USD
Dubai,2024-07-11,94.61,942343,USD
Dubai,2024-07-12,94.16,828707,USD
Dubai,2024-07-13,98.26,955479,USD
Dubai,2024-07-14,96.91,495870,USD
Dubai,2024-07-15,96.1,679560,USD
Dubai,2024-07-16,95.0,639515,USD
Dubai,2024-07-17,94.71,912162,USD
Dubai,2024-07-18,92.12,498319,USD
Dubai,2024-07-19,91.06,143526,USD
Dubai,2024-07-20,91.91,629200,USD
Dubai,2024-07-21,92.74,417792,USD
Dubai,2024-07-22,93.25,843339,USD
Dubai,2024-07-23,96.02,668312,USD
Dubai,2024-07-24,96.95,472726,USD
Dubai,2024-07-25,99.64,962151,USD
Dubai,2024-07-26,104.19,298438,USD
Dubai,2024-07-27,105.97,663085,USD
Dubai,2024-07-28,103.39,153628,USD
Dubai,2024-07-29,103.98,643923,USD
Dubai,2024-07-30,104.26,304095,USD
Dubai,2024-07-31,107.43,699869,USD
Dubai,2024-08-01,107.21,247030,USD
Dubai,2024-08-02,105.6,266013,USD
Dubai,2024-08-03,104.65,146035,USD
Dubai,2024-08-04,102.14,458014,USD
Dubai,2024-08-05,96.28,444505,USD
Dubai,2024-08-06,100.38,855231,USD
Dubai,2024-08-07,100.42,155837,USD
Dubai,2024-08-08,98.08,164040,USD
Dubai,2024-08-09,101.47,890230,USD
Dubai,2024-08-10,105.26,602086,USD
Dubai,2024-08-11,105.61,681014,USD
Dubai,2024-08-12,102.94,141026,USD
Dubai,2024-08-13,102.03,252898,USD
Dubai,2024-08-14,101.59,214249,USD
Dubai,2024-08-15,101.7,321262,USD
Dubai,2024-08-16,99.58,422325,USD
Dubai,2024-08-17,101.53,169082,USD
Dubai,2024-08-18,97.32,103768,USD
Dubai,2024-08-19,99.63,469709,USD
Dubai,2024-08-20,102.4,540679,USD
Dubai,2024-08-21,101.68,401834,USD
Dubai,2024-08-22,101.55,259374,USD
Dubai,2024-08-23,104.61,383827,USD
Dubai,2024-08-24,105.94,453832,USD
Dubai,2024-08-25,105.29,261128,USD
Dubai,2024-08-26,104.86,817762,USD
Dubai,2024-08-27,105.88,527580,USD
Dubai,2024-08-28,109.75,930190,USD
Dubai,2024-08-29,109.39,414944,USD
Dubai,2024-08-30,108.67,804183,USD
Dubai,2024-08-31,108.76,302191,USD
Dubai,2024-09-01,108.87,459399,USD
Dubai,2024-09-02,109.51,262802,USD
Dubai,2024-09-03,109.39,819242,USD
Dubai,2024-09-04,111.83,478009,USD
Dubai,2024-09-05,110.08,620523,USD
Dubai,2024-09-06,110.95,879780,USD
Dubai,2024-09-07,111.9,153655,USD
Dubai,2024-09-08,110.31,474236,USD
Dubai,2024-09-09,111.16,593729,USD
Dubai,2024-09-10,112.16,996873,USD
Dubai,2024-09-11,107.18,221695,USD
Dubai,2024-09-12,105.24,219708,USD
Dubai,2024-09-13,108.5,242863,USD
Dubai,2024-09-14,107.34,702297,USD
Dubai,2024-09-15,104.99,535422,USD
Dubai,2024-09-16,101.33,634402,USD
Dubai,2024-09-17,99.22,618034,USD
Dubai,2024-09-18,99.02,598124,USD
Dubai,2024-09-19,96.54,613258,USD
Dubai,2024-09-20,97.9,122679,USD
Dubai,2024-09-21,96.27,419348,USD
Dubai,2024-09-22,96.93,335046,USD
Dubai,2024-09-23,99.84,725457,USD
Dubai,2024-09-24,102.59,761522,USD
Dubai,2024-09-25,103.22,649097,USD
Dubai,2024-09-26,100.99,335199,USD
Dubai,2024-09-27,100.92,477189,USD
Dubai,2024-09-28,101.61,359366,USD
Dubai,2024-09-29,106.64,105817,USD
Dubai,2024-09-30,102.96,761147,USD
Dubai,2024-10-01,102.89,121551,USD
Dubai,2024-10-02,104.17,256968,USD
Dubai,2024-10-03,104.42,524484,USD
Dubai,2024-10-04,104.89,595478,USD
Dubai,2024-10-05,103.37,466628,USD
Dubai,2024-10-06,105.29,276664,USD
Dubai,2024-10-07,105.39,120308,USD
Dubai,2024-10-08,105.85,901592,USD
Dubai,2024-10-09,108.0,637250,USD
Dubai,2024-10-10,107.4,774873,USD
Dubai,2024-10-11,110.03,921737,USD
Dubai,2024-10-12,107.49,341917,USD
Dubai,2024-10-13,108.06,278780,USD
Dubai,2024-10-14,106.43,599620,USD
Dubai,2024-10-15,104.3,629192,USD
Dubai,2024-10-16,108.14,173417,USD
Dubai,2024-10-17,105.69,179009,USD
Dubai,2024-10-18,105.84,292595,USD
Dubai,2024-10-19,103.25,354955,USD
Dubai,2024-10-20,105.73,112475,USD
Dubai,2024-10-21,104.94,684440,USD
Dubai,2024-10-22,107.07,939477,USD
Dubai,2024-10-23,108.28,118124,USD
Dubai,2024-10-24,112.89,696724,USD
Dubai,2024-10-25,109.93,711159,USD
Dubai,2024-10-26,107.98,891777,USD
Dubai,2024-10-27,110.0,144298,USD
Dubai,2024-10-28,110.67,330572,USD
Dubai,2024-10-29,110.21,298585,USD
Dubai,2024-10-30,114.31,315159,USD
Dubai,2024-10-31,114.32,782236,USD
Dubai,2024-11-01,112.76,469614,USD
Dubai,2024-11-02,114.92,288721,USD
Dubai,2024-11-03,114.99,941089,USD
Dubai,2024-11-04,115.21,373046,USD
Dubai,2024-11-05,116.6,722490,USD
Dubai,2024-11-06,118.07,969075,USD
Dubai,2024-11-07,116.09,704537,USD
Dubai,2024-11-08,115.53,756378,USD
Dubai,2024-11-09,112.78,554010,USD
Dubai,2024-11-10,113.48,380970,USD
Dubai,2024-11-11,117.28,770693,USD
Dubai,2024-11-12,115.38,309002,USD
Dubai,2024-11-13,112.3,278768,USD
Dubai,2024-11-14,111.03,805048,USD
Dubai,2024-11-15,110.56,776151,USD
Dubai,2024-11-16,112.05,907295,USD
Dubai,2024-11-17,111.37,960662,USD
Dubai,2024-11-18,112.11,439008,USD
Dubai,2024-11-19,111.12,537556,USD
Dubai,2024-11-20,110.75,198112,USD
Dubai,2024-11-21,109.13,827943,USD
Dubai,2024-11-22,106.9,887939,USD
Dubai,2024-11-23,108.47,871507,USD
Dubai,2024-11-24,107.6,788185,USD
Dubai,2024-11-25,108.49,950521,USD
Dubai,2024-11-26,106.84,714286,USD
Dubai,2024-11-27,106.86,681152,USD
Dubai,2024-11-28,102.68,559513,USD
Dubai,2024-11-29,101.96,822156,USD
Dubai,2024-11-30,100.51,875276,USD
Dubai,2024-12-01,102.89,776642,USD
Dubai,2024-12-02,100.38,830751,USD
Dubai,2024-12-03,100.09,872655,USD
Dubai,2024-12-04,100.77,218518,USD
Dubai,2024-12-05,102.83,709950,USD
Dubai,2024-12-06,104.57,327083,USD
Dubai,2024-12-07,104.44,148271,USD
Dubai,2024-12-08,104.59,745718,USD
Dubai,2024-12-09,106.97,445057,USD
Dubai,2024-12-10,106.81,251450,USD
Dubai,2024-12-11,107.16,270276,USD
Dubai,2024-12-12,109.62,748345,USD
Dubai,2024-12-13,114.59,514808,USD
Dubai,2024-12-14,115.12,845838,USD
Dubai,2024-12-15,116.19,194861,USD
Dubai,2024-12-16,117.87,854968,USD
Dubai,2024-12-17,120.0,426684,USD
Dubai,2024-12-18,120.0,891351,USD
Dubai,2024-12-19,118.86,467000,USD
Dubai,2024-12-20,119.52,897742,USD
Dubai,2024-12-21,120.0,343503,USD
Dubai,2024-12-22,120.0,323912,USD
Dubai,2024-12-23,119.72,797954,USD
Dubai,2024-12-24,120.0,453809,USD
Dubai,2024-12-25,120.0,432222,USD
Dubai,2024-12-26,120.0,421473,USD
Dubai,2024-12-27,120.0,496598,USD
Dubai,2024-12-28,115.73,891923,USD
Dubai,2024-12-29,120.0,224534,USD
Dubai,2024-12-30,120.0,984465,USD
Dubai,2024-12-31,119.64,696831,USD
Dubai,2025-01-01,119.42,635829,USD
Dubai,2025-01-02,116.15,806557,USD
Dubai,2025-01-03,112.58,276141,USD
Dubai,2025-01-04,113.57,477072,USD
Dubai,2025-01-05,115.71,512225,USD
Dubai,2025-01-06,117.42,561587,USD
Dubai,2025-01-07,115.77,388769,USD
Dubai,2025-01-08,117.35,410515,USD
Dubai,2025-01-09,117.11,149259,USD
Dubai,2025-01-10,116.37,297671,USD
Dubai,2025-01-11,113.67,100204,USD
Dubai,2025-01-12,112.24,208327,USD
Dubai,2025-01-13,113.29,160844,USD
Dubai,2025-01-14,113.93,487482,USD
Dubai,2025-01-15,114.27,207226,USD
Dubai,2025-01-16,109.91,437342,USD
Dubai,2025-01-17,110.27,659197,USD
Dubai,2025-01-18,109.1,132031,USD
Dubai,2025-01-19,109.76,994897,USD
Dubai,2025-01-20,112.26,407120,USD
Dubai,2025-01-21,111.36,499765,USD
Dubai,2025-01-22,111.57,875301,USD
Dubai,2025-01-23,115.66,879432,USD
Dubai,2025-01-24,116.21,534908,USD
Dubai,2025-01-25,116.17,988206,USD
Dubai,2025-01-26,114.54,584555,USD
Dubai,2025-01-27,116.19,992922,USD
Dubai,2025-01-28,114.24,106284,USD
Dubai,2025-01-29,116.84,463132,USD
Dubai,2025-01-30,118.17,403597,USD
Dubai,2025-01-31,117.07,844771,USD
Dubai,2025-02-01,115.5,161367,USD
Dubai,2025-02-02,113.98,268411,USD
Dubai,2025-02-03,110.44,475655,USD
Dubai,2025-02-04,111.38,439180,USD
Dubai,2025-02-05,107.23,196120,USD
Dubai,2025-02-06,107.06,958062,USD
Dubai,2025-02-07,106.76,368259,USD
Dubai,2025-02-08,106.11,388361,USD
Dubai,2025-02-09,107.04,210248,USD
Dubai,2025-02-10,105.93,671415,USD
Dubai,2025-02-11,106.3,170070,USD
Dubai,2025-02-12,108.9,959903,USD
Dubai,2025-02-13,110.08,251929,USD
Dubai,2025-02-14,109.25,868548,USD
Dubai,2025-02-15,109.27,792498,USD
Dubai,2025-02-16,108.61,941315,USD
Dubai,2025-02-17,108.29,355765,USD
Dubai,2025-02-18,108.71,360071,USD
Dubai,2025-02-19,105.93,590099,USD
Dubai,2025-02-20,102.73,243891,USD
Dubai,2025-02-21,100.95,379277,USD
Dubai,2025-02-22,101.97,553010,USD
Dubai,2025-02-23,103.28,680980,USD
Dubai,2025-02-24,104.91,240195,USD
Dubai,2025-02-25,103.19,439626,USD
Dubai,2025-02-26,103.39,472164,USD
Dubai,2025-02-27,102.62,261185,USD
Dubai,2025-02-28,102.38,452996,USD
Dubai,2025-03-01,101.58,983131,USD
Dubai,2025-03-02,102.11,443454,USD
Dubai,2025-03-03,100.77,664901,USD
Dubai,2025-03-04,103.12,272814,USD
Dubai,2025-03-05,105.48,162133,USD
Dubai,2025-03-06,106.44,401310,USD
Dubai,2025-03-07,108.51,420361,USD
Dubai,2025-03-08,105.67,233656,USD
Dubai,2025-03-09,108.14,443911,USD
Dubai,2025-03-10,108.9,219041,USD
Dubai,2025-03-11,107.68,369907,USD
Dubai,2025-03-12,106.26,678515,USD
Dubai,2025-03-13,109.47,426251,USD
Dubai,2025-03-14,111.13,841597,USD
Dubai,2025-03-15,110.83,820844,USD
Dubai,2025-03-16,107.96,262142,USD
Dubai,2025-03-17,110.56,122813,USD
Dubai,2025-03-18,108.34,721042,USD
Dubai,2025-03-19,107.61,648831,USD
Dubai,2025-03-20,107.31,316723,USD
Dubai,2025-03-21,105.86,232446,USD
Dubai,2025-03-22,105.47,368179,USD
Dubai,2025-03-23,105.45,210922,USD
Dubai,2025-03-24,105.02,376911,USD
Dubai,2025-03-25,105.66,896030,USD
Dubai,2025-03-26,108.97,598593,USD
Dubai,2025-03-27,106.19,249606,USD
Dubai,2025-03-28,106.5,924840,USD
Dubai,2025-03-29,104.31,783841,USD
Dubai,2025-03-30,101.36,404941,USD
Dubai,2025-03-31,103.26,144645,USD
Dubai,2025-04-01,103.74,331356,USD
Dubai,2025-04-02,100.68,769514,USD
Dubai,2025-04-03,100.28,927287,USD
Dubai,2025-04-04,96.6,965395,USD
Dubai,2025-04-05,94.82,500367,USD
Dubai,2025-04-06,90.42,918593,USD
Dubai,2025-04-07,90.1,612059,USD
Dubai,2025-04-08,91.49,407664,USD
Dubai,2025-04-09,92.65,490324,USD
Dubai,2025-04-10,91.86,814541,USD
Dubai,2025-04-11,93.87,946893,USD
Dubai,2025-04-12,96.65,824587,USD
Dubai,2025-04-13,98.08,860535,USD
Dubai,2025-04-14,96.96,461688,USD
Dubai,2025-04-15,96.7,706380,USD
Dubai,2025-04-16,99.93,421284,USD
Dubai,2025-04-17,99.29,671269,USD
Dubai,2025-04-18,100.46,591126,USD
Dubai,2025-04-19,98.99,283657,USD
Dubai,2025-04-20,101.01,534341,USD
Dubai,2025-04-21,99.32,294428,USD
Dubai,2025-04-22,99.14,527590,USD
Dubai,2025-04-23,100.24,908159,USD
Dubai,2025-04-24,103.95,326955,USD
Dubai,2025-04-25,104.4,502053,USD
Dubai,2025-04-26,103.87,100849,USD
Dubai,2025-04-27,103.2,135338,USD
Dubai,2025-04-28,105.12,595594,USD
Dubai,2025-04-29,106.04,237830,USD
Dubai,2025-04-30,107.39,758125,USD
Dubai,2025-05-01,110.44,792771,USD
Dubai,2025-05-02,110.56,407477,USD
Dubai,2025-05-03,111.34,683618,USD
Dubai,2025-05-04,110.64,834170,USD
Dubai,2025-05-05,109.1,637581,USD
Dubai,2025-05-06,107.9,869092,USD
Dubai,2025-05-07,103.12,406003,USD
Dubai,2025-05-08,104.2,263635,USD
Dubai,2025-05-09,105.05,487311,USD
Dubai,2025-05-10,106.08,581812,USD
Dubai,2025-05-11,104.42,671791,USD
Dubai,2025-05-12,103.25,137347,USD
Dubai,2025-05-13,102.03,389860,USD
Dubai,2025-05-14,104.27,700234,USD
Dubai,2025-05-15,104.64,491856,USD
Dubai,2025-05-16,104.74,333013,USD
Dubai,2025-05-17,106.27,147544,USD
Dubai,2025-05-18,105.06,372497,USD
Dubai,2025-05-19,105.78,579223,USD
Dubai,2025-05-20,109.81,249629,USD
Dubai,2025-05-21,112.4,441763,USD
Dubai,2025-05-22,113.09,754868,USD
Dubai,2025-05-23,113.26,930343,USD
Dubai,2025-05-24,114.28,272821,USD
Dubai,2025-05-25,117.17,700017,USD
Dubai,2025-05-26,119.9,540807,USD
Dubai,2025-05-27,120.0,575790,USD
Dubai,2025-05-28,120.0,277800,USD
Dubai,2025-05-29,115.84,824656,USD
Dubai,2025-05-30,119.68,493945,USD
Dubai,2025-05-31,118.13,349078,USD
Dubai,2025-06-01,114.18,939580,USD
Dubai,2025-06-02,115.68,930380,USD
Dubai,2025-06-03,111.55,763419,USD
Dubai,2025-06-04,111.61,133041,USD
Dubai,2025-06-05,107.46,928482,USD
Dubai,2025-06-06,106.82,110802,USD
Dubai,2025-06-07,110.1,536516,USD
Dubai,2025-06-08,110.82,176862,USD
Dubai,2025-06-09,110.86,652767,USD
Dubai,2025-06-10,111.8,312948,USD
Dubai,2025-06-11,106.4,167406,USD
Dubai,2025-06-12,105.14,195544,USD
Dubai,2025-06-13,104.16,275462,USD
Dubai,2025-06-14,105.43,554420,USD
Dubai,2025-06-15,103.46,132814,USD
Dubai,2025-06-16,103.85,147469,USD
Dubai,2025-06-17,103.7,859594,USD
Dubai,2025-06-18,102.54,336167,USD
Dubai,2025-06-19,101.5,504170,USD
Dubai,2025-06-20,101.33,619851,USD
Dubai,2025-06-21,97.62,383979,USD
Dubai,2025-06-22,99.19,195961,USD
Dubai,2025-06-23,97.63,789936,USD
Dubai,2025-06-24,97.11,969646,USD
Dubai,2025-06-25,100.3,356685,USD
Dubai,2025-06-26,101.91,667693,USD
Dubai,2025-06-27,99.61,781998,USD
Dubai,2025-06-28,93.93,353726,USD
Dubai,2025-06-29,94.96,150601,USD
Dubai,2025-06-30,94.52,537070,USD
Dubai,2025-07-01,94.93,591766,USD
Dubai,2025-07-02,96.46,324769,USD
Dubai,2025-07-03,98.33,603296,USD
Dubai,2025-07-04,97.49,563267,USD
Dubai,2025-07-05,97.29,642891,USD
Dubai,2025-07-06,98.07,171743,USD
Dubai,2025-07-07,98.99,618098,USD
Dubai,2025-07-08,99.38,213503,USD
Dubai,2025-07-09,102.31,465774,USD
Dubai,2025-07-10,103.2,891853,USD
Dubai,2025-07-11,104.7,661154,USD
Dubai,2025-07-12,105.26,218159,USD
Dubai,2025-07-13,103.28,917943,USD
Dubai,2025-07-14,102.01,784360,USD
Dubai,2025-07-15,99.64,265640,USD
Dubai,2025-07-16,101.74,780805,USD
Dubai,2025-07-17,98.67,654959,USD
Dubai,2025-07-18,98.38,136300,USD
Dubai,2025-07-19,97.65,233162,USD
Dubai,2025-07-20,93.64,986189,USD
Dubai,2025-07-21,92.86,283181,USD
Dubai,2025-07-22,92.25,792155,USD
Dubai,2025-07-23,95.61,118908,USD
Dubai,2025-07-24,91.78,130988,USD
Dubai,2025-07-25,94.41,896714,USD
Dubai,2025-07-26,93.96,178035,USD
Dubai,2025-07-27,95.68,449175,USD
Dubai,2025-07-28,95.84,846609,USD
Dubai,2025-07-29,93.64,944363,USD
Dubai,2025-07-30,96.48,348010,USD
Dubai,2025-07-31,98.95,788784,USD
Dubai,2025-08-01,96.89,936463,USD
Dubai,2025-08-02,98.08,764691,USD
Dubai,2025-08-03,96.9,157415,USD
Dubai,2025-08-04,93.9,374041,USD
Dubai,2025-08-05,92.34,984652,USD
Dubai,2025-08-06,95.04,978955,USD
Dubai,2025-08-07,96.81,439481,USD
Dubai,2025-08-08,96.22,882580,USD
Dubai,2025-08-09,98.94,262591,USD
Dubai,2025-08-10,101.23,454379,USD
Dubai,2025-08-11,99.67,647390,USD
Dubai,2025-08-12,102.93,305498,USD
Dubai,2025-08-13,102.19,152612,USD
Dubai,2025-08-14,101.7,251218,USD
Dubai,2025-08-15,97.92,419317,USD
Dubai,2025-08-16,96.71,624976,USD
Dubai,2025-08-17,96.43,895909,USD
Dubai,2025-08-18,97.05,698265,USD
Dubai,2025-08-19,94.86,477401,USD
Dubai,2025-08-20,93.39,554173,USD
Dubai,2025-08-21,96.7,106617,USD
Dubai,2025-08-22,98.84,134560,USD
Dubai,2025-08-23,101.38,431425,USD
Dubai,2025-08-24,101.27,551750,USD
Dubai,2025-08-25,101.95,918937,USD
Dubai,2025-08-26,103.19,818024,USD
Dubai,2025-08-27,106.46,877929,USD
Dubai,2025-08-28,103.42,447445,USD
Dubai,2025-08-29,98.16,970035,USD
Dubai,2025-08-30,97.13,876663,USD
Dubai,2025-08-31,97.62,532503,USD
Dubai,2025-09-01,97.79,475447,USD
Dubai,2025-09-02,96.3,889974,USD
Dubai,2025-09-03,97.35,601919,USD
Dubai,2025-09-04,96.4,149149,USD
Dubai,2025-09-05,96.42,361789,USD
Dubai,2025-09-06,97.38,522466,USD
Dubai,2025-09-07,96.52,273408,USD
Dubai,2025-09-08,98.11,216164,USD
Dubai,2025-09-09,100.08,524463,USD
Dubai,2025-09-10,98.65,304733,USD
Dubai,2025-09-11,97.69,945931,USD
Dubai,2025-09-12,95.75,408724,USD
Dubai,2025-09-13,95.73,261247,USD
Dubai,2025-09-14,96.35,902026,USD
Dubai,2025-09-15,99.98,985340,USD
Dubai,2025-09-16,99.29,145157,USD
Dubai,2025-09-17,99.85,353642,USD
Dubai,2025-09-18,98.83,265871,USD
Dubai,2025-09-19,97.87,520948,USD
Dubai,2025-09-20,98.59,645307,USD
Dubai,2025-09-21,97.76,805151,USD
Dubai,2025-09-22,97.63,109461,USD
Dubai,2025-09-23,98.42,489555,USD
Dubai,2025-09-24,98.95,581988,USD
Dubai,2025-09-25,94.17,898682,USD
Dubai,2025-09-26,93.18,904540,USD
Dubai,2025-09-27,95.38,934216,USD
Dubai,2025-09-28,92.25,965852,USD
Dubai,2025-09-29,86.23,350824,USD
Dubai,2025-09-30,87.37,962984,USD
Dubai,2025-10-01,87.86,354295,USD
Dubai,2025-10-02,85.68,351107,USD
Dubai,2025-10-03,85.9,174314,USD
Dubai,2025-10-04,84.65,239068,USD
Dubai,2025-10-05,85.64,332913,USD
Dubai,2025-10-06,79.93,384811,USD
Dubai,2025-10-07,79.41,969902,USD
Dubai,2025-10-08,78.34,950236,USD
Dubai,2025-10-09,79.93,918635,USD
Dubai,2025-10-10,76.22,105565,USD
Dubai,2025-10-11,76.31,112776,USD
Dubai,2025-10-12,77.42,331868,USD
Dubai,2025-10-13,81.14,759844,USD
Dubai,2025-10-14,80.17,995879,USD
Dubai,2025-10-15,80.82,579991,USD
Dubai,2025-10-16,77.21,465080,USD
Dubai,2025-10-17,77.2,642920,USD
Dubai,2025-10-18,79.56,304534,USD
Dubai,2025-10-19,83.3,563650,USD
Dubai,2025-10-20,84.14,991256,USD
Dubai,2025-10-21,81.0,794936,USD
Dubai,2025-10-22,83.71,253416,USD
Dubai,2025-10-23,80.58,488626,USD
Dubai,2025-10-24,78.22,803601,USD
Dubai,2025-10-25,81.13,618840,USD
Dubai,2025-10-26,80.97,407862,USD
Dubai,2025-10-27,79.79,301944,USD
Dubai,2025-10-28,81.19,554052,USD
Dubai,2025-10-29,81.52,500966,USD
Dubai,2025-10-30,85.91,970271,USD
Dubai,2025-10-31,88.06,225505,USD
Dubai,2025-11-01,88.48,612285,USD
Dubai,2025-11-02,88.95,746212,USD
Dubai,2025-11-03,91.02,434839,USD
Dubai,2025-11-04,90.84,455031,USD
Dubai,2025-11-05,89.06,880354,USD
Dubai,2025-11-06,90.58,969959,USD
Dubai,2025-11-07,90.0,499095,USD
Dubai,2025-11-08,90.58,718992,USD
Dubai,2025-11-09,86.59,346127,USD
Dubai,2025-11-10,86.32,418125,USD
Dubai,2025-11-11,85.28,384069,USD
Dubai,2025-11-12,81.23,273032,USD
Dubai,2025-11-13,81.03,378522,USD
Dubai,2025-11-14,80.89,500241,USD
Dubai,2025-11-15,81.62,618890,USD
Dubai,2025-11-16,83.94,646591,USD
Dubai,2025-11-17,85.89,179720,USD
Dubai,2025-11-18,84.97,636528,USD
Dubai,2025-11-19,85.34,765623,USD
Dubai,2025-11-20,86.36,127318,USD
Dubai,2025-11-21,85.5,859431,USD
Dubai,2025-11-22,82.53,220400,USD
Dubai,2025-11-23,82.11,957976,USD
Dubai,2025-11-24,84.53,590320,USD
Dubai,2025-11-25,81.47,213079,USD
Dubai,2025-11-26,79.5,292188,USD
Dubai,2025-11-27,77.92,470029,USD
Dubai,2025-11-28,75.97,430010,USD
Dubai,2025-11-29,77.38,451825,USD
Dubai,2025-11-30,76.12,161233,USD
Dubai,2025-12-01,77.58,385213,USD
Dubai,2025-12-02,77.67,799955,USD
Dubai,2025-12-03,74.18,872490,USD
Dubai,2025-12-04,73.36,718510,USD
Dubai,2025-12-05,75.37,381550,USD
Dubai,2025-12-06,75.68,108844,USD
Dubai,2025-12-07,75.01,468264,USD
Dubai,2025-12-08,77.45,789620,USD
Dubai,2025-12-09,75.3,373685,USD
Dubai,2025-12-10,74.1,501693,USD
Dubai,2025-12-11,75.91,754316,USD
Dubai,2025-12-12,77.27,648713,USD
Dubai,2025-12-13,74.96,923588,USD
Dubai,2025-12-14,75.91,611441,USD
Dubai,2025-12-15,74.62,347199,USD
Dubai,2025-12-16,70.49,621382,USD
Dubai,2025-12-17,69.85,900100,USD
Dubai,2025-12-18,73.75,566873,USD
Dubai,2025-12-19,75.8,146048,USD
Dubai,2025-12-20,75.71,379211,USD
Dubai,2025-12-21,72.54,263587,USD
Dubai,2025-12-22,68.47,332296,USD
Dubai,2025-12-23,68.56,517586,USD
Dubai,2025-12-24,69.37,195592,USD
Dubai,2025-12-25,70.8,798289,USD
Dubai,2025-12-26,71.99,202569,USD
Dubai,2025-12-27,73.35,679517,USD
Dubai,2025-12-28,73.9,681766,USD
Dubai,2025-12-29,76.29,512527,USD
Dubai,2025-12-30,75.24,675066,USD
Dubai,2025-12-31,75.31,173302,USD
Dubai,2026-01-01,71.82,590885,USD
Dubai,2026-01-02,70.73,220074,USD
Dubai,2026-01-03,72.72,247019,USD
Dubai,2026-01-04,74.01,193881,USD
Dubai,2026-01-05,69.27,196040,USD
Dubai,2026-01-06,73.35,684600,USD
Dubai,2026-01-07,73.66,663449,USD
Dubai,2026-01-08,74.02,167750,USD
Dubai,2026-01-09,72.8,334043,USD
Dubai,2026-01-10,71.99,446552,USD
Dubai,2026-01-11,72.29,851476,USD
Dubai,2026-01-12,73.46,739316,USD
Dubai,2026-01-13,74.1,347588,USD
Dubai,2026-01-14,73.04,675197,USD
Dubai,2026-01-15,71.24,937605,USD
Dubai,2026-01-16,69.31,122179,USD
Dubai,2026-01-17,71.47,852740,USD
Dubai,2026-01-18,73.36,976995,USD
Dubai,2026-01-19,74.33,682607,USD
Dubai,2026-01-20,76.47,215514,USD
Dubai,2026-01-21,76.22,135953,USD
Dubai,2026-01-22,77.92,426064,USD
Dubai,2026-01-23,79.0,513409,USD
Dubai,2026-01-24,80.75,149591,USD
Dubai,2026-01-25,78.63,935699,USD
Dubai,2026-01-26,73.64,676977,USD
Dubai,2026-01-27,74.16,159449,USD
Dubai,2026-01-28,70.26,975311,USD
Dubai,2026-01-29,69.56,419755,USD
Dubai,2026-01-30,65.12,714260,USD
Dubai,2026-01-31,67.64,341328,USD
Dubai,2026-02-01,69.53,384101,USD
Dubai,2026-02-02,70.23,135817,USD
Dubai,2026-02-03,68.54,637914,USD
Dubai,2026-02-04,64.98,169272,USD
Dubai,2026-02-05,60.52,703688,USD
Dubai,2026-02-06,59.41,479170,USD
Dubai,2026-02-07,60.8,854955,USD
Dubai,2026-02-08,60.12,595513,USD
Dubai,2026-02-09,61.12,273243,USD
Dubai,2026-02-10,62.22,143889,USD
Dubai,2026-02-11,63.59,859355,USD
Dubai,2026-02-12,59.71,591828,USD
Dubai,2026-02-13,58.19,182217,USD
Dubai,2026-02-14,59.15,267931,USD
Dubai,2026-02-15,62.14,269408,USD
Dubai,2026-02-16,64.44,115748,USD
Dubai,2026-02-17,65.04,144104,USD
Dubai,2026-02-18,67.57,394065,USD
Dubai,2026-02-19,68.15,414652,USD
Dubai,2026-02-20,65.05,123947,USD
Dubai,2026-02-21,66.37,761705,USD
Dubai,2026-02-22,68.75,767515,USD
Dubai,2026-02-23,72.45,707707,USD
Dubai,2026-02-24,71.29,213499,USD
Dubai,2026-02-25,68.97,216871,USD
Dubai,2026-02-26,70.67,966459,USD
Dubai,2026-02-27,71.51,665512,USD
Dubai,2026-02-28,72.15,656456,USD
Dubai,2026-03-01,74.72,803315,USD
Dubai,2026-03-02,76.41,150592,USD
Dubai,2026-03-03,77.44,772768,USD
Dubai,2026-03-04,76.52,676402,USD
Dubai,2026-03-05,78.03,382745,USD
Dubai,2026-03-06,75.64,740998,USD
Dubai,2026-03-07,76.22,258301,USD
Dubai,2026-03-08,76.15,923351,USD
Dubai,2026-03-09,72.96,290542,USD
Dubai,2026-03-10,73.8,550557,USD
Dubai,2026-03-11,72.64,920606,USD
Dubai,2026-03-12,73.43,309591,USD
Dubai,2026-03-13,71.52,241084,USD
Dubai,2026-03-14,73.23,779344,USD
Dubai,2026-03-15,76.59,378516,USD
Dubai,2026-03-16,72.25,985680,USD
Dubai,2026-03-17,69.86,363024,USD
Dubai,2026-03-18,67.94,608134,USD
Dubai,2026-03-19,65.24,327090,USD
Dubai,2026-03-20,64.81,906234,USD
Dubai,2026-03-21,65.57,193127,USD
Dubai,2026-03-22,66.95,251874,USD
Dubai,2026-03-23,67.48,971494,USD
Dubai,2026-03-24,68.8,709138,USD
Dubai,2026-03-25,68.66,371428,USD
Dubai,2026-03-26,67.48,183715,USD
Dubai,2026-03-27,65.61,229481,USD
Dubai,2026-03-28,65.25,816020,USD
Dubai,2026-03-29,63.43,227245,USD
Dubai,2026-03-30,64.12,277464,USD
Dubai,2026-03-31,62.33,187849,USD
Dubai,2026-04-01,61.35,690238,USD
Dubai,2026-04-02,63.5,583548,USD
Dubai,2026-04-03,65.86,665860,USD
Dubai,2026-04-04,68.15,339491,USD
Dubai,2026-04-05,68.04,901876,USD
Dubai,2026-04-06,66.94,612547,USD
Dubai,2026-04-07,67.94,706864,USD
Dubai,2026-04-08,66.19,981959,USD
Dubai,2026-04-09,67.67,196326,USD
Oman,2024-04-09,68.72,802629,USD
Oman,2024-04-10,68.29,667571,USD
Oman,2024-04-11,69.82,487128,USD
Oman,2024-04-12,66.18,785916,USD
Oman,2024-04-13,64.98,942558,USD
Oman,2024-04-14,65.72,327553,USD
Oman,2024-04-15,66.89,160556,USD
Oman,2024-04-16,67.71,669860,USD
Oman,2024-04-17,67.25,748949,USD
Oman,2024-04-18,69.0,125309,USD
Oman,2024-04-19,67.06,437789,USD
Oman,2024-04-20,65.05,840703,USD
Oman,2024-04-21,65.77,311528,USD
Oman,2024-04-22,63.63,636439,USD
Oman,2024-04-23,67.07,196705,USD
Oman,2024-04-24,68.65,999415,USD
Oman,2024-04-25,67.51,290288,USD
Oman,2024-04-26,69.22,968903,USD
Oman,2024-04-27,66.76,924232,USD
Oman,2024-04-28,69.66,222171,USD
Oman,2024-04-29,69.69,979694,USD
Oman,2024-04-30,68.5,344545,USD
Oman,2024-05-01,67.9,834360,USD
Oman,2024-05-02,66.4,408002,USD
Oman,2024-05-03,65.96,983245,USD
Oman,2024-05-04,63.6,249884,USD
Oman,2024-05-05,67.25,987559,USD
Oman,2024-05-06,66.11,163061,USD
Oman,2024-05-07,67.78,150963,USD
Oman,2024-05-08,68.2,935887,USD
Oman,2024-05-09,66.23,547069,USD
Oman,2024-05-10,65.85,737725,USD
Oman,2024-05-11,68.24,758685,USD
Oman,2024-05-12,67.32,673571,USD
Oman,2024-05-13,65.16,163626,USD
Oman,2024-05-14,66.25,996602,USD
Oman,2024-05-15,61.91,527080,USD
Oman,2024-05-16,61.35,816751,USD
Oman,2024-05-17,63.93,635873,USD
Oman,2024-05-18,63.5,643873,USD
Oman,2024-05-19,65.38,667016,USD
Oman,2024-05-20,63.19,184203,USD
Oman,2024-05-21,62.68,115004,USD
Oman,2024-05-22,61.99,290356,USD
Oman,2024-05-23,62.97,762431,USD
Oman,2024-05-24,63.11,246259,USD
Oman,2024-05-25,59.07,963771,USD
Oman,2024-05-26,61.95,229488,USD
Oman,2024-05-27,60.93,107757,USD
Oman,2024-05-28,61.04,509855,USD
Oman,2024-05-29,60.42,566213,USD
Oman,2024-05-30,60.39,746261,USD
Oman,2024-05-31,60.17,498424,USD
Oman,2024-06-01,58.4,831827,USD
Oman,2024-06-02,59.94,629588,USD
Oman,2024-06-03,58.61,665227,USD
Oman,2024-06-04,57.14,846945,USD
Oman,2024-06-05,54.05,880310,USD
Oman,2024-06-06,52.98,702341,USD
Oman,2024-06-07,51.62,283830,USD
Oman,2024-06-08,45.79,664122,USD
Oman,2024-06-09,41.75,609266,USD
Oman,2024-06-10,36.09,925080,USD
Oman,2024-06-11,35.64,746829,USD
Oman,2024-06-12,38.42,627611,USD
Oman,2024-06-13,35.63,517542,USD
Oman,2024-06-14,35.56,321236,USD
Oman,2024-06-15,35.06,957037,USD
Oman,2024-06-16,36.32,579749,USD
Oman,2024-06-17,37.72,216442,USD
Oman,2024-06-18,42.03,438239,USD
Oman,2024-06-19,42.53,502186,USD
Oman,2024-06-20,40.92,800186,USD
Oman,2024-06-21,39.79,465699,USD
Oman,2024-06-22,38.85,933926,USD
Oman,2024-06-23,37.56,565544,USD
Oman,2024-06-24,40.89,175791,USD
Oman,2024-06-25,42.2,198534,USD
Oman,2024-06-26,38.94,969253,USD
Oman,2024-06-27,39.9,320909,USD
Oman,2024-06-28,37.79,745805,USD
Oman,2024-06-29,39.17,653049,USD
Oman,2024-06-30,41.38,903222,USD
Oman,2024-07-01,40.92,323458,USD
Oman,2024-07-02,39.77,989212,USD
Oman,2024-07-03,42.71,716252,USD
Oman,2024-07-04,41.31,290873,USD
Oman,2024-07-05,39.72,470014,USD
Oman,2024-07-06,37.82,310892,USD
Oman,2024-07-07,37.65,404656,USD
Oman,2024-07-08,38.14,106382,USD
Oman,2024-07-09,40.04,231947,USD
Oman,2024-07-10,41.1,243699,USD
Oman,2024-07-11,42.12,140374,USD
Oman,2024-07-12,44.66,660292,USD
Oman,2024-07-13,42.68,792758,USD
Oman,2024-07-14,39.79,829841,USD
Oman,2024-07-15,40.94,465816,USD
Oman,2024-07-16,40.68,794652,USD
Oman,2024-07-17,42.59,916985,USD
Oman,2024-07-18,42.52,178675,USD
Oman,2024-07-19,41.3,824607,USD
Oman,2024-07-20,42.48,865119,USD
Oman,2024-07-21,42.65,144874,USD
Oman,2024-07-22,42.57,234918,USD
Oman,2024-07-23,47.35,680635,USD
Oman,2024-07-24,49.72,115272,USD
Oman,2024-07-25,51.16,699352,USD
Oman,2024-07-26,51.39,840391,USD
Oman,2024-07-27,51.44,513606,USD
Oman,2024-07-28,50.83,549071,USD
Oman,2024-07-29,51.25,552898,USD
Oman,2024-07-30,50.28,788633,USD
Oman,2024-07-31,47.9,683431,USD
Oman,2024-08-01,47.8,255147,USD
Oman,2024-08-02,48.38,241483,USD
Oman,2024-08-03,50.3,966104,USD
Oman,2024-08-04,48.71,664149,USD
Oman,2024-08-05,48.78,327879,USD
Oman,2024-08-06,49.82,981052,USD
Oman,2024-08-07,50.81,551682,USD
Oman,2024-08-08,54.02,219223,USD
Oman,2024-08-09,53.45,592223,USD
Oman,2024-08-10,51.71,476185,USD
Oman,2024-08-11,51.91,867956,USD
Oman,2024-08-12,51.44,887289,USD
Oman,2024-08-13,50.62,216012,USD
Oman,2024-08-14,49.55,660824,USD
Oman,2024-08-15,50.14,420460,USD
Oman,2024-08-16,48.81,675281,USD
Oman,2024-08-17,50.26,312114,USD
Oman,2024-08-18,51.6,214121,USD
Oman,2024-08-19,52.37,879936,USD
Oman,2024-08-20,50.38,484787,USD
Oman,2024-08-21,50.88,244774,USD
Oman,2024-08-22,52.94,195216,USD
Oman,2024-08-23,54.53,555525,USD
Oman,2024-08-24,55.82,582120,USD
Oman,2024-08-25,55.86,454771,USD
Oman,2024-08-26,55.81,524712,USD
Oman,2024-08-27,58.22,541281,USD
Oman,2024-08-28,58.78,463167,USD
Oman,2024-08-29,59.36,399969,USD
Oman,2024-08-30,64.87,314503,USD
Oman,2024-08-31,64.26,814559,USD
Oman,2024-09-01,60.08,196138,USD
Oman,2024-09-02,59.74,314960,USD
Oman,2024-09-03,59.51,251973,USD
Oman,2024-09-04,60.04,514605,USD
Oman,2024-09-05,61.01,596541,USD
Oman,2024-09-06,57.11,420903,USD
Oman,2024-09-07,58.12,439613,USD
Oman,2024-09-08,58.01,332404,USD
Oman,2024-09-09,57.48,783568,USD
Oman,2024-09-10,54.29,285389,USD
Oman,2024-09-11,57.15,404859,USD
Oman,2024-09-12,56.31,607363,USD
Oman,2024-09-13,57.63,147051,USD
Oman,2024-09-14,56.02,867288,USD
Oman,2024-09-15,56.63,417276,USD
Oman,2024-09-16,56.14,750415,USD
Oman,2024-09-17,57.39,213973,USD
Oman,2024-09-18,56.83,260667,USD
Oman,2024-09-19,55.14,276382,USD
Oman,2024-09-20,55.11,949389,USD
Oman,2024-09-21,54.99,930957,USD
Oman,2024-09-22,55.47,590342,USD
Oman,2024-09-23,57.32,693011,USD
Oman,2024-09-24,55.22,990212,USD
Oman,2024-09-25,56.96,146821,USD
Oman,2024-09-26,54.58,202281,USD
Oman,2024-09-27,55.76,558753,USD
Oman,2024-09-28,57.0,370060,USD
Oman,2024-09-29,56.06,438374,USD
Oman,2024-09-30,54.54,780679,USD
Oman,2024-10-01,52.93,116226,USD
Oman,2024-10-02,53.08,192098,USD
Oman,2024-10-03,54.45,673662,USD
Oman,2024-10-04,54.17,821643,USD
Oman,2024-10-05,49.81,197560,USD
Oman,2024-10-06,48.75,888339,USD
Oman,2024-10-07,47.63,561034,USD
Oman,2024-10-08,48.59,538637,USD
Oman,2024-10-09,49.65,621794,USD
Oman,2024-10-10,49.95,586195,USD
Oman,2024-10-11,51.69,222450,USD
Oman,2024-10-12,53.59,852471,USD
Oman,2024-10-13,52.64,324079,USD
Oman,2024-10-14,50.98,435076,USD
Oman,2024-10-15,50.83,466667,USD
Oman,2024-10-16,47.46,987912,USD
Oman,2024-10-17,47.76,149058,USD
Oman,2024-10-18,46.71,852795,USD
Oman,2024-10-19,52.87,605435,USD
Oman,2024-10-20,55.59,253732,USD
Oman,2024-10-21,54.37,634146,USD
Oman,2024-10-22,52.34,289105,USD
Oman,2024-10-23,50.98,222063,USD
Oman,2024-10-24,52.91,231065,USD
Oman,2024-10-25,54.9,804471,USD
Oman,2024-10-26,57.65,943733,USD
Oman,2024-10-27,55.95,319098,USD
Oman,2024-10-28,56.9,857974,USD
Oman,2024-10-29,55.35,928036,USD
Oman,2024-10-30,58.57,685229,USD
Oman,2024-10-31,56.93,462034,USD
Oman,2024-11-01,54.49,146101,USD
Oman,2024-11-02,52.36,460873,USD
Oman,2024-11-03,52.34,415638,USD
Oman,2024-11-04,53.68,238071,USD
Oman,2024-11-05,54.89,429896,USD
Oman,2024-11-06,52.84,818608,USD
Oman,2024-11-07,52.09,736505,USD
Oman,2024-11-08,51.1,195224,USD
Oman,2024-11-09,48.79,665385,USD
Oman,2024-11-10,47.75,620707,USD
Oman,2024-11-11,50.4,920207,USD
Oman,2024-11-12,47.86,440833,USD
Oman,2024-11-13,48.28,858830,USD
Oman,2024-11-14,50.98,880139,USD
Oman,2024-11-15,53.57,904575,USD
Oman,2024-11-16,56.9,781234,USD
Oman,2024-11-17,57.51,646044,USD
Oman,2024-11-18,58.4,748100,USD
Oman,2024-11-19,57.4,177522,USD
Oman,2024-11-20,54.82,403729,USD
Oman,2024-11-21,54.53,116272,USD
Oman,2024-11-22,56.73,657624,USD
Oman,2024-11-23,52.34,697141,USD
Oman,2024-11-24,51.42,208433,USD
Oman,2024-11-25,52.51,866383,USD
Oman,2024-11-26,52.52,983279,USD
Oman,2024-11-27,54.98,187639,USD
Oman,2024-11-28,56.94,415006,USD
Oman,2024-11-29,54.14,935535,USD
Oman,2024-11-30,54.31,631779,USD
Oman,2024-12-01,52.85,687455,USD
Oman,2024-12-02,51.37,859312,USD
Oman,2024-12-03,48.7,275448,USD
Oman,2024-12-04,49.18,785968,USD
Oman,2024-12-05,51.69,742246,USD
Oman,2024-12-06,52.34,880950,USD
Oman,2024-12-07,49.56,488904,USD
Oman,2024-12-08,49.46,228507,USD
Oman,2024-12-09,50.47,450491,USD
Oman,2024-12-10,50.22,881288,USD
Oman,2024-12-11,50.84,893125,USD
Oman,2024-12-12,49.53,752102,USD
Oman,2024-12-13,49.06,380361,USD
Oman,2024-12-14,48.47,536740,USD
Oman,2024-12-15,51.37,800118,USD
Oman,2024-12-16,49.36,438571,USD
Oman,2024-12-17,45.18,430606,USD
Oman,2024-12-18,47.94,425591,USD
Oman,2024-12-19,48.17,571829,USD
Oman,2024-12-20,45.78,349770,USD
Oman,2024-12-21,47.55,940071,USD
Oman,2024-12-22,48.68,682948,USD
Oman,2024-12-23,51.95,126369,USD
Oman,2024-12-24,52.34,591174,USD
Oman,2024-12-25,57.12,423481,USD
Oman,2024-12-26,56.89,520014,USD
Oman,2024-12-27,58.02,147438,USD
Oman,2024-12-28,59.45,318812,USD
Oman,2024-12-29,65.67,770275,USD
Oman,2024-12-30,64.83,514640,USD
Oman,2024-12-31,63.92,357651,USD
Oman,2025-01-01,65.38,685874,USD
Oman,2025-01-02,62.84,842065,USD
Oman,2025-01-03,61.37,346299,USD
Oman,2025-01-04,61.08,982004,USD
Oman,2025-01-05,64.28,106622,USD
Oman,2025-01-06,65.75,566385,USD
Oman,2025-01-07,65.9,928693,USD
Oman,2025-01-08,64.88,971577,USD
Oman,2025-01-09,60.67,950515,USD
Oman,2025-01-10,64.75,706248,USD
Oman,2025-01-11,64.64,316220,USD
Oman,2025-01-12,63.17,522823,USD
Oman,2025-01-13,67.72,421093,USD
Oman,2025-01-14,65.25,247843,USD
Oman,2025-01-15,67.83,697611,USD
Oman,2025-01-16,67.86,404531,USD
Oman,2025-01-17,69.32,971078,USD
Oman,2025-01-18,70.4,900852,USD
Oman,2025-01-19,71.83,125056,USD
Oman,2025-01-20,76.62,321990,USD
Oman,2025-01-21,80.99,601526,USD
Oman,2025-01-22,79.61,768372,USD
Oman,2025-01-23,80.61,179328,USD
Oman,2025-01-24,77.23,472298,USD
Oman,2025-01-25,78.88,991578,USD
Oman,2025-01-26,81.03,350102,USD
Oman,2025-01-27,76.88,496542,USD
Oman,2025-01-28,76.83,871255,USD
Oman,2025-01-29,78.29,283159,USD
Oman,2025-01-30,78.99,886025,USD
Oman,2025-01-31,76.56,560879,USD
Oman,2025-02-01,74.32,946621,USD
Oman,2025-02-02,74.04,870914,USD
Oman,2025-02-03,73.19,456449,USD
Oman,2025-02-04,72.52,446997,USD
Oman,2025-02-05,69.84,923874,USD
Oman,2025-02-06,69.9,989533,USD
Oman,2025-02-07,73.12,518749,USD
Oman,2025-02-08,70.76,952808,USD
Oman,2025-02-09,70.32,790164,USD
Oman,2025-02-10,71.54,749304,USD
Oman,2025-02-11,68.43,947151,USD
Oman,2025-02-12,68.51,797187,USD
Oman,2025-02-13,70.58,605930,USD
Oman,2025-02-14,68.6,213523,USD
Oman,2025-02-15,68.87,576580,USD
Oman,2025-02-16,70.78,971933,USD
Oman,2025-02-17,75.43,535791,USD
Oman,2025-02-18,75.6,856986,USD
Oman,2025-02-19,74.17,997164,USD
Oman,2025-02-20,70.53,915987,USD
Oman,2025-02-21,69.12,272117,USD
Oman,2025-02-22,66.34,136974,USD
Oman,2025-02-23,69.74,412559,USD
Oman,2025-02-24,71.52,953911,USD
Oman,2025-02-25,69.28,341242,USD
Oman,2025-02-26,67.75,940629,USD
Oman,2025-02-27,67.88,789716,USD
Oman,2025-02-28,69.94,682767,USD
Oman,2025-03-01,70.94,972049,USD
Oman,2025-03-02,71.74,565418,USD
Oman,2025-03-03,72.15,205357,USD
Oman,2025-03-04,70.0,633244,USD
Oman,2025-03-05,70.16,534243,USD
Oman,2025-03-06,70.08,955453,USD
Oman,2025-03-07,67.27,445248,USD
Oman,2025-03-08,70.62,643413,USD
Oman,2025-03-09,69.44,369033,USD
Oman,2025-03-10,66.68,969419,USD
Oman,2025-03-11,65.81,217570,USD
Oman,2025-03-12,65.29,299601,USD
Oman,2025-03-13,65.15,802424,USD
Oman,2025-03-14,64.61,176289,USD
Oman,2025-03-15,64.58,826863,USD
Oman,2025-03-16,64.88,869063,USD
Oman,2025-03-17,65.07,714858,USD
Oman,2025-03-18,65.86,557631,USD
Oman,2025-03-19,66.76,309611,USD
Oman,2025-03-20,67.72,982685,USD
Oman,2025-03-21,69.18,240123,USD
Oman,2025-03-22,67.8,813285,USD
Oman,2025-03-23,66.48,268216,USD
Oman,2025-03-24,68.55,599158,USD
Oman,2025-03-25,67.73,911468,USD
Oman,2025-03-26,67.48,702383,USD
Oman,2025-03-27,67.06,899444,USD
Oman,2025-03-28,71.61,269649,USD
Oman,2025-03-29,69.91,824470,USD
Oman,2025-03-30,68.17,603222,USD
Oman,2025-03-31,68.15,552505,USD
Oman,2025-04-01,67.78,400694,USD
Oman,2025-04-02,65.52,569647,USD
Oman,2025-04-03,65.33,784905,USD
Oman,2025-04-04,65.37,741712,USD
Oman,2025-04-05,64.36,779439,USD
Oman,2025-04-06,64.06,959657,USD
Oman,2025-04-07,62.53,265431,USD
Oman,2025-04-08,60.27,619242,USD
Oman,2025-04-09,59.44,727311,USD
Oman,2025-04-10,57.45,604104,USD
Oman,2025-04-11,54.85,605899,USD
Oman,2025-04-12,51.14,105278,USD
Oman,2025-04-13,51.58,928034,USD
Oman,2025-04-14,50.69,343615,USD
Oman,2025-04-15,52.77,893538,USD
Oman,2025-04-16,48.86,947715,USD
Oman,2025-04-17,48.12,702238,USD
Oman,2025-04-18,48.55,469273,USD
Oman,2025-04-19,47.27,271955,USD
Oman,2025-04-20,47.19,811462,USD
Oman,2025-04-21,43.5,445617,USD
Oman,2025-04-22,42.64,868959,USD
Oman,2025-04-23,40.95,205751,USD
Oman,2025-04-24,42.8,326798,USD
Oman,2025-04-25,43.1,580132,USD
Oman,2025-04-26,44.64,636754,USD
Oman,2025-04-27,46.96,570957,USD
Oman,2025-04-28,45.95,205073,USD
Oman,2025-04-29,46.16,942913,USD
Oman,2025-04-30,44.01,377516,USD
Oman,2025-05-01,44.73,323031,USD
Oman,2025-05-02,45.74,132706,USD
Oman,2025-05-03,46.32,279702,USD
Oman,2025-05-04,45.3,434143,USD
Oman,2025-05-05,48.87,201908,USD
Oman,2025-05-06,48.9,465729,USD
Oman,2025-05-07,54.77,836524,USD
Oman,2025-05-08,52.62,254510,USD
Oman,2025-05-09,53.82,600283,USD
Oman,2025-05-10,55.74,729575,USD
Oman,2025-05-11,53.63,699188,USD
Oman,2025-05-12,53.11,572205,USD
Oman,2025-05-13,50.32,916179,USD
Oman,2025-05-14,52.72,628632,USD
Oman,2025-05-15,52.52,780720,USD
Oman,2025-05-16,50.84,814721,USD
Oman,2025-05-17,52.78,340901,USD
Oman,2025-05-18,52.75,469538,USD
Oman,2025-05-19,54.39,179895,USD
Oman,2025-05-20,55.24,878495,USD
Oman,2025-05-21,53.31,315432,USD
Oman,2025-05-22,52.23,476171,USD
Oman,2025-05-23,50.6,221480,USD
Oman,2025-05-24,48.33,366559,USD
Oman,2025-05-25,45.07,412046,USD
Oman,2025-05-26,49.12,771806,USD
Oman,2025-05-27,49.66,398800,USD
Oman,2025-05-28,50.5,769997,USD
Oman,2025-05-29,52.68,321713,USD
Oman,2025-05-30,51.59,156928,USD
Oman,2025-05-31,48.92,599766,USD
Oman,2025-06-01,50.36,574821,USD
Oman,2025-06-02,47.96,877962,USD
Oman,2025-06-03,49.36,378431,USD
Oman,2025-06-04,46.42,589135,USD
Oman,2025-06-05,43.9,165462,USD
Oman,2025-06-06,42.61,709334,USD
Oman,2025-06-07,43.93,822890,USD
Oman,2025-06-08,47.17,695674,USD
Oman,2025-06-09,48.0,419976,USD
Oman,2025-06-10,46.79,614091,USD
Oman,2025-06-11,48.61,770857,USD
Oman,2025-06-12,45.62,513411,USD
Oman,2025-06-13,43.78,836167,USD
Oman,2025-06-14,43.94,695319,USD
Oman,2025-06-15,45.46,912946,USD
Oman,2025-06-16,45.04,738010,USD
Oman,2025-06-17,44.42,841370,USD
Oman,2025-06-18,43.9,180405,USD
Oman,2025-06-19,46.07,494003,USD
Oman,2025-06-20,44.55,795040,USD
Oman,2025-06-21,42.59,167974,USD
Oman,2025-06-22,42.05,636457,USD
Oman,2025-06-23,44.51,180687,USD
Oman,2025-06-24,43.2,965389,USD
Oman,2025-06-25,42.68,826535,USD
Oman,2025-06-26,39.66,940109,USD
Oman,2025-06-27,39.22,410136,USD
Oman,2025-06-28,39.66,949396,USD
Oman,2025-06-29,37.27,103447,USD
Oman,2025-06-30,39.44,529398,USD
Oman,2025-07-01,39.86,995107,USD
Oman,2025-07-02,38.82,993548,USD
Oman,2025-07-03,39.26,467104,USD
Oman,2025-07-04,40.21,373876,USD
Oman,2025-07-05,36.71,177811,USD
Oman,2025-07-06,37.23,999286,USD
Oman,2025-07-07,39.61,358161,USD
Oman,2025-07-08,38.07,247657,USD
Oman,2025-07-09,37.07,356667,USD
Oman,2025-07-10,36.38,201556,USD
Oman,2025-07-11,37.92,883022,USD
Oman,2025-07-12,35.81,486848,USD
Oman,2025-07-13,36.67,358531,USD
Oman,2025-07-14,36.01,990351,USD
Oman,2025-07-15,39.36,149270,USD
Oman,2025-07-16,38.81,552820,USD
Oman,2025-07-17,34.41,384342,USD
Oman,2025-07-18,35.64,944847,USD
Oman,2025-07-19,36.39,824584,USD
Oman,2025-07-20,36.72,843299,USD
Oman,2025-07-21,39.05,373153,USD
Oman,2025-07-22,35.78,520648,USD
Oman,2025-07-23,33.97,357021,USD
Oman,2025-07-24,33.88,188240,USD
Oman,2025-07-25,34.11,574135,USD
Oman,2025-07-26,33.73,489925,USD
Oman,2025-07-27,30.73,819722,USD
Oman,2025-07-28,30.0,400333,USD
Oman,2025-07-29,33.18,384821,USD
Oman,2025-07-30,30.99,312009,USD
Oman,2025-07-31,30.85,939253,USD
Oman,2025-08-01,31.71,534002,USD
Oman,2025-08-02,33.19,568291,USD
Oman,2025-08-03,34.41,277518,USD
Oman,2025-08-04,33.3,292183,USD
Oman,2025-08-05,31.48,938389,USD
Oman,2025-08-06,34.85,180108,USD
Oman,2025-08-07,36.53,913702,USD
Oman,2025-08-08,36.58,240876,USD
Oman,2025-08-09,39.28,243455,USD
Oman,2025-08-10,36.25,971219,USD
Oman,2025-08-11,33.59,639109,USD
Oman,2025-08-12,30.0,164561,USD
Oman,2025-08-13,30.21,117461,USD
Oman,2025-08-14,30.5,394306,USD
Oman,2025-08-15,30.0,918628,USD
Oman,2025-08-16,31.61,670500,USD
Oman,2025-08-17,30.0,453555,USD
Oman,2025-08-18,30.62,261686,USD
Oman,2025-08-19,31.69,552765,USD
Oman,2025-08-20,31.87,174623,USD
Oman,2025-08-21,30.0,870332,USD
Oman,2025-08-22,32.3,491210,USD
Oman,2025-08-23,31.25,791887,USD
Oman,2025-08-24,30.2,339028,USD
Oman,2025-08-25,30.0,389517,USD
Oman,2025-08-26,31.29,518938,USD
Oman,2025-08-27,30.15,234459,USD
Oman,2025-08-28,30.0,558986,USD
Oman,2025-08-29,31.85,937004,USD
Oman,2025-08-30,31.67,445210,USD
Oman,2025-08-31,33.6,826037,USD
Oman,2025-09-01,33.56,103290,USD
Oman,2025-09-02,32.02,306744,USD
Oman,2025-09-03,30.0,279614,USD
Oman,2025-09-04,30.21,336259,USD
Oman,2025-09-05,30.0,147112,USD
Oman,2025-09-06,31.38,866340,USD
Oman,2025-09-07,30.15,534759,USD
Oman,2025-09-08,30.83,280508,USD
Oman,2025-09-09,30.71,293823,USD
Oman,2025-09-10,30.0,441429,USD
Oman,2025-09-11,30.0,919750,USD
Oman,2025-09-12,30.0,940969,USD
Oman,2025-09-13,33.54,143617,USD
Oman,2025-09-14,34.18,653997,USD
Oman,2025-09-15,31.36,135601,USD
Oman,2025-09-16,34.77,728263,USD
Oman,2025-09-17,32.56,674325,USD
Oman,2025-09-18,31.3,484401,USD
Oman,2025-09-19,30.74,215878,USD
Oman,2025-09-20,30.67,385533,USD
Oman,2025-09-21,31.99,789673,USD
Oman,2025-09-22,30.0,830770,USD
Oman,2025-09-23,30.0,880436,USD
Oman,2025-09-24,30.0,609690,USD
Oman,2025-09-25,30.25,786965,USD
Oman,2025-09-26,30.0,894245,USD
Oman,2025-09-27,30.0,118109,USD
Oman,2025-09-28,30.0,502094,USD
Oman,2025-09-29,33.27,106386,USD
Oman,2025-09-30,32.31,586689,USD
Oman,2025-10-01,34.51,709570,USD
Oman,2025-10-02,34.67,578205,USD
Oman,2025-10-03,34.75,459747,USD
Oman,2025-10-04,35.01,368335,USD
Oman,2025-10-05,35.87,213817,USD
Oman,2025-10-06,35.05,694422,USD
Oman,2025-10-07,37.09,523734,USD
Oman,2025-10-08,37.95,154614,USD
Oman,2025-10-09,35.4,472008,USD
Oman,2025-10-10,31.01,773804,USD
Oman,2025-10-11,34.21,845132,USD
Oman,2025-10-12,34.54,941339,USD
Oman,2025-10-13,31.78,851461,USD
Oman,2025-10-14,30.81,486503,USD
Oman,2025-10-15,32.5,523635,USD
Oman,2025-10-16,32.04,935656,USD
Oman,2025-10-17,31.76,621763,USD
Oman,2025-10-18,33.03,411058,USD
Oman,2025-10-19,33.55,659356,USD
Oman,2025-10-20,34.56,415578,USD
Oman,2025-10-21,35.81,439129,USD
Oman,2025-10-22,34.32,325434,USD
Oman,2025-10-23,33.0,825315,USD
Oman,2025-10-24,31.29,553837,USD
Oman,2025-10-25,30.06,879080,USD
Oman,2025-10-26,30.0,420764,USD
Oman,2025-10-27,30.0,772886,USD
Oman,2025-10-28,32.63,963632,USD
Oman,2025-10-29,33.05,813396,USD
Oman,2025-10-30,32.73,136062,USD
Oman,2025-10-31,37.73,985889,USD
Oman,2025-11-01,35.62,700037,USD
Oman,2025-11-02,34.91,355859,USD
Oman,2025-11-03,38.29,501156,USD
Oman,2025-11-04,41.63,852506,USD
Oman,2025-11-05,40.9,583922,USD
Oman,2025-11-06,37.56,697262,USD
Oman,2025-11-07,36.58,681442,USD
Oman,2025-11-08,39.23,235549,USD
Oman,2025-11-09,38.89,756569,USD
Oman,2025-11-10,40.16,118306,USD
Oman,2025-11-11,40.04,890427,USD
Oman,2025-11-12,37.14,574529,USD
Oman,2025-11-13,37.08,541404,USD
Oman,2025-11-14,38.63,207772,USD
Oman,2025-11-15,37.38,909651,USD
Oman,2025-11-16,38.87,919741,USD
Oman,2025-11-17,38.93,709384,USD
Oman,2025-11-18,40.31,800664,USD
Oman,2025-11-19,40.86,130868,USD
Oman,2025-11-20,38.86,547809,USD
Oman,2025-11-21,38.18,428542,USD
Oman,2025-11-22,37.43,489193,USD
Oman,2025-11-23,36.09,553322,USD
Oman,2025-11-24,36.48,264362,USD
Oman,2025-11-25,40.28,601038,USD
Oman,2025-11-26,42.32,764465,USD
Oman,2025-11-27,44.66,489490,USD
Oman,2025-11-28,43.21,535766,USD
Oman,2025-11-29,45.58,378862,USD
Oman,2025-11-30,48.66,177214,USD
Oman,2025-12-01,47.16,421050,USD
Oman,2025-12-02,47.92,633234,USD
Oman,2025-12-03,48.74,108248,USD
Oman,2025-12-04,48.19,281259,USD
Oman,2025-12-05,48.41,335504,USD
Oman,2025-12-06,49.33,160291,USD
Oman,2025-12-07,48.9,748300,USD
Oman,2025-12-08,50.85,926456,USD
Oman,2025-12-09,48.3,565406,USD
Oman,2025-12-10,47.55,917275,USD
Oman,2025-12-11,48.87,916716,USD
Oman,2025-12-12,52.4,210233,USD
Oman,2025-12-13,54.48,469021,USD
Oman,2025-12-14,54.66,533795,USD
Oman,2025-12-15,54.33,392055,USD
Oman,2025-12-16,53.67,950610,USD
Oman,2025-12-17,53.03,704173,USD
Oman,2025-12-18,49.47,245965,USD
Oman,2025-12-19,52.91,880169,USD
Oman,2025-12-20,52.71,663633,USD
Oman,2025-12-21,51.09,951198,USD
Oman,2025-12-22,51.82,219316,USD
Oman,2025-12-23,50.34,940233,USD
Oman,2025-12-24,52.07,747963,USD
Oman,2025-12-25,50.51,498735,USD
Oman,2025-12-26,51.92,656031,USD
Oman,2025-12-27,51.24,966128,USD
Oman,2025-12-28,51.7,901198,USD
Oman,2025-12-29,53.28,566491,USD
Oman,2025-12-30,52.16,515625,USD
Oman,2025-12-31,53.68,756900,USD
Oman,2026-01-01,50.19,469839,USD
Oman,2026-01-02,53.09,740009,USD
Oman,2026-01-03,54.97,146769,USD
Oman,2026-01-04,54.7,336174,USD
Oman,2026-01-05,56.96,317588,USD
Oman,2026-01-06,58.98,440512,USD
Oman,2026-01-07,58.89,774753,USD
Oman,2026-01-08,58.78,992517,USD
Oman,2026-01-09,56.94,793394,USD
Oman,2026-01-10,56.95,310262,USD
Oman,2026-01-11,53.99,468604,USD
Oman,2026-01-12,55.38,305290,USD
Oman,2026-01-13,56.82,930000,USD
Oman,2026-01-14,53.36,551742,USD
Oman,2026-01-15,56.02,644564,USD
Oman,2026-01-16,54.74,554439,USD
Oman,2026-01-17,60.39,258770,USD
Oman,2026-01-18,60.75,217971,USD
Oman,2026-01-19,63.44,789541,USD
Oman,2026-01-20,61.54,566559,USD
Oman,2026-01-21,60.85,201348,USD
Oman,2026-01-22,59.72,444848,USD
Oman,2026-01-23,56.74,815196,USD
Oman,2026-01-24,54.2,340488,USD
Oman,2026-01-25,53.86,558202,USD
Oman,2026-01-26,54.53,609172,USD
Oman,2026-01-27,52.43,743232,USD
Oman,2026-01-28,51.63,905576,USD
Oman,2026-01-29,50.14,974848,USD
Oman,2026-01-30,49.93,108379,USD
Oman,2026-01-31,51.16,498154,USD
Oman,2026-02-01,51.28,404698,USD
Oman,2026-02-02,50.07,526091,USD
Oman,2026-02-03,52.01,695711,USD
Oman,2026-02-04,52.61,490643,USD
Oman,2026-02-05,52.79,356060,USD
Oman,2026-02-06,50.71,142355,USD
Oman,2026-02-07,52.43,246612,USD
Oman,2026-02-08,53.22,831172,USD
Oman,2026-02-09,54.12,388596,USD
Oman,2026-02-10,53.6,597104,USD
Oman,2026-02-11,52.73,330663,USD
Oman,2026-02-12,56.18,271372,USD
Oman,2026-02-13,55.28,536372,USD
Oman,2026-02-14,52.85,419495,USD
Oman,2026-02-15,53.12,677421,USD
Oman,2026-02-16,53.02,121089,USD
Oman,2026-02-17,55.06,371310,USD
Oman,2026-02-18,54.68,185100,USD
Oman,2026-02-19,55.84,613281,USD
Oman,2026-02-20,58.67,148218,USD
Oman,2026-02-21,59.34,287041,USD
Oman,2026-02-22,57.36,553663,USD
Oman,2026-02-23,53.82,953582,USD
Oman,2026-02-24,54.55,858217,USD
Oman,2026-02-25,53.79,195517,USD
Oman,2026-02-26,54.19,543503,USD
Oman,2026-02-27,54.1,427708,USD
Oman,2026-02-28,51.63,675447,USD
Oman,2026-03-01,51.24,347234,USD
Oman,2026-03-02,49.16,898976,USD
Oman,2026-03-03,48.12,810361,USD
Oman,2026-03-04,49.83,128092,USD
Oman,2026-03-05,49.89,372952,USD
Oman,2026-03-06,50.92,426324,USD
Oman,2026-03-07,51.13,498462,USD
Oman,2026-03-08,50.5,954024,USD
Oman,2026-03-09,50.91,534120,USD
Oman,2026-03-10,47.66,732579,USD
Oman,2026-03-11,49.05,270224,USD
Oman,2026-03-12,47.38,616142,USD
Oman,2026-03-13,48.29,947966,USD
Oman,2026-03-14,47.57,566643,USD
Oman,2026-03-15,45.11,144802,USD
Oman,2026-03-16,43.74,341650,USD
Oman,2026-03-17,44.65,949637,USD
Oman,2026-03-18,48.85,456649,USD
Oman,2026-03-19,48.64,561318,USD
Oman,2026-03-20,52.52,340996,USD
Oman,2026-03-21,49.27,735978,USD
Oman,2026-03-22,44.26,946575,USD
Oman,2026-03-23,43.69,546665,USD
Oman,2026-03-24,43.48,590015,USD
Oman,2026-03-25,44.5,986436,USD
Oman,2026-03-26,43.2,951197,USD
Oman,2026-03-27,43.79,734044,USD
Oman,2026-03-28,43.31,508461,USD
Oman,2026-03-29,45.67,532121,USD
Oman,2026-03-30,45.94,435886,USD
Oman,2026-03-31,51.34,270169,USD
Oman,2026-04-01,50.88,910816,USD
Oman,2026-04-02,53.09,189546,USD
Oman,2026-04-03,55.97,643756,USD
Oman,2026-04-04,51.1,629929,USD
Oman,2026-04-05,52.47,180299,USD
Oman,2026-04-06,49.97,988390,USD
Oman,2026-04-07,49.44,605035,USD
Oman,2026-04-08,47.21,185265,USD
Oman,2026-04-09,49.61,978283,USD
Urals,2024-04-09,63.81,684877,USD
Urals,2024-04-10,60.46,122227,USD
Urals,2024-04-11,60.78,350395,USD
Urals,2024-04-12,63.5,155447,USD
Urals,2024-04-13,61.3,159040,USD
Urals,2024-04-14,62.94,721553,USD
Urals,2024-04-15,59.13,427250,USD
Urals,2024-04-16,62.02,295132,USD
Urals,2024-04-17,62.73,481766,USD
Urals,2024-04-18,60.34,502019,USD
Urals,2024-04-19,61.78,536730,USD
Urals,2024-04-20,60.69,589065,USD
Urals,2024-04-21,58.85,177319,USD
Urals,2024-04-22,57.72,742707,USD
Urals,2024-04-23,58.94,451338,USD
Urals,2024-04-24,56.99,474197,USD
Urals,2024-04-25,52.54,190557,USD
Urals,2024-04-26,51.5,378668,USD
Urals,2024-04-27,53.99,357601,USD
Urals,2024-04-28,56.45,514092,USD
Urals,2024-04-29,55.31,120742,USD
Urals,2024-04-30,54.11,907071,USD
Urals,2024-05-01,52.8,351641,USD
Urals,2024-05-02,51.4,214667,USD
Urals,2024-05-03,50.13,220782,USD
Urals,2024-05-04,50.55,680281,USD
Urals,2024-05-05,53.09,601682,USD
Urals,2024-05-06,51.13,330419,USD
Urals,2024-05-07,49.5,582769,USD
Urals,2024-05-08,50.14,493433,USD
Urals,2024-05-09,51.48,884200,USD
Urals,2024-05-10,48.48,999014,USD
Urals,2024-05-11,45.52,302686,USD
Urals,2024-05-12,48.87,331386,USD
Urals,2024-05-13,44.34,922433,USD
Urals,2024-05-14,43.64,431465,USD
Urals,2024-05-15,40.84,852958,USD
Urals,2024-05-16,37.8,685709,USD
Urals,2024-05-17,34.65,836113,USD
Urals,2024-05-18,36.82,134527,USD
Urals,2024-05-19,36.89,458425,USD
Urals,2024-05-20,39.08,547450,USD
Urals,2024-05-21,38.77,408669,USD
Urals,2024-05-22,40.89,224421,USD
Urals,2024-05-23,40.54,463282,USD
Urals,2024-05-24,34.74,710794,USD
Urals,2024-05-25,35.75,639349,USD
Urals,2024-05-26,35.58,826730,USD
Urals,2024-05-27,35.11,403162,USD
Urals,2024-05-28,33.32,612534,USD
Urals,2024-05-29,34.61,588590,USD
Urals,2024-05-30,32.42,849604,USD
Urals,2024-05-31,33.7,473497,USD
Urals,2024-06-01,33.87,394247,USD
Urals,2024-06-02,35.21,853235,USD
Urals,2024-06-03,35.55,995935,USD
Urals,2024-06-04,37.91,356719,USD
Urals,2024-06-05,38.71,315289,USD
Urals,2024-06-06,38.92,604313,USD
Urals,2024-06-07,34.29,755753,USD
Urals,2024-06-08,36.75,626837,USD
Urals,2024-06-09,33.59,592854,USD
Urals,2024-06-10,30.94,176183,USD
Urals,2024-06-11,32.49,207344,USD
Urals,2024-06-12,32.49,856398,USD
Urals,2024-06-13,30.0,731164,USD
Urals,2024-06-14,30.0,464188,USD
Urals,2024-06-15,32.33,454313,USD
Urals,2024-06-16,32.61,250146,USD
Urals,2024-06-17,32.66,142016,USD
Urals,2024-06-18,31.22,846679,USD
Urals,2024-06-19,32.84,733543,USD
Urals,2024-06-20,32.6,695772,USD
Urals,2024-06-21,33.8,518369,USD
Urals,2024-06-22,32.18,269769,USD
Urals,2024-06-23,36.39,557107,USD
Urals,2024-06-24,39.12,761968,USD
Urals,2024-06-25,39.37,697412,USD
Urals,2024-06-26,40.05,550274,USD
Urals,2024-06-27,38.87,904689,USD
Urals,2024-06-28,40.24,233290,USD
Urals,2024-06-29,35.93,771682,USD
Urals,2024-06-30,39.24,924978,USD
Urals,2024-07-01,40.48,734946,USD
Urals,2024-07-02,38.49,101155,USD
Urals,2024-07-03,41.73,208143,USD
Urals,2024-07-04,45.72,475703,USD
Urals,2024-07-05,46.5,757611,USD
Urals,2024-07-06,44.91,272814,USD
Urals,2024-07-07,44.99,855998,USD
Urals,2024-07-08,46.06,205801,USD
Urals,2024-07-09,46.68,991200,USD
Urals,2024-07-10,44.68,622205,USD
Urals,2024-07-11,45.72,913631,USD
Urals,2024-07-12,48.02,269113,USD
Urals,2024-07-13,45.59,662315,USD
Urals,2024-07-14,43.36,381863,USD
Urals,2024-07-15,42.1,260956,USD
Urals,2024-07-16,41.67,320751,USD
Urals,2024-07-17,43.34,503567,USD
Urals,2024-07-18,45.62,974097,USD
Urals,2024-07-19,43.95,494230,USD
Urals,2024-07-20,44.35,241512,USD
Urals,2024-07-21,46.54,721560,USD
Urals,2024-07-22,50.89,900718,USD
Urals,2024-07-23,51.28,496391,USD
Urals,2024-07-24,51.78,539744,USD
Urals,2024-07-25,52.58,642899,USD
Urals,2024-07-26,51.95,393959,USD
Urals,2024-07-27,52.18,660982,USD
Urals,2024-07-28,48.25,494468,USD
Urals,2024-07-29,47.07,336423,USD
Urals,2024-07-30,48.08,563114,USD
Urals,2024-07-31,46.3,280138,USD
Urals,2024-08-01,48.02,165006,USD
Urals,2024-08-02,44.63,232707,USD
Urals,2024-08-03,46.27,744692,USD
Urals,2024-08-04,47.91,702446,USD
Urals,2024-08-05,52.31,134525,USD
Urals,2024-08-06,51.6,659317,USD
Urals,2024-08-07,51.6,421761,USD
Urals,2024-08-08,54.67,349684,USD
Urals,2024-08-09,57.42,883870,USD
Urals,2024-08-10,59.46,408100,USD
Urals,2024-08-11,60.15,894552,USD
Urals,2024-08-12,63.15,575030,USD
Urals,2024-08-13,68.43,774383,USD
Urals,2024-08-14,69.63,968221,USD
Urals,2024-08-15,69.72,653412,USD
Urals,2024-08-16,71.17,534181,USD
Urals,2024-08-17,71.53,772502,USD
Urals,2024-08-18,70.98,380532,USD
Urals,2024-08-19,72.72,165121,USD
Urals,2024-08-20,71.72,892994,USD
Urals,2024-08-21,72.88,942394,USD
Urals,2024-08-22,69.86,710310,USD
Urals,2024-08-23,73.27,409581,USD
Urals,2024-08-24,71.73,349532,USD
Urals,2024-08-25,69.06,144244,USD
Urals,2024-08-26,71.73,127951,USD
Urals,2024-08-27,74.83,583641,USD
Urals,2024-08-28,75.47,856706,USD
Urals,2024-08-29,75.28,313363,USD
Urals,2024-08-30,74.61,502545,USD
Urals,2024-08-31,75.14,598652,USD
Urals,2024-09-01,75.06,937749,USD
Urals,2024-09-02,74.74,940311,USD
Urals,2024-09-03,72.99,588147,USD
Urals,2024-09-04,70.71,100710,USD
Urals,2024-09-05,70.88,829126,USD
Urals,2024-09-06,71.35,923154,USD
Urals,2024-09-07,69.91,287786,USD
Urals,2024-09-08,68.74,643379,USD
Urals,2024-09-09,69.2,247538,USD
Urals,2024-09-10,67.41,517051,USD
Urals,2024-09-11,69.53,639487,USD
Urals,2024-09-12,70.6,372376,USD
Urals,2024-09-13,69.15,696134,USD
Urals,2024-09-14,70.11,215369,USD
Urals,2024-09-15,68.36,482820,USD
Urals,2024-09-16,70.01,335831,USD
Urals,2024-09-17,68.33,893545,USD
Urals,2024-09-18,68.1,652461,USD
Urals,2024-09-19,68.4,178945,USD
Urals,2024-09-20,71.46,693480,USD
Urals,2024-09-21,69.9,662230,USD
Urals,2024-09-22,68.27,192651,USD
Urals,2024-09-23,65.36,747120,USD
Urals,2024-09-24,69.1,324049,USD
Urals,2024-09-25,69.17,391994,USD
Urals,2024-09-26,71.35,907568,USD
Urals,2024-09-27,70.21,566396,USD
Urals,2024-09-28,69.24,891283,USD
Urals,2024-09-29,69.15,111709,USD
Urals,2024-09-30,69.11,407741,USD
Urals,2024-10-01,70.48,931796,USD
Urals,2024-10-02,70.61,594039,USD
Urals,2024-10-03,69.86,297388,USD
Urals,2024-10-04,73.65,754418,USD
Urals,2024-10-05,71.88,100645,USD
Urals,2024-10-06,70.33,134038,USD
Urals,2024-10-07,68.59,210746,USD
Urals,2024-10-08,70.04,331257,USD
Urals,2024-10-09,70.94,118818,USD
Urals,2024-10-10,70.62,306926,USD
Urals,2024-10-11,68.79,564351,USD
Urals,2024-10-12,69.07,418981,USD
Urals,2024-10-13,70.82,443032,USD
Urals,2024-10-14,73.97,506475,USD
Urals,2024-10-15,72.75,871056,USD
Urals,2024-10-16,72.43,604625,USD
Urals,2024-10-17,73.3,185550,USD
Urals,2024-10-18,72.54,285582,USD
Urals,2024-10-19,69.9,888904,USD
Urals,2024-10-20,69.59,645129,USD
Urals,2024-10-21,67.17,722677,USD
Urals,2024-10-22,69.09,611487,USD
Urals,2024-10-23,68.48,495557,USD
Urals,2024-10-24,68.36,838662,USD
Urals,2024-10-25,66.86,653086,USD
Urals,2024-10-26,66.82,206615,USD
Urals,2024-10-27,69.37,112275,USD
Urals,2024-10-28,71.54,811233,USD
Urals,2024-10-29,69.39,366177,USD
Urals,2024-10-30,63.96,469470,USD
Urals,2024-10-31,63.66,308213,USD
Urals,2024-11-01,63.07,149799,USD
Urals,2024-11-02,62.35,278317,USD
Urals,2024-11-03,61.24,422057,USD
Urals,2024-11-04,59.05,107606,USD
Urals,2024-11-05,63.63,688400,USD
Urals,2024-11-06,67.37,448345,USD
Urals,2024-11-07,66.57,148642,USD
Urals,2024-11-08,66.83,511507,USD
Urals,2024-11-09,68.8,194194,USD
Urals,2024-11-10,69.05,840383,USD
Urals,2024-11-11,68.1,384942,USD
Urals,2024-11-12,65.49,460139,USD
Urals,2024-11-13,65.51,821478,USD
Urals,2024-11-14,63.12,497380,USD
Urals,2024-11-15,65.52,735452,USD
Urals,2024-11-16,65.45,541408,USD
Urals,2024-11-17,66.49,619318,USD
Urals,2024-11-18,65.84,299032,USD
Urals,2024-11-19,67.5,139731,USD
Urals,2024-11-20,66.23,992882,USD
Urals,2024-11-21,66.81,455297,USD
Urals,2024-11-22,66.09,542994,USD
Urals,2024-11-23,65.64,583744,USD
Urals,2024-11-24,67.58,144369,USD
Urals,2024-11-25,66.07,202385,USD
Urals,2024-11-26,66.79,469864,USD
Urals,2024-11-27,69.46,260605,USD
Urals,2024-11-28,71.31,171629,USD
Urals,2024-11-29,70.1,839621,USD
Urals,2024-11-30,71.1,792325,USD
Urals,2024-12-01,67.71,336257,USD
Urals,2024-12-02,69.73,209700,USD
Urals,2024-12-03,75.0,423405,USD
Urals,2024-12-04,75.6,527823,USD
Urals,2024-12-05,78.38,911133,USD
Urals,2024-12-06,75.69,247528,USD
Urals,2024-12-07,73.69,662449,USD
Urals,2024-12-08,73.02,755983,USD
Urals,2024-12-09,72.71,955190,USD
Urals,2024-12-10,73.33,156936,USD
Urals,2024-12-11,72.12,904396,USD
Urals,2024-12-12,72.4,576828,USD
Urals,2024-12-13,74.34,235279,USD
Urals,2024-12-14,75.33,134732,USD
Urals,2024-12-15,74.6,216081,USD
Urals,2024-12-16,76.08,521615,USD
Urals,2024-12-17,75.28,347406,USD
Urals,2024-12-18,75.45,129519,USD
Urals,2024-12-19,77.27,984387,USD
Urals,2024-12-20,76.9,673342,USD
Urals,2024-12-21,74.48,929554,USD
Urals,2024-12-22,74.6,781722,USD
Urals,2024-12-23,76.44,280305,USD
Urals,2024-12-24,78.47,289906,USD
Urals,2024-12-25,76.39,494804,USD
Urals,2024-12-26,77.79,803801,USD
Urals,2024-12-27,77.31,812970,USD
Urals,2024-12-28,80.24,854759,USD
Urals,2024-12-29,77.86,346610,USD
Urals,2024-12-30,79.22,383357,USD
Urals,2024-12-31,78.52,288567,USD
Urals,2025-01-01,77.35,509795,USD
Urals,2025-01-02,79.27,186178,USD
Urals,2025-01-03,81.52,930315,USD
Urals,2025-01-04,77.63,780884,USD
Urals,2025-01-05,79.59,331628,USD
Urals,2025-01-06,79.45,855467,USD
Urals,2025-01-07,79.51,503353,USD
Urals,2025-01-08,77.03,709366,USD
Urals,2025-01-09,78.24,795016,USD
Urals,2025-01-10,82.89,510693,USD
Urals,2025-01-11,81.84,904682,USD
Urals,2025-01-12,84.3,821216,USD
Urals,2025-01-13,84.29,469454,USD
Urals,2025-01-14,83.3,843595,USD
Urals,2025-01-15,80.48,304869,USD
Urals,2025-01-16,83.26,418129,USD
Urals,2025-01-17,83.49,677988,USD
Urals,2025-01-18,82.6,814945,USD
Urals,2025-01-19,82.02,189071,USD
Urals,2025-01-20,83.4,411822,USD
Urals,2025-01-21,82.51,975740,USD
Urals,2025-01-22,80.66,736770,USD
Urals,2025-01-23,80.43,128057,USD
Urals,2025-01-24,80.15,964239,USD
Urals,2025-01-25,79.82,723852,USD
Urals,2025-01-26,78.95,402681,USD
Urals,2025-01-27,81.5,311035,USD
Urals,2025-01-28,87.06,668597,USD
Urals,2025-01-29,84.98,331406,USD
Urals,2025-01-30,80.83,504211,USD
Urals,2025-01-31,80.36,613598,USD
Urals,2025-02-01,76.39,759451,USD
Urals,2025-02-02,73.39,717288,USD
Urals,2025-02-03,72.37,648575,USD
Urals,2025-02-04,73.74,626675,USD
Urals,2025-02-05,73.24,382403,USD
Urals,2025-02-06,68.64,227659,USD
Urals,2025-02-07,68.12,714762,USD
Urals,2025-02-08,67.75,694654,USD
Urals,2025-02-09,67.4,627276,USD
Urals,2025-02-10,69.6,978470,USD
Urals,2025-02-11,71.41,174734,USD
Urals,2025-02-12,71.56,271946,USD
Urals,2025-02-13,75.67,834605,USD
Urals,2025-02-14,72.8,989435,USD
Urals,2025-02-15,71.77,821054,USD
Urals,2025-02-16,71.51,643942,USD
Urals,2025-02-17,71.46,768079,USD
Urals,2025-02-18,68.62,793370,USD
Urals,2025-02-19,64.74,976368,USD
Urals,2025-02-20,64.73,697026,USD
Urals,2025-02-21,61.55,757992,USD
Urals,2025-02-22,60.22,317965,USD
Urals,2025-02-23,60.45,360988,USD
Urals,2025-02-24,57.88,666014,USD
Urals,2025-02-25,58.54,354966,USD
Urals,2025-02-26,56.91,100218,USD
Urals,2025-02-27,56.18,800534,USD
Urals,2025-02-28,57.19,647714,USD
Urals,2025-03-01,57.03,713314,USD
Urals,2025-03-02,57.64,157182,USD
Urals,2025-03-03,58.52,585082,USD
Urals,2025-03-04,58.32,359091,USD
Urals,2025-03-05,59.05,680370,USD
Urals,2025-03-06,57.69,436544,USD
Urals,2025-03-07,58.67,388841,USD
Urals,2025-03-08,58.22,327027,USD
Urals,2025-03-09,60.82,192832,USD
Urals,2025-03-10,61.1,948718,USD
Urals,2025-03-11,59.99,740807,USD
Urals,2025-03-12,61.01,446462,USD
Urals,2025-03-13,63.72,966506,USD
Urals,2025-03-14,62.79,213990,USD
Urals,2025-03-15,61.53,438680,USD
Urals,2025-03-16,56.29,426870,USD
Urals,2025-03-17,56.56,492592,USD
Urals,2025-03-18,55.91,275314,USD
Urals,2025-03-19,56.92,537752,USD
Urals,2025-03-20,57.98,368605,USD
Urals,2025-03-21,55.21,312407,USD
Urals,2025-03-22,57.01,757463,USD
Urals,2025-03-23,55.48,316896,USD
Urals,2025-03-24,54.56,942513,USD
Urals,2025-03-25,50.05,886052,USD
Urals,2025-03-26,50.73,455491,USD
Urals,2025-03-27,48.53,440017,USD
Urals,2025-03-28,47.29,385015,USD
Urals,2025-03-29,44.93,619479,USD
Urals,2025-03-30,46.92,159302,USD
Urals,2025-03-31,46.16,943254,USD
Urals,2025-04-01,43.62,439526,USD
Urals,2025-04-02,41.2,214330,USD
Urals,2025-04-03,42.82,152682,USD
Urals,2025-04-04,41.12,256609,USD
Urals,2025-04-05,40.16,784683,USD
Urals,2025-04-06,40.23,441515,USD
Urals,2025-04-07,39.6,555894,USD
Urals,2025-04-08,35.94,365597,USD
Urals,2025-04-09,37.17,760061,USD
Urals,2025-04-10,36.69,187856,USD
Urals,2025-04-11,37.28,908016,USD
Urals,2025-04-12,38.66,423588,USD
Urals,2025-04-13,34.61,213222,USD
Urals,2025-04-14,36.01,282694,USD
Urals,2025-04-15,41.01,506682,USD
Urals,2025-04-16,41.81,187225,USD
Urals,2025-04-17,44.46,593219,USD
Urals,2025-04-18,46.37,666205,USD
Urals,2025-04-19,47.7,237392,USD
Urals,2025-04-20,49.69,121984,USD
Urals,2025-04-21,52.06,470572,USD
Urals,2025-04-22,54.51,294522,USD
Urals,2025-04-23,52.09,631784,USD
Urals,2025-04-24,54.22,326633,USD
Urals,2025-04-25,53.71,982926,USD
Urals,2025-04-26,56.24,177039,USD
Urals,2025-04-27,57.23,265112,USD
Urals,2025-04-28,54.78,650345,USD
Urals,2025-04-29,57.63,726428,USD
Urals,2025-04-30,56.11,162681,USD
Urals,2025-05-01,55.49,630042,USD
Urals,2025-05-02,58.88,558761,USD
Urals,2025-05-03,59.17,480201,USD
Urals,2025-05-04,58.47,402001,USD
Urals,2025-05-05,58.32,978418,USD
Urals,2025-05-06,57.58,629015,USD
Urals,2025-05-07,59.2,862567,USD
Urals,2025-05-08,58.52,167059,USD
Urals,2025-05-09,58.44,559353,USD
Urals,2025-05-10,59.59,655925,USD
Urals,2025-05-11,60.51,679980,USD
Urals,2025-05-12,59.14,737809,USD
Urals,2025-05-13,60.78,293369,USD
Urals,2025-05-14,59.75,476604,USD
Urals,2025-05-15,57.7,557685,USD
Urals,2025-05-16,54.2,126253,USD
Urals,2025-05-17,53.85,644591,USD
Urals,2025-05-18,50.69,880246,USD
Urals,2025-05-19,49.05,772068,USD
Urals,2025-05-20,49.02,217838,USD
Urals,2025-05-21,51.33,726599,USD
Urals,2025-05-22,50.77,158500,USD
Urals,2025-05-23,47.97,842777,USD
Urals,2025-05-24,47.75,769931,USD
Urals,2025-05-25,49.97,657500,USD
Urals,2025-05-26,49.37,807227,USD
Urals,2025-05-27,52.06,516211,USD
Urals,2025-05-28,52.02,516357,USD
Urals,2025-05-29,53.43,806564,USD
Urals,2025-05-30,53.87,261818,USD
Urals,2025-05-31,56.45,520982,USD
Urals,2025-06-01,60.73,847029,USD
Urals,2025-06-02,59.79,144346,USD
Urals,2025-06-03,60.11,277582,USD
Urals,2025-06-04,62.42,385529,USD
Urals,2025-06-05,62.93,146517,USD
Urals,2025-06-06,59.34,242682,USD
Urals,2025-06-07,58.77,310056,USD
Urals,2025-06-08,59.26,508033,USD
Urals,2025-06-09,62.45,502599,USD
Urals,2025-06-10,62.65,810878,USD
Urals,2025-06-11,60.89,240698,USD
Urals,2025-06-12,61.43,493330,USD
Urals,2025-06-13,64.37,622663,USD
Urals,2025-06-14,63.13,449319,USD
Urals,2025-06-15,62.12,617950,USD
Urals,2025-06-16,60.9,481094,USD
Urals,2025-06-17,58.32,696615,USD
Urals,2025-06-18,58.44,867284,USD
Urals,2025-06-19,58.32,977974,USD
Urals,2025-06-20,54.92,399917,USD
Urals,2025-06-21,53.3,645413,USD
Urals,2025-06-22,53.67,180668,USD
Urals,2025-06-23,55.04,630756,USD
Urals,2025-06-24,56.96,504921,USD
Urals,2025-06-25,58.5,624999,USD
Urals,2025-06-26,58.49,584545,USD
Urals,2025-06-27,55.62,103347,USD
Urals,2025-06-28,55.17,317355,USD
Urals,2025-06-29,50.41,503636,USD
Urals,2025-06-30,50.79,982583,USD
Urals,2025-07-01,49.49,220163,USD
Urals,2025-07-02,45.39,143161,USD
Urals,2025-07-03,46.13,784634,USD
Urals,2025-07-04,49.04,234876,USD
Urals,2025-07-05,45.91,305255,USD
Urals,2025-07-06,46.82,110373,USD
Urals,2025-07-07,46.04,205190,USD
Urals,2025-07-08,44.51,987272,USD
Urals,2025-07-09,42.99,279174,USD
Urals,2025-07-10,42.2,628932,USD
Urals,2025-07-11,41.41,676639,USD
Urals,2025-07-12,41.33,472533,USD
Urals,2025-07-13,39.62,688620,USD
Urals,2025-07-14,38.28,474595,USD
Urals,2025-07-15,39.39,608565,USD
Urals,2025-07-16,37.51,872804,USD
Urals,2025-07-17,38.03,706165,USD
Urals,2025-07-18,37.34,203509,USD
Urals,2025-07-19,36.25,950486,USD
Urals,2025-07-20,39.88,227450,USD
Urals,2025-07-21,37.34,961133,USD
Urals,2025-07-22,40.42,396977,USD
Urals,2025-07-23,42.08,996043,USD
Urals,2025-07-24,40.82,327396,USD
Urals,2025-07-25,42.55,365438,USD
Urals,2025-07-26,37.13,113738,USD
Urals,2025-07-27,35.69,499239,USD
Urals,2025-07-28,33.85,253992,USD
Urals,2025-07-29,34.62,176680,USD
Urals,2025-07-30,36.02,685083,USD
Urals,2025-07-31,36.76,102718,USD
Urals,2025-08-01,37.01,323139,USD
Urals,2025-08-02,38.88,182334,USD
Urals,2025-08-03,40.44,562488,USD
Urals,2025-08-04,39.13,829272,USD
Urals,2025-08-05,38.03,221534,USD
Urals,2025-08-06,39.46,267248,USD
Urals,2025-08-07,39.36,980194,USD
Urals,2025-08-08,39.39,253128,USD
Urals,2025-08-09,39.68,384494,USD
Urals,2025-08-10,36.17,352572,USD
Urals,2025-08-11,34.78,975006,USD
Urals,2025-08-12,35.72,100369,USD
Urals,2025-08-13,34.32,636564,USD
Urals,2025-08-14,33.84,266973,USD
Urals,2025-08-15,34.77,686511,USD
Urals,2025-08-16,36.77,387385,USD
Urals,2025-08-17,39.02,326982,USD
Urals,2025-08-18,41.4,507091,USD
Urals,2025-08-19,41.11,481950,USD
Urals,2025-08-20,40.61,583675,USD
Urals,2025-08-21,38.29,120253,USD
Urals,2025-08-22,41.21,712041,USD
Urals,2025-08-23,40.63,671641,USD
Urals,2025-08-24,43.5,587201,USD
Urals,2025-08-25,44.07,391505,USD
Urals,2025-08-26,46.16,627266,USD
Urals,2025-08-27,46.0,706772,USD
Urals,2025-08-28,47.14,458249,USD
Urals,2025-08-29,49.31,562270,USD
Urals,2025-08-30,48.31,449309,USD
Urals,2025-08-31,50.71,186121,USD
Urals,2025-09-01,48.62,465057,USD
Urals,2025-09-02,52.19,711596,USD
Urals,2025-09-03,52.48,794828,USD
Urals,2025-09-04,51.12,845391,USD
Urals,2025-09-05,52.74,536752,USD
Urals,2025-09-06,53.41,587830,USD
Urals,2025-09-07,49.99,453853,USD
Urals,2025-09-08,49.2,448987,USD
Urals,2025-09-09,47.2,874956,USD
Urals,2025-09-10,45.35,162875,USD
Urals,2025-09-11,43.44,410055,USD
Urals,2025-09-12,44.48,155388,USD
Urals,2025-09-13,46.27,896513,USD
Urals,2025-09-14,44.74,299374,USD
Urals,2025-09-15,40.85,886217,USD
Urals,2025-09-16,36.08,786519,USD
Urals,2025-09-17,40.21,862619,USD
Urals,2025-09-18,40.53,108585,USD
Urals,2025-09-19,42.17,766281,USD
Urals,2025-09-20,41.78,588557,USD
Urals,2025-09-21,37.53,568468,USD
Urals,2025-09-22,38.36,689844,USD
Urals,2025-09-23,41.66,875109,USD
Urals,2025-09-24,40.4,239216,USD
Urals,2025-09-25,35.96,718718,USD
Urals,2025-09-26,33.63,324880,USD
Urals,2025-09-27,35.37,476318,USD
Urals,2025-09-28,36.02,919914,USD
Urals,2025-09-29,38.42,118361,USD
Urals,2025-09-30,38.44,644040,USD
Urals,2025-10-01,39.81,355115,USD
Urals,2025-10-02,38.97,718080,USD
Urals,2025-10-03,36.77,131319,USD
Urals,2025-10-04,38.14,468324,USD
Urals,2025-10-05,39.92,820327,USD
Urals,2025-10-06,38.71,511321,USD
Urals,2025-10-07,41.79,844442,USD
Urals,2025-10-08,44.93,482502,USD
Urals,2025-10-09,43.03,582573,USD
Urals,2025-10-10,41.22,504233,USD
Urals,2025-10-11,39.49,746743,USD
Urals,2025-10-12,39.24,292363,USD
Urals,2025-10-13,38.49,305000,USD
Urals,2025-10-14,35.88,625472,USD
Urals,2025-10-15,34.2,583452,USD
Urals,2025-10-16,30.0,283181,USD
Urals,2025-10-17,30.0,132050,USD
Urals,2025-10-18,30.0,548178,USD
Urals,2025-10-19,33.98,736328,USD
Urals,2025-10-20,37.65,259733,USD
Urals,2025-10-21,39.15,952453,USD
Urals,2025-10-22,37.96,222339,USD
Urals,2025-10-23,34.96,154065,USD
Urals,2025-10-24,34.94,392953,USD
Urals,2025-10-25,35.82,580352,USD
Urals,2025-10-26,34.32,229451,USD
Urals,2025-10-27,35.09,403229,USD
Urals,2025-10-28,32.74,626937,USD
Urals,2025-10-29,31.59,300655,USD
Urals,2025-10-30,31.07,269252,USD
Urals,2025-10-31,34.81,337425,USD
Urals,2025-11-01,33.11,110862,USD
Urals,2025-11-02,37.99,966583,USD
Urals,2025-11-03,38.87,630523,USD
Urals,2025-11-04,43.93,935110,USD
Urals,2025-11-05,41.94,845540,USD
Urals,2025-11-06,39.7,336370,USD
Urals,2025-11-07,38.19,553978,USD
Urals,2025-11-08,38.23,161016,USD
Urals,2025-11-09,41.62,751222,USD
Urals,2025-11-10,40.38,697713,USD
Urals,2025-11-11,42.18,483932,USD
Urals,2025-11-12,46.05,895014,USD
Urals,2025-11-13,46.56,546145,USD
Urals,2025-11-14,48.75,298059,USD
Urals,2025-11-15,47.14,449678,USD
Urals,2025-11-16,47.96,463429,USD
Urals,2025-11-17,49.29,293270,USD
Urals,2025-11-18,46.6,258480,USD
Urals,2025-11-19,44.8,768999,USD
Urals,2025-11-20,44.2,447273,USD
Urals,2025-11-21,40.94,983869,USD
Urals,2025-11-22,39.48,180843,USD
Urals,2025-11-23,39.11,631678,USD
Urals,2025-11-24,36.15,488659,USD
Urals,2025-11-25,39.76,148539,USD
Urals,2025-11-26,41.79,234594,USD
Urals,2025-11-27,48.84,193455,USD
Urals,2025-11-28,46.36,326287,USD
Urals,2025-11-29,47.26,256214,USD
Urals,2025-11-30,45.81,288903,USD
Urals,2025-12-01,43.56,542688,USD
Urals,2025-12-02,45.46,247953,USD
Urals,2025-12-03,45.57,823698,USD
Urals,2025-12-04,44.83,458703,USD
Urals,2025-12-05,45.41,253137,USD
Urals,2025-12-06,43.69,600612,USD
Urals,2025-12-07,41.91,470269,USD
Urals,2025-12-08,40.53,228773,USD
Urals,2025-12-09,42.86,872100,USD
Urals,2025-12-10,45.0,609799,USD
Urals,2025-12-11,42.43,524580,USD
Urals,2025-12-12,45.93,178995,USD
Urals,2025-12-13,45.87,701362,USD
Urals,2025-12-14,46.73,493553,USD
Urals,2025-12-15,45.3,463193,USD
Urals,2025-12-16,45.34,213890,USD
Urals,2025-12-17,43.08,528958,USD
Urals,2025-12-18,41.51,532707,USD
Urals,2025-12-19,43.22,992814,USD
Urals,2025-12-20,44.98,473362,USD
Urals,2025-12-21,45.94,791074,USD
Urals,2025-12-22,45.08,861170,USD
Urals,2025-12-23,42.48,411639,USD
Urals,2025-12-24,45.07,627564,USD
Urals,2025-12-25,47.0,421517,USD
Urals,2025-12-26,43.32,175486,USD
Urals,2025-12-27,45.11,993523,USD
Urals,2025-12-28,44.38,685267,USD
Urals,2025-12-29,45.78,396105,USD
Urals,2025-12-30,42.85,408739,USD
Urals,2025-12-31,41.52,469630,USD
Urals,2026-01-01,41.71,949208,USD
Urals,2026-01-02,45.32,137692,USD
Urals,2026-01-03,50.65,928177,USD
Urals,2026-01-04,50.85,144242,USD
Urals,2026-01-05,53.08,317734,USD
Urals,2026-01-06,53.54,888663,USD
Urals,2026-01-07,53.93,495126,USD
Urals,2026-01-08,55.01,140392,USD
Urals,2026-01-09,54.89,126097,USD
Urals,2026-01-10,56.55,720838,USD
Urals,2026-01-11,54.41,292844,USD
Urals,2026-01-12,54.31,158041,USD
Urals,2026-01-13,58.13,555168,USD
Urals,2026-01-14,60.46,835391,USD
Urals,2026-01-15,61.1,111480,USD
Urals,2026-01-16,63.11,725706,USD
Urals,2026-01-17,66.23,684172,USD
Urals,2026-01-18,62.33,415212,USD
Urals,2026-01-19,61.77,436209,USD
Urals,2026-01-20,60.43,292870,USD
Urals,2026-01-21,57.62,130758,USD
Urals,2026-01-22,61.81,387686,USD
Urals,2026-01-23,62.98,752383,USD
Urals,2026-01-24,64.91,728305,USD
Urals,2026-01-25,63.65,345220,USD
Urals,2026-01-26,63.05,848606,USD
Urals,2026-01-27,63.04,108730,USD
Urals,2026-01-28,63.84,226040,USD
Urals,2026-01-29,65.41,167584,USD
Urals,2026-01-30,61.85,949021,USD
Urals,2026-01-31,63.28,802469,USD
Urals,2026-02-01,62.81,779893,USD
Urals,2026-02-02,66.03,674202,USD
Urals,2026-02-03,68.74,665849,USD
Urals,2026-02-04,69.32,759061,USD
Urals,2026-02-05,69.38,799251,USD
Urals,2026-02-06,68.77,175423,USD
Urals,2026-02-07,69.58,534604,USD
Urals,2026-02-08,72.16,499405,USD
Urals,2026-02-09,72.27,613767,USD
Urals,2026-02-10,71.15,653693,USD
Urals,2026-02-11,71.22,845238,USD
Urals,2026-02-12,71.84,634249,USD
Urals,2026-02-13,69.58,247766,USD
Urals,2026-02-14,66.86,254192,USD
Urals,2026-02-15,65.79,700841,USD
Urals,2026-02-16,69.0,179205,USD
Urals,2026-02-17,71.45,904181,USD
Urals,2026-02-18,68.31,516125,USD
Urals,2026-02-19,66.44,451059,USD
Urals,2026-02-20,67.98,803370,USD
Urals,2026-02-21,67.15,937726,USD
Urals,2026-02-22,68.07,347090,USD
Urals,2026-02-23,65.03,841685,USD
Urals,2026-02-24,65.05,405283,USD
Urals,2026-02-25,64.86,390415,USD
Urals,2026-02-26,66.8,648275,USD
Urals,2026-02-27,67.6,867855,USD
Urals,2026-02-28,67.88,505482,USD
Urals,2026-03-01,64.43,110480,USD
Urals,2026-03-02,68.34,632722,USD
Urals,2026-03-03,69.71,762651,USD
Urals,2026-03-04,68.29,204800,USD
Urals,2026-03-05,68.52,636827,USD
Urals,2026-03-06,67.76,486642,USD
Urals,2026-03-07,67.34,598890,USD
Urals,2026-03-08,69.76,679393,USD
Urals,2026-03-09,67.88,399536,USD
Urals,2026-03-10,69.35,673700,USD
Urals,2026-03-11,71.85,598084,USD
Urals,2026-03-12,72.97,836186,USD
Urals,2026-03-13,72.66,628925,USD
Urals,2026-03-14,71.1,406346,USD
Urals,2026-03-15,69.8,528911,USD
Urals,2026-03-16,70.07,248833,USD
Urals,2026-03-17,66.3,979941,USD
Urals,2026-03-18,66.41,752419,USD
Urals,2026-03-19,68.14,492443,USD
Urals,2026-03-20,65.22,371043,USD
Urals,2026-03-21,67.6,620406,USD
Urals,2026-03-22,73.02,357994,USD
Urals,2026-03-23,72.89,430262,USD
Urals,2026-03-24,72.45,193397,USD
Urals,2026-03-25,72.2,831635,USD
Urals,2026-03-26,72.4,345301,USD
Urals,2026-03-27,71.81,884391,USD
Urals,2026-03-28,67.94,565875,USD
Urals,2026-03-29,67.64,443762,USD
Urals,2026-03-30,65.68,997291,USD
Urals,2026-03-31,66.01,483000,USD
Urals,2026-04-01,68.64,427509,USD
Urals,2026-04-02,66.74,849946,USD
Urals,2026-04-03,70.24,196707,USD
Urals,2026-04-04,69.51,861507,USD
Urals,2026-04-05,67.83,230757,USD
Urals,2026-04-06,69.21,384663,USD
Urals,2026-04-07,68.25,457504,USD
Urals,2026-04-08,68.16,614188,USD
Urals,2026-04-09,68.21,837196,USD
Maya,2024-04-09,66.25,592414,USD
Maya,2024-04-10,66.1,617994,USD
Maya,2024-04-11,65.73,955534,USD
Maya,2024-04-12,64.95,298098,USD
Maya,2024-04-13,65.98,281055,USD
Maya,2024-04-14,64.93,553942,USD
Maya,2024-04-15,67.63,517898,USD
Maya,2024-04-16,67.7,127446,USD
Maya,2024-04-17,64.34,218629,USD
Maya,2024-04-18,64.96,480581,USD
Maya,2024-04-19,65.91,565435,USD
Maya,2024-04-20,68.64,805768,USD
Maya,2024-04-21,67.17,786956,USD
Maya,2024-04-22,65.42,404172,USD
Maya,2024-04-23,66.74,522860,USD
Maya,2024-04-24,69.07,396418,USD
Maya,2024-04-25,67.52,224408,USD
Maya,2024-04-26,68.07,303293,USD
Maya,2024-04-27,67.95,650942,USD
Maya,2024-04-28,66.47,539088,USD
Maya,2024-04-29,66.23,731947,USD
Maya,2024-04-30,68.41,360043,USD
Maya,2024-05-01,68.48,177624,USD
Maya,2024-05-02,68.15,618764,USD
Maya,2024-05-03,69.35,812802,USD
Maya,2024-05-04,71.73,221876,USD
Maya,2024-05-05,69.8,362164,USD
Maya,2024-05-06,70.43,300384,USD
Maya,2024-05-07,69.71,745663,USD
Maya,2024-05-08,69.79,586026,USD
Maya,2024-05-09,71.17,514930,USD
Maya,2024-05-10,70.6,642526,USD
Maya,2024-05-11,66.55,987392,USD
Maya,2024-05-12,66.39,691699,USD
Maya,2024-05-13,68.37,905560,USD
Maya,2024-05-14,69.27,474207,USD
Maya,2024-05-15,69.06,640974,USD
Maya,2024-05-16,69.34,320154,USD
Maya,2024-05-17,69.47,771517,USD
Maya,2024-05-18,65.98,798946,USD
Maya,2024-05-19,66.3,597000,USD
Maya,2024-05-20,63.76,533146,USD
Maya,2024-05-21,66.07,655618,USD
Maya,2024-05-22,63.48,965476,USD
Maya,2024-05-23,62.67,560320,USD
Maya,2024-05-24,61.49,419618,USD
Maya,2024-05-25,64.6,466447,USD
Maya,2024-05-26,66.81,589122,USD
Maya,2024-05-27,62.26,547438,USD
Maya,2024-05-28,62.24,252193,USD
Maya,2024-05-29,60.0,213522,USD
Maya,2024-05-30,60.32,693541,USD
Maya,2024-05-31,61.64,461614,USD
Maya,2024-06-01,62.13,792252,USD
Maya,2024-06-02,63.59,431706,USD
Maya,2024-06-03,63.07,343866,USD
Maya,2024-06-04,63.63,357063,USD
Maya,2024-06-05,65.0,128696,USD
Maya,2024-06-06,64.12,168489,USD
Maya,2024-06-07,62.41,308673,USD
Maya,2024-06-08,61.12,818148,USD
Maya,2024-06-09,60.89,486390,USD
Maya,2024-06-10,60.92,467096,USD
Maya,2024-06-11,61.59,731887,USD
Maya,2024-06-12,60.12,748803,USD
Maya,2024-06-13,61.55,951066,USD
Maya,2024-06-14,65.19,498643,USD
Maya,2024-06-15,64.02,939561,USD
Maya,2024-06-16,68.93,168476,USD
Maya,2024-06-17,72.9,812715,USD
Maya,2024-06-18,72.92,624716,USD
Maya,2024-06-19,72.63,121113,USD
Maya,2024-06-20,71.31,396474,USD
Maya,2024-06-21,73.06,861898,USD
Maya,2024-06-22,73.22,214749,USD
Maya,2024-06-23,73.58,578906,USD
Maya,2024-06-24,71.92,339739,USD
Maya,2024-06-25,73.73,445554,USD
Maya,2024-06-26,73.27,763135,USD
Maya,2024-06-27,71.16,935140,USD
Maya,2024-06-28,71.03,508686,USD
Maya,2024-06-29,69.48,116992,USD
Maya,2024-06-30,72.22,190477,USD
Maya,2024-07-01,76.15,401261,USD
Maya,2024-07-02,76.07,725939,USD
Maya,2024-07-03,78.22,543269,USD
Maya,2024-07-04,80.32,923397,USD
Maya,2024-07-05,74.41,279442,USD
Maya,2024-07-06,73.12,376889,USD
Maya,2024-07-07,73.37,323682,USD
Maya,2024-07-08,72.53,373739,USD
Maya,2024-07-09,71.1,317976,USD
Maya,2024-07-10,73.34,252151,USD
Maya,2024-07-11,72.43,508378,USD
Maya,2024-07-12,73.11,556237,USD
Maya,2024-07-13,75.15,829648,USD
Maya,2024-07-14,78.02,140276,USD
Maya,2024-07-15,75.92,231415,USD
Maya,2024-07-16,73.98,360260,USD
Maya,2024-07-17,74.43,697334,USD
Maya,2024-07-18,70.53,442990,USD
Maya,2024-07-19,68.68,361255,USD
Maya,2024-07-20,71.16,587069,USD
Maya,2024-07-21,72.43,749360,USD
Maya,2024-07-22,72.2,179313,USD
Maya,2024-07-23,73.15,649851,USD
Maya,2024-07-24,74.56,838263,USD
Maya,2024-07-25,71.81,560821,USD
Maya,2024-07-26,70.87,593957,USD
Maya,2024-07-27,75.6,953834,USD
Maya,2024-07-28,78.39,912021,USD
Maya,2024-07-29,78.88,949085,USD
Maya,2024-07-30,79.48,188645,USD
Maya,2024-07-31,79.41,861881,USD
Maya,2024-08-01,75.93,554649,USD
Maya,2024-08-02,74.73,327172,USD
Maya,2024-08-03,75.56,758598,USD
Maya,2024-08-04,74.65,338379,USD
Maya,2024-08-05,72.62,414875,USD
Maya,2024-08-06,70.82,599736,USD
Maya,2024-08-07,73.66,189938,USD
Maya,2024-08-08,72.65,683680,USD
Maya,2024-08-09,75.01,752850,USD
Maya,2024-08-10,75.62,654601,USD
Maya,2024-08-11,75.16,485852,USD
Maya,2024-08-12,73.64,403939,USD
Maya,2024-08-13,74.97,828706,USD
Maya,2024-08-14,77.04,497080,USD
Maya,2024-08-15,78.57,744828,USD
Maya,2024-08-16,76.0,669409,USD
Maya,2024-08-17,74.99,978412,USD
Maya,2024-08-18,74.2,706601,USD
Maya,2024-08-19,70.38,587355,USD
Maya,2024-08-20,71.31,152467,USD
Maya,2024-08-21,72.53,998579,USD
Maya,2024-08-22,73.67,686077,USD
Maya,2024-08-23,74.47,870656,USD
Maya,2024-08-24,73.84,888778,USD
Maya,2024-08-25,72.25,281489,USD
Maya,2024-08-26,71.62,868911,USD
Maya,2024-08-27,72.25,718091,USD
Maya,2024-08-28,74.81,477324,USD
Maya,2024-08-29,74.97,274594,USD
Maya,2024-08-30,75.06,578197,USD
Maya,2024-08-31,71.39,825022,USD
Maya,2024-09-01,72.15,802706,USD
Maya,2024-09-02,74.88,272596,USD
Maya,2024-09-03,74.66,725787,USD
Maya,2024-09-04,74.29,468503,USD
Maya,2024-09-05,73.54,110684,USD
Maya,2024-09-06,74.94,370590,USD
Maya,2024-09-07,71.19,581385,USD
Maya,2024-09-08,73.55,888938,USD
Maya,2024-09-09,73.1,515926,USD
Maya,2024-09-10,73.9,594229,USD
Maya,2024-09-11,75.46,440227,USD
Maya,2024-09-12,73.64,107297,USD
Maya,2024-09-13,73.6,539501,USD
Maya,2024-09-14,73.1,120312,USD
Maya,2024-09-15,70.83,603903,USD
Maya,2024-09-16,72.89,370827,USD
Maya,2024-09-17,72.24,309046,USD
Maya,2024-09-18,69.9,581320,USD
Maya,2024-09-19,69.98,241640,USD
Maya,2024-09-20,67.13,703877,USD
Maya,2024-09-21,66.23,521022,USD
Maya,2024-09-22,66.82,163784,USD
Maya,2024-09-23,63.79,574862,USD
Maya,2024-09-24,65.05,565714,USD
Maya,2024-09-25,65.23,624698,USD
Maya,2024-09-26,66.81,461487,USD
Maya,2024-09-27,68.36,489156,USD
Maya,2024-09-28,67.39,845800,USD
Maya,2024-09-29,66.48,731027,USD
Maya,2024-09-30,67.43,361578,USD
Maya,2024-10-01,65.32,753011,USD
Maya,2024-10-02,63.22,306843,USD
Maya,2024-10-03,61.98,528315,USD
Maya,2024-10-04,59.29,140113,USD
Maya,2024-10-05,56.92,503688,USD
Maya,2024-10-06,54.62,663620,USD
Maya,2024-10-07,53.97,873491,USD
Maya,2024-10-08,53.24,330629,USD
Maya,2024-10-09,55.14,696833,USD
Maya,2024-10-10,54.52,407540,USD
Maya,2024-10-11,54.33,831863,USD
Maya,2024-10-12,57.79,959173,USD
Maya,2024-10-13,53.3,518531,USD
Maya,2024-10-14,53.69,720906,USD
Maya,2024-10-15,53.24,926373,USD
Maya,2024-10-16,53.83,833662,USD
Maya,2024-10-17,52.72,201016,USD
Maya,2024-10-18,52.09,362100,USD
Maya,2024-10-19,54.55,909325,USD
Maya,2024-10-20,55.47,661378,USD
Maya,2024-10-21,54.94,551215,USD
Maya,2024-10-22,53.4,139057,USD
Maya,2024-10-23,51.28,682363,USD
Maya,2024-10-24,50.28,517845,USD
Maya,2024-10-25,44.73,960417,USD
Maya,2024-10-26,44.37,293261,USD
Maya,2024-10-27,47.82,601159,USD
Maya,2024-10-28,48.06,936118,USD
Maya,2024-10-29,46.73,179670,USD
Maya,2024-10-30,42.25,648099,USD
Maya,2024-10-31,40.65,590078,USD
Maya,2024-11-01,39.65,579079,USD
Maya,2024-11-02,40.08,661394,USD
Maya,2024-11-03,39.15,270115,USD
Maya,2024-11-04,42.72,576492,USD
Maya,2024-11-05,42.22,455940,USD
Maya,2024-11-06,44.19,945197,USD
Maya,2024-11-07,41.02,704570,USD
Maya,2024-11-08,40.88,901741,USD
Maya,2024-11-09,39.29,185016,USD
Maya,2024-11-10,41.33,476545,USD
Maya,2024-11-11,40.52,496769,USD
Maya,2024-11-12,43.04,130410,USD
Maya,2024-11-13,44.28,633840,USD
Maya,2024-11-14,43.22,413171,USD
Maya,2024-11-15,41.07,522154,USD
Maya,2024-11-16,39.59,231065,USD
Maya,2024-11-17,38.97,130094,USD
Maya,2024-11-18,40.19,204107,USD
Maya,2024-11-19,40.11,951638,USD
Maya,2024-11-20,41.7,680749,USD
Maya,2024-11-21,44.4,844054,USD
Maya,2024-11-22,44.42,727382,USD
Maya,2024-11-23,42.46,628138,USD
Maya,2024-11-24,43.15,441244,USD
Maya,2024-11-25,46.98,406247,USD
Maya,2024-11-26,48.69,546558,USD
Maya,2024-11-27,49.22,842250,USD
Maya,2024-11-28,47.48,155355,USD
Maya,2024-11-29,47.06,146200,USD
Maya,2024-11-30,43.99,746143,USD
Maya,2024-12-01,41.73,768539,USD
Maya,2024-12-02,42.46,230063,USD
Maya,2024-12-03,39.02,220547,USD
Maya,2024-12-04,38.3,420059,USD
Maya,2024-12-05,35.85,811903,USD
Maya,2024-12-06,33.68,765092,USD
Maya,2024-12-07,33.74,457199,USD
Maya,2024-12-08,32.27,547980,USD
Maya,2024-12-09,30.0,408803,USD
Maya,2024-12-10,30.0,117255,USD
Maya,2024-12-11,30.0,795248,USD
Maya,2024-12-12,32.38,832446,USD
Maya,2024-12-13,33.71,544158,USD
Maya,2024-12-14,35.04,729741,USD
Maya,2024-12-15,33.39,321643,USD
Maya,2024-12-16,34.19,750080,USD
Maya,2024-12-17,34.52,271411,USD
Maya,2024-12-18,33.01,450691,USD
Maya,2024-12-19,32.81,767442,USD
Maya,2024-12-20,30.0,635820,USD
Maya,2024-12-21,30.0,884984,USD
Maya,2024-12-22,30.0,242416,USD
Maya,2024-12-23,30.0,725818,USD
Maya,2024-12-24,30.61,357562,USD
Maya,2024-12-25,30.0,279025,USD
Maya,2024-12-26,30.0,535233,USD
Maya,2024-12-27,30.0,550942,USD
Maya,2024-12-28,30.0,438748,USD
Maya,2024-12-29,30.0,705036,USD
Maya,2024-12-30,30.33,630850,USD
Maya,2024-12-31,33.32,280554,USD
Maya,2025-01-01,31.71,324365,USD
Maya,2025-01-02,30.7,302398,USD
Maya,2025-01-03,36.15,950452,USD
Maya,2025-01-04,37.83,276013,USD
Maya,2025-01-05,40.04,604217,USD
Maya,2025-01-06,41.02,329503,USD
Maya,2025-01-07,43.17,142765,USD
Maya,2025-01-08,41.46,297365,USD
Maya,2025-01-09,43.39,509786,USD
Maya,2025-01-10,44.8,728266,USD
Maya,2025-01-11,42.61,458334,USD
Maya,2025-01-12,41.88,621971,USD
Maya,2025-01-13,37.75,557480,USD
Maya,2025-01-14,37.92,121577,USD
Maya,2025-01-15,39.81,598547,USD
Maya,2025-01-16,38.71,505524,USD
Maya,2025-01-17,36.72,444791,USD
Maya,2025-01-18,34.6,852013,USD
Maya,2025-01-19,34.47,454017,USD
Maya,2025-01-20,35.44,861895,USD
Maya,2025-01-21,38.48,307847,USD
Maya,2025-01-22,34.2,769152,USD
Maya,2025-01-23,36.95,802659,USD
Maya,2025-01-24,37.23,293504,USD
Maya,2025-01-25,39.02,411496,USD
Maya,2025-01-26,40.3,255348,USD
Maya,2025-01-27,40.29,417189,USD
Maya,2025-01-28,40.21,599418,USD
Maya,2025-01-29,40.88,331979,USD
Maya,2025-01-30,40.3,303786,USD
Maya,2025-01-31,39.87,293576,USD
Maya,2025-02-01,32.67,344674,USD
Maya,2025-02-02,33.74,793080,USD
Maya,2025-02-03,32.12,516095,USD
Maya,2025-02-04,34.11,224447,USD
Maya,2025-02-05,35.92,969560,USD
Maya,2025-02-06,34.92,267548,USD
Maya,2025-02-07,36.0,213095,USD
Maya,2025-02-08,36.82,522688,USD
Maya,2025-02-09,35.63,804640,USD
Maya,2025-02-10,36.87,717729,USD
Maya,2025-02-11,39.78,116520,USD
Maya,2025-02-12,41.84,108410,USD
Maya,2025-02-13,39.02,129679,USD
Maya,2025-02-14,39.91,338832,USD
Maya,2025-02-15,41.61,719166,USD
Maya,2025-02-16,40.3,132433,USD
Maya,2025-02-17,42.29,939501,USD
Maya,2025-02-18,40.77,542671,USD
Maya,2025-02-19,40.17,791621,USD
Maya,2025-02-20,38.71,318443,USD
Maya,2025-02-21,36.96,992505,USD
Maya,2025-02-22,37.62,932738,USD
Maya,2025-02-23,34.96,232206,USD
Maya,2025-02-24,34.46,670649,USD
Maya,2025-02-25,35.13,784802,USD
Maya,2025-02-26,33.7,258063,USD
Maya,2025-02-27,36.06,479239,USD
Maya,2025-02-28,35.71,583770,USD
Maya,2025-03-01,38.59,995643,USD
Maya,2025-03-02,41.86,428719,USD
Maya,2025-03-03,39.0,453507,USD
Maya,2025-03-04,39.75,588123,USD
Maya,2025-03-05,40.08,791559,USD
Maya,2025-03-06,39.27,327569,USD
Maya,2025-03-07,39.27,565661,USD
Maya,2025-03-08,44.69,933176,USD
Maya,2025-03-09,45.73,680811,USD
Maya,2025-03-10,47.15,806394,USD
Maya,2025-03-11,46.87,280008,USD
Maya,2025-03-12,47.64,603894,USD
Maya,2025-03-13,46.02,810706,USD
Maya,2025-03-14,47.48,987743,USD
Maya,2025-03-15,50.27,580230,USD
Maya,2025-03-16,51.89,961396,USD
Maya,2025-03-17,50.44,727115,USD
Maya,2025-03-18,48.53,427968,USD
Maya,2025-03-19,53.16,417704,USD
Maya,2025-03-20,55.79,710665,USD
Maya,2025-03-21,57.22,278569,USD
Maya,2025-03-22,60.15,528133,USD
Maya,2025-03-23,60.09,582960,USD
Maya,2025-03-24,61.48,468410,USD
Maya,2025-03-25,63.81,905871,USD
Maya,2025-03-26,63.23,756729,USD
Maya,2025-03-27,64.12,829913,USD
Maya,2025-03-28,66.2,203859,USD
Maya,2025-03-29,64.16,466128,USD
Maya,2025-03-30,63.39,631985,USD
Maya,2025-03-31,65.42,553396,USD
Maya,2025-04-01,65.81,150161,USD
Maya,2025-04-02,65.93,616565,USD
Maya,2025-04-03,65.81,170674,USD
Maya,2025-04-04,68.07,604485,USD
Maya,2025-04-05,66.22,864131,USD
Maya,2025-04-06,65.32,569439,USD
Maya,2025-04-07,62.63,919718,USD
Maya,2025-04-08,61.99,257125,USD
Maya,2025-04-09,62.28,337027,USD
Maya,2025-04-10,58.62,288878,USD
Maya,2025-04-11,57.02,152350,USD
Maya,2025-04-12,57.41,435020,USD
Maya,2025-04-13,58.26,480588,USD
Maya,2025-04-14,61.71,609176,USD
Maya,2025-04-15,62.86,149414,USD
Maya,2025-04-16,62.51,706052,USD
Maya,2025-04-17,62.74,265636,USD
Maya,2025-04-18,63.05,366333,USD
Maya,2025-04-19,62.15,830675,USD
Maya,2025-04-20,62.62,747016,USD
Maya,2025-04-21,61.63,745984,USD
Maya,2025-04-22,62.2,711836,USD
Maya,2025-04-23,62.08,233909,USD
Maya,2025-04-24,61.64,602546,USD
Maya,2025-04-25,61.25,860455,USD
Maya,2025-04-26,62.74,100216,USD
Maya,2025-04-27,64.02,187256,USD
Maya,2025-04-28,63.48,645768,USD
Maya,2025-04-29,64.89,210267,USD
Maya,2025-04-30,64.73,290825,USD
Maya,2025-05-01,64.61,350049,USD
Maya,2025-05-02,63.71,882915,USD
Maya,2025-05-03,66.9,578719,USD
Maya,2025-05-04,69.83,182665,USD
Maya,2025-05-05,68.53,525514,USD
Maya,2025-05-06,67.87,709414,USD
Maya,2025-05-07,68.59,944727,USD
Maya,2025-05-08,69.68,148508,USD
Maya,2025-05-09,67.68,397798,USD
Maya,2025-05-10,65.97,342816,USD
Maya,2025-05-11,60.27,561185,USD
Maya,2025-05-12,61.35,705442,USD
Maya,2025-05-13,58.52,249580,USD
Maya,2025-05-14,57.24,414526,USD
Maya,2025-05-15,58.96,700214,USD
Maya,2025-05-16,60.58,310625,USD
Maya,2025-05-17,63.63,535839,USD
Maya,2025-05-18,67.44,594981,USD
Maya,2025-05-19,73.08,743955,USD
Maya,2025-05-20,72.38,198665,USD
Maya,2025-05-21,71.21,159965,USD
Maya,2025-05-22,72.01,978471,USD
Maya,2025-05-23,69.37,536810,USD
Maya,2025-05-24,68.89,847159,USD
Maya,2025-05-25,69.18,418515,USD
Maya,2025-05-26,70.13,642993,USD
Maya,2025-05-27,71.3,883360,USD
Maya,2025-05-28,70.76,602408,USD
Maya,2025-05-29,68.37,130076,USD
Maya,2025-05-30,66.35,834238,USD
Maya,2025-05-31,62.47,523999,USD
Maya,2025-06-01,61.38,836864,USD
Maya,2025-06-02,58.7,436276,USD
Maya,2025-06-03,57.72,399620,USD
Maya,2025-06-04,58.5,528961,USD
Maya,2025-06-05,56.15,879130,USD
Maya,2025-06-06,56.33,786653,USD
Maya,2025-06-07,55.77,783537,USD
Maya,2025-06-08,56.44,935029,USD
Maya,2025-06-09,57.57,399390,USD
Maya,2025-06-10,56.89,106261,USD
Maya,2025-06-11,56.9,316113,USD
Maya,2025-06-12,56.35,259338,USD
Maya,2025-06-13,55.43,125668,USD
Maya,2025-06-14,54.06,921006,USD
Maya,2025-06-15,54.99,903516,USD
Maya,2025-06-16,57.61,104805,USD
Maya,2025-06-17,59.95,986384,USD
Maya,2025-06-18,57.44,904283,USD
Maya,2025-06-19,60.02,362365,USD
Maya,2025-06-20,58.21,929760,USD
Maya,2025-06-21,58.49,226693,USD
Maya,2025-06-22,59.12,787683,USD
Maya,2025-06-23,56.15,657416,USD
Maya,2025-06-24,55.8,913390,USD
Maya,2025-06-25,58.52,468862,USD
Maya,2025-06-26,54.08,502861,USD
Maya,2025-06-27,58.92,797671,USD
Maya,2025-06-28,54.98,332342,USD
Maya,2025-06-29,55.55,133972,USD
Maya,2025-06-30,52.66,233320,USD
Maya,2025-07-01,53.55,688446,USD
Maya,2025-07-02,55.8,553219,USD
Maya,2025-07-03,57.41,904649,USD
Maya,2025-07-04,54.58,984650,USD
Maya,2025-07-05,56.53,346722,USD
Maya,2025-07-06,55.99,151156,USD
Maya,2025-07-07,53.21,980645,USD
Maya,2025-07-08,55.92,690216,USD
Maya,2025-07-09,60.11,547321,USD
Maya,2025-07-10,60.3,744556,USD
Maya,2025-07-11,59.54,475074,USD
Maya,2025-07-12,57.98,299148,USD
Maya,2025-07-13,59.45,245275,USD
Maya,2025-07-14,61.51,845120,USD
Maya,2025-07-15,60.75,444541,USD
Maya,2025-07-16,63.94,317086,USD
Maya,2025-07-17,65.23,251326,USD
Maya,2025-07-18,65.39,983274,USD
Maya,2025-07-19,66.03,403980,USD
Maya,2025-07-20,64.06,335080,USD
Maya,2025-07-21,65.5,560711,USD
Maya,2025-07-22,63.65,336592,USD
Maya,2025-07-23,62.64,132173,USD
Maya,2025-07-24,62.49,184818,USD
Maya,2025-07-25,66.27,254524,USD
Maya,2025-07-26,66.75,184789,USD
Maya,2025-07-27,65.06,778854,USD
Maya,2025-07-28,65.71,165671,USD
Maya,2025-07-29,66.88,839013,USD
Maya,2025-07-30,69.29,640665,USD
Maya,2025-07-31,69.25,713649,USD
Maya,2025-08-01,67.83,135506,USD
Maya,2025-08-02,72.25,113023,USD
Maya,2025-08-03,72.9,610446,USD
Maya,2025-08-04,71.23,598086,USD
Maya,2025-08-05,71.17,932160,USD
Maya,2025-08-06,70.16,457832,USD
Maya,2025-08-07,72.72,805532,USD
Maya,2025-08-08,73.86,567352,USD
Maya,2025-08-09,73.23,899823,USD
Maya,2025-08-10,75.29,316204,USD
Maya,2025-08-11,75.07,816023,USD
Maya,2025-08-12,74.95,475349,USD
Maya,2025-08-13,73.49,911259,USD
Maya,2025-08-14,72.01,850524,USD
Maya,2025-08-15,76.25,526893,USD
Maya,2025-08-16,78.21,452499,USD
Maya,2025-08-17,74.58,548335,USD
Maya,2025-08-18,72.68,511868,USD
Maya,2025-08-19,70.4,561827,USD
Maya,2025-08-20,70.52,318176,USD
Maya,2025-08-21,69.69,663979,USD
Maya,2025-08-22,72.69,754834,USD
Maya,2025-08-23,72.04,449108,USD
Maya,2025-08-24,76.01,438363,USD
Maya,2025-08-25,75.84,864219,USD
Maya,2025-08-26,80.35,887231,USD
Maya,2025-08-27,79.94,667360,USD
Maya,2025-08-28,79.58,371103,USD
Maya,2025-08-29,81.48,281315,USD
Maya,2025-08-30,83.06,310774,USD
Maya,2025-08-31,80.48,374888,USD
Maya,2025-09-01,80.64,389316,USD
Maya,2025-09-02,79.8,809696,USD
Maya,2025-09-03,78.82,250476,USD
Maya,2025-09-04,78.98,978384,USD
Maya,2025-09-05,78.4,398092,USD
Maya,2025-09-06,78.77,915718,USD
Maya,2025-09-07,76.78,805655,USD
Maya,2025-09-08,73.78,587692,USD
Maya,2025-09-09,75.77,182120,USD
Maya,2025-09-10,78.1,968528,USD
Maya,2025-09-11,79.95,334357,USD
Maya,2025-09-12,80.02,736111,USD
Maya,2025-09-13,79.29,811366,USD
Maya,2025-09-14,78.05,561331,USD
Maya,2025-09-15,76.47,397540,USD
Maya,2025-09-16,76.3,819620,USD
Maya,2025-09-17,78.57,622557,USD
Maya,2025-09-18,77.18,848274,USD
Maya,2025-09-19,79.45,347115,USD
Maya,2025-09-20,76.54,527973,USD
Maya,2025-09-21,77.01,386357,USD
Maya,2025-09-22,77.89,985748,USD
Maya,2025-09-23,76.85,117911,USD
Maya,2025-09-24,74.74,136439,USD
Maya,2025-09-25,76.44,462600,USD
Maya,2025-09-26,76.52,886045,USD
Maya,2025-09-27,81.79,175601,USD
Maya,2025-09-28,84.1,702172,USD
Maya,2025-09-29,86.43,948101,USD
Maya,2025-09-30,81.63,379132,USD
Maya,2025-10-01,80.28,506203,USD
Maya,2025-10-02,77.96,981335,USD
Maya,2025-10-03,74.0,179769,USD
Maya,2025-10-04,73.92,661368,USD
Maya,2025-10-05,75.56,847164,USD
Maya,2025-10-06,73.63,468566,USD
Maya,2025-10-07,69.77,437257,USD
Maya,2025-10-08,67.99,657183,USD
Maya,2025-10-09,67.67,229322,USD
Maya,2025-10-10,67.21,384936,USD
Maya,2025-10-11,67.23,709471,USD
Maya,2025-10-12,68.07,886693,USD
Maya,2025-10-13,68.04,423163,USD
Maya,2025-10-14,69.8,917231,USD
Maya,2025-10-15,67.9,312118,USD
Maya,2025-10-16,67.36,978771,USD
Maya,2025-10-17,68.53,353134,USD
Maya,2025-10-18,69.09,530089,USD
Maya,2025-10-19,72.75,301144,USD
Maya,2025-10-20,70.94,597557,USD
Maya,2025-10-21,72.15,327920,USD
Maya,2025-10-22,70.89,472661,USD
Maya,2025-10-23,69.42,309457,USD
Maya,2025-10-24,71.59,740857,USD
Maya,2025-10-25,71.54,621965,USD
Maya,2025-10-26,72.06,249772,USD
Maya,2025-10-27,70.95,807730,USD
Maya,2025-10-28,69.94,415423,USD
Maya,2025-10-29,66.9,872932,USD
Maya,2025-10-30,67.26,227855,USD
Maya,2025-10-31,65.19,734316,USD
Maya,2025-11-01,64.91,539283,USD
Maya,2025-11-02,66.66,934680,USD
Maya,2025-11-03,63.13,620496,USD
Maya,2025-11-04,69.11,720306,USD
Maya,2025-11-05,67.6,807564,USD
Maya,2025-11-06,67.38,439254,USD
Maya,2025-11-07,67.9,892118,USD
Maya,2025-11-08,66.33,898978,USD
Maya,2025-11-09,65.39,641393,USD
Maya,2025-11-10,67.63,645685,USD
Maya,2025-11-11,69.15,552905,USD
Maya,2025-11-12,68.64,518305,USD
Maya,2025-11-13,68.64,260558,USD
Maya,2025-11-14,68.92,561762,USD
Maya,2025-11-15,70.03,809723,USD
Maya,2025-11-16,71.3,737221,USD
Maya,2025-11-17,72.51,904099,USD
Maya,2025-11-18,71.69,274737,USD
Maya,2025-11-19,71.9,681761,USD
Maya,2025-11-20,73.9,590826,USD
Maya,2025-11-21,78.31,552375,USD
Maya,2025-11-22,78.47,542630,USD
Maya,2025-11-23,77.39,242967,USD
Maya,2025-11-24,75.79,276099,USD
Maya,2025-11-25,77.01,649160,USD
Maya,2025-11-26,73.89,238576,USD
Maya,2025-11-27,75.14,313585,USD
Maya,2025-11-28,76.42,359799,USD
Maya,2025-11-29,75.41,476437,USD
Maya,2025-11-30,75.89,603371,USD
Maya,2025-12-01,75.45,640923,USD
Maya,2025-12-02,72.78,394639,USD
Maya,2025-12-03,73.87,391248,USD
Maya,2025-12-04,74.77,854791,USD
Maya,2025-12-05,73.9,917101,USD
Maya,2025-12-06,78.28,426870,USD
Maya,2025-12-07,78.29,510351,USD
Maya,2025-12-08,74.59,409985,USD
Maya,2025-12-09,76.7,867685,USD
Maya,2025-12-10,78.28,975570,USD
Maya,2025-12-11,80.11,454832,USD
Maya,2025-12-12,78.14,709373,USD
Maya,2025-12-13,78.56,756011,USD
Maya,2025-12-14,78.54,957242,USD
Maya,2025-12-15,78.19,326609,USD
Maya,2025-12-16,80.87,433288,USD
Maya,2025-12-17,80.91,554552,USD
Maya,2025-12-18,80.11,572725,USD
Maya,2025-12-19,79.29,481560,USD
Maya,2025-12-20,77.18,424479,USD
Maya,2025-12-21,77.41,614889,USD
Maya,2025-12-22,80.26,867712,USD
Maya,2025-12-23,79.62,742523,USD
Maya,2025-12-24,80.16,491892,USD
Maya,2025-12-25,79.78,538524,USD
Maya,2025-12-26,79.6,419893,USD
Maya,2025-12-27,81.28,792536,USD
Maya,2025-12-28,79.14,320310,USD
Maya,2025-12-29,76.19,321830,USD
Maya,2025-12-30,78.3,108105,USD
Maya,2025-12-31,77.24,650949,USD
Maya,2026-01-01,76.46,249891,USD
Maya,2026-01-02,81.38,368237,USD
Maya,2026-01-03,82.95,131558,USD
Maya,2026-01-04,81.22,816670,USD
Maya,2026-01-05,83.49,488559,USD
Maya,2026-01-06,85.1,741728,USD
Maya,2026-01-07,79.21,346152,USD
Maya,2026-01-08,79.52,394279,USD
Maya,2026-01-09,77.47,498242,USD
Maya,2026-01-10,77.29,658250,USD
Maya,2026-01-11,81.72,589780,USD
Maya,2026-01-12,83.48,580770,USD
Maya,2026-01-13,85.54,711012,USD
Maya,2026-01-14,85.16,471486,USD
Maya,2026-01-15,87.23,787821,USD
Maya,2026-01-16,85.78,902900,USD
Maya,2026-01-17,86.06,127704,USD
Maya,2026-01-18,87.72,957799,USD
Maya,2026-01-19,89.32,148720,USD
Maya,2026-01-20,86.47,397569,USD
Maya,2026-01-21,90.29,181286,USD
Maya,2026-01-22,88.49,194099,USD
Maya,2026-01-23,93.89,651240,USD
Maya,2026-01-24,95.61,914835,USD
Maya,2026-01-25,97.15,468523,USD
Maya,2026-01-26,95.5,491850,USD
Maya,2026-01-27,94.52,461708,USD
Maya,2026-01-28,98.13,774988,USD
Maya,2026-01-29,101.41,558900,USD
Maya,2026-01-30,101.09,141921,USD
Maya,2026-01-31,100.61,734601,USD
Maya,2026-02-01,100.18,935669,USD
Maya,2026-02-02,102.46,631269,USD
Maya,2026-02-03,104.53,367120,USD
Maya,2026-02-04,105.3,418839,USD
Maya,2026-02-05,105.6,468854,USD
Maya,2026-02-06,105.26,991721,USD
Maya,2026-02-07,110.42,576797,USD
Maya,2026-02-08,107.76,389563,USD
Maya,2026-02-09,107.01,799091,USD
Maya,2026-02-10,107.64,663261,USD
Maya,2026-02-11,104.63,873755,USD
Maya,2026-02-12,103.52,730169,USD
Maya,2026-02-13,107.9,181959,USD
Maya,2026-02-14,109.81,526527,USD
Maya,2026-02-15,108.69,695173,USD
Maya,2026-02-16,107.5,920130,USD
Maya,2026-02-17,104.85,683872,USD
Maya,2026-02-18,103.98,884068,USD
Maya,2026-02-19,105.12,582899,USD
Maya,2026-02-20,105.88,776688,USD
Maya,2026-02-21,105.11,450594,USD
Maya,2026-02-22,103.28,560166,USD
Maya,2026-02-23,102.91,421876,USD
Maya,2026-02-24,102.5,361669,USD
Maya,2026-02-25,104.12,966062,USD
Maya,2026-02-26,104.58,688242,USD
Maya,2026-02-27,104.77,287494,USD
Maya,2026-02-28,107.25,572219,USD
Maya,2026-03-01,110.51,297894,USD
Maya,2026-03-02,111.25,431479,USD
Maya,2026-03-03,112.04,499550,USD
Maya,2026-03-04,111.81,779584,USD
Maya,2026-03-05,110.14,614682,USD
Maya,2026-03-06,111.93,904872,USD
Maya,2026-03-07,113.28,293012,USD
Maya,2026-03-08,113.2,166743,USD
Maya,2026-03-09,113.67,444128,USD
Maya,2026-03-10,116.0,941102,USD
Maya,2026-03-11,118.71,501502,USD
Maya,2026-03-12,113.98,608336,USD
Maya,2026-03-13,112.72,893843,USD
Maya,2026-03-14,112.64,499954,USD
Maya,2026-03-15,110.53,103049,USD
Maya,2026-03-16,111.05,320761,USD
Maya,2026-03-17,109.89,917998,USD
Maya,2026-03-18,110.48,293520,USD
Maya,2026-03-19,109.38,112583,USD
Maya,2026-03-20,108.36,794624,USD
Maya,2026-03-21,108.94,269379,USD
Maya,2026-03-22,110.82,356750,USD
Maya,2026-03-23,112.05,322616,USD
Maya,2026-03-24,111.98,758481,USD
Maya,2026-03-25,108.43,510324,USD
Maya,2026-03-26,107.36,164086,USD
Maya,2026-03-27,106.09,752870,USD
Maya,2026-03-28,107.57,161513,USD
Maya,2026-03-29,107.88,971073,USD
Maya,2026-03-30,108.27,530101,USD
Maya,2026-03-31,106.68,265931,USD
Maya,2026-04-01,109.48,498768,USD
Maya,2026-04-02,109.86,663817,USD
Maya,2026-04-03,108.15,584271,USD
Maya,2026-04-04,106.58,599516,USD
Maya,2026-04-05,107.25,358491,USD
Maya,2026-04-06,105.47,110039,USD
Maya,2026-04-07,104.23,318093,USD
Maya,2026-04-08,102.02,558103,USD
Maya,2026-04-09,103.49,899036,USD
Bonny Light,2024-04-09,63.27,435222,USD
Bonny Light,2024-04-10,66.45,510162,USD
Bonny Light,2024-04-11,67.37,427737,USD
Bonny Light,2024-04-12,65.16,867128,USD
Bonny Light,2024-04-13,66.36,427782,USD
Bonny Light,2024-04-14,69.17,288938,USD
Bonny Light,2024-04-15,69.02,302275,USD
Bonny Light,2024-04-16,72.09,275657,USD
Bonny Light,2024-04-17,73.05,306088,USD
Bonny Light,2024-04-18,71.89,573978,USD
Bonny Light,2024-04-19,76.32,889439,USD
Bonny Light,2024-04-20,73.63,880972,USD
Bonny Light,2024-04-21,72.98,483799,USD
Bonny Light,2024-04-22,72.92,645574,USD
Bonny Light,2024-04-23,76.89,238668,USD
Bonny Light,2024-04-24,78.4,681881,USD
Bonny Light,2024-04-25,79.54,405178,USD
Bonny Light,2024-04-26,78.1,738905,USD
Bonny Light,2024-04-27,77.87,734531,USD
Bonny Light,2024-04-28,76.76,304183,USD
Bonny Light,2024-04-29,77.83,628805,USD
Bonny Light,2024-04-30,80.25,418193,USD
Bonny Light,2024-05-01,85.26,525215,USD
Bonny Light,2024-05-02,84.35,728481,USD
Bonny Light,2024-05-03,81.61,292540,USD
Bonny Light,2024-05-04,81.0,105223,USD
Bonny Light,2024-05-05,83.1,814746,USD
Bonny Light,2024-05-06,81.42,282220,USD
Bonny Light,2024-05-07,81.43,925280,USD
Bonny Light,2024-05-08,82.59,736088,USD
Bonny Light,2024-05-09,81.73,297992,USD
Bonny Light,2024-05-10,82.19,107933,USD
Bonny Light,2024-05-11,80.34,807987,USD
Bonny Light,2024-05-12,82.92,405042,USD
Bonny Light,2024-05-13,82.45,256035,USD
Bonny Light,2024-05-14,82.85,406788,USD
Bonny Light,2024-05-15,79.36,787282,USD
Bonny Light,2024-05-16,77.25,187256,USD
Bonny Light,2024-05-17,79.27,160117,USD
Bonny Light,2024-05-18,78.38,948109,USD
Bonny Light,2024-05-19,76.62,798752,USD
Bonny Light,2024-05-20,73.73,636334,USD
Bonny Light,2024-05-21,76.26,206181,USD
Bonny Light,2024-05-22,77.68,849888,USD
Bonny Light,2024-05-23,78.96,900761,USD
Bonny Light,2024-05-24,82.36,730275,USD
Bonny Light,2024-05-25,81.72,544638,USD
Bonny Light,2024-05-26,78.99,149695,USD
Bonny Light,2024-05-27,79.11,123069,USD
Bonny Light,2024-05-28,82.97,932272,USD
Bonny Light,2024-05-29,83.13,306048,USD
Bonny Light,2024-05-30,85.49,209460,USD
Bonny Light,2024-05-31,82.83,556022,USD
Bonny Light,2024-06-01,81.34,969768,USD
Bonny Light,2024-06-02,83.23,685790,USD
Bonny Light,2024-06-03,83.59,527721,USD
Bonny Light,2024-06-04,83.4,881765,USD
Bonny Light,2024-06-05,85.73,362419,USD
Bonny Light,2024-06-06,87.59,944044,USD
Bonny Light,2024-06-07,88.0,148265,USD
Bonny Light,2024-06-08,83.29,663272,USD
Bonny Light,2024-06-09,83.33,814232,USD
Bonny Light,2024-06-10,84.22,737855,USD
Bonny Light,2024-06-11,80.78,220987,USD
Bonny Light,2024-06-12,81.6,954583,USD
Bonny Light,2024-06-13,84.03,405576,USD
Bonny Light,2024-06-14,84.06,177229,USD
Bonny Light,2024-06-15,82.09,972573,USD
Bonny Light,2024-06-16,77.57,159257,USD
Bonny Light,2024-06-17,78.44,659950,USD
Bonny Light,2024-06-18,75.2,919199,USD
Bonny Light,2024-06-19,76.46,373699,USD
Bonny Light,2024-06-20,80.19,190208,USD
Bonny Light,2024-06-21,75.9,938945,USD
Bonny Light,2024-06-22,74.5,448562,USD
Bonny Light,2024-06-23,74.08,640182,USD
Bonny Light,2024-06-24,77.96,149935,USD
Bonny Light,2024-06-25,78.23,356086,USD
Bonny Light,2024-06-26,77.36,650988,USD
Bonny Light,2024-06-27,79.45,237598,USD
Bonny Light,2024-06-28,78.68,562944,USD
Bonny Light,2024-06-29,77.16,629883,USD
Bonny Light,2024-06-30,78.39,647882,USD
Bonny Light,2024-07-01,80.66,470603,USD
Bonny Light,2024-07-02,75.64,857949,USD
Bonny Light,2024-07-03,74.11,307000,USD
Bonny Light,2024-07-04,74.54,873141,USD
Bonny Light,2024-07-05,74.21,169054,USD
Bonny Light,2024-07-06,74.19,648300,USD
Bonny Light,2024-07-07,72.23,347417,USD
Bonny Light,2024-07-08,73.62,392341,USD
Bonny Light,2024-07-09,76.79,122834,USD
Bonny Light,2024-07-10,75.21,851026,USD
Bonny Light,2024-07-11,76.59,478261,USD
Bonny Light,2024-07-12,78.64,877260,USD
Bonny Light,2024-07-13,79.06,434367,USD
Bonny Light,2024-07-14,80.35,489772,USD
Bonny Light,2024-07-15,78.98,272837,USD
Bonny Light,2024-07-16,82.01,379937,USD
Bonny Light,2024-07-17,84.31,388009,USD
Bonny Light,2024-07-18,86.86,152320,USD
Bonny Light,2024-07-19,84.58,936204,USD
Bonny Light,2024-07-20,85.6,301071,USD
Bonny Light,2024-07-21,84.37,172762,USD
Bonny Light,2024-07-22,87.61,601359,USD
Bonny Light,2024-07-23,86.06,867660,USD
Bonny Light,2024-07-24,86.57,536835,USD
Bonny Light,2024-07-25,82.63,418515,USD
Bonny Light,2024-07-26,83.12,691744,USD
Bonny Light,2024-07-27,80.87,275157,USD
Bonny Light,2024-07-28,82.0,321955,USD
Bonny Light,2024-07-29,81.72,701524,USD
Bonny Light,2024-07-30,81.01,943773,USD
Bonny Light,2024-07-31,84.31,762991,USD
Bonny Light,2024-08-01,88.92,723352,USD
Bonny Light,2024-08-02,86.12,632971,USD
Bonny Light,2024-08-03,85.47,369897,USD
Bonny Light,2024-08-04,87.19,292455,USD
Bonny Light,2024-08-05,87.96,694479,USD
Bonny Light,2024-08-06,89.56,653178,USD
Bonny Light,2024-08-07,89.42,883369,USD
Bonny Light,2024-08-08,91.81,423500,USD
Bonny Light,2024-08-09,92.22,331459,USD
Bonny Light,2024-08-10,93.11,607676,USD
Bonny Light,2024-08-11,90.87,632118,USD
Bonny Light,2024-08-12,91.07,383307,USD
Bonny Light,2024-08-13,92.81,708450,USD
Bonny Light,2024-08-14,93.47,421285,USD
Bonny Light,2024-08-15,97.54,964227,USD
Bonny Light,2024-08-16,97.84,328302,USD
Bonny Light,2024-08-17,98.86,458090,USD
Bonny Light,2024-08-18,99.26,957714,USD
Bonny Light,2024-08-19,99.19,514294,USD
Bonny Light,2024-08-20,101.0,609819,USD
Bonny Light,2024-08-21,100.8,848014,USD
Bonny Light,2024-08-22,98.44,113934,USD
Bonny Light,2024-08-23,101.62,818894,USD
Bonny Light,2024-08-24,100.44,950670,USD
Bonny Light,2024-08-25,97.56,931733,USD
Bonny Light,2024-08-26,98.83,797784,USD
Bonny Light,2024-08-27,102.32,931884,USD
Bonny Light,2024-08-28,103.65,741154,USD
Bonny Light,2024-08-29,106.48,136250,USD
Bonny Light,2024-08-30,104.73,447774,USD
Bonny Light,2024-08-31,102.4,120776,USD
Bonny Light,2024-09-01,101.74,220043,USD
Bonny Light,2024-09-02,103.95,989383,USD
Bonny Light,2024-09-03,105.09,411727,USD
Bonny Light,2024-09-04,106.38,250337,USD
Bonny Light,2024-09-05,106.67,745881,USD
Bonny Light,2024-09-06,106.05,875124,USD
Bonny Light,2024-09-07,106.43,831794,USD
Bonny Light,2024-09-08,106.16,558360,USD
Bonny Light,2024-09-09,105.4,579112,USD
Bonny Light,2024-09-10,106.23,431436,USD
Bonny Light,2024-09-11,105.76,140995,USD
Bonny Light,2024-09-12,106.35,467399,USD
Bonny Light,2024-09-13,102.59,346458,USD
Bonny Light,2024-09-14,103.0,996530,USD
Bonny Light,2024-09-15,102.52,396587,USD
Bonny Light,2024-09-16,105.48,746597,USD
Bonny Light,2024-09-17,102.51,452826,USD
Bonny Light,2024-09-18,102.78,505351,USD
Bonny Light,2024-09-19,104.55,682005,USD
Bonny Light,2024-09-20,104.35,523490,USD
Bonny Light,2024-09-21,103.8,383065,USD
Bonny Light,2024-09-22,105.56,758210,USD
Bonny Light,2024-09-23,106.65,990399,USD
Bonny Light,2024-09-24,107.88,789960,USD
Bonny Light,2024-09-25,107.13,425960,USD
Bonny Light,2024-09-26,106.14,810400,USD
Bonny Light,2024-09-27,106.73,579097,USD
Bonny Light,2024-09-28,108.67,677457,USD
Bonny Light,2024-09-29,106.08,288537,USD
Bonny Light,2024-09-30,105.95,612560,USD
Bonny Light,2024-10-01,105.04,888944,USD
Bonny Light,2024-10-02,105.14,778423,USD
Bonny Light,2024-10-03,106.7,495372,USD
Bonny Light,2024-10-04,105.13,433958,USD
Bonny Light,2024-10-05,106.44,670805,USD
Bonny Light,2024-10-06,105.76,503148,USD
Bonny Light,2024-10-07,108.04,866153,USD
Bonny Light,2024-10-08,106.57,391578,USD
Bonny Light,2024-10-09,108.48,710990,USD
Bonny Light,2024-10-10,106.07,378936,USD
Bonny Light,2024-10-11,106.53,909984,USD
Bonny Light,2024-10-12,107.88,118195,USD
Bonny Light,2024-10-13,106.46,703684,USD
Bonny Light,2024-10-14,102.23,876163,USD
Bonny Light,2024-10-15,101.39,868840,USD
Bonny Light,2024-10-16,101.51,431049,USD
Bonny Light,2024-10-17,100.96,474094,USD
Bonny Light,2024-10-18,99.93,948743,USD
Bonny Light,2024-10-19,101.73,261670,USD
Bonny Light,2024-10-20,104.24,326975,USD
Bonny Light,2024-10-21,106.62,392275,USD
Bonny Light,2024-10-22,107.61,396186,USD
Bonny Light,2024-10-23,108.88,580560,USD
Bonny Light,2024-10-24,107.15,858999,USD
Bonny Light,2024-10-25,107.09,746205,USD
Bonny Light,2024-10-26,107.37,946361,USD
Bonny Light,2024-10-27,108.04,599061,USD
Bonny Light,2024-10-28,108.66,677916,USD
Bonny Light,2024-10-29,108.79,127707,USD
Bonny Light,2024-10-30,109.76,816022,USD
Bonny Light,2024-10-31,110.3,625449,USD
Bonny Light,2024-11-01,110.83,355057,USD
Bonny Light,2024-11-02,109.53,676081,USD
Bonny Light,2024-11-03,107.37,286071,USD
Bonny Light,2024-11-04,108.04,659466,USD
Bonny Light,2024-11-05,107.27,851720,USD
Bonny Light,2024-11-06,106.06,394382,USD
Bonny Light,2024-11-07,107.47,304434,USD
Bonny Light,2024-11-08,107.44,450663,USD
Bonny Light,2024-11-09,110.28,911488,USD
Bonny Light,2024-11-10,111.46,923925,USD
Bonny Light,2024-11-11,110.05,122328,USD
Bonny Light,2024-11-12,111.49,445396,USD
Bonny Light,2024-11-13,112.36,695017,USD
Bonny Light,2024-11-14,110.87,139574,USD
Bonny Light,2024-11-15,109.88,489004,USD
Bonny Light,2024-11-16,111.21,701140,USD
Bonny Light,2024-11-17,107.88,159065,USD
Bonny Light,2024-11-18,103.88,461299,USD
Bonny Light,2024-11-19,104.3,472147,USD
Bonny Light,2024-11-20,104.56,481227,USD
Bonny Light,2024-11-21,105.15,340354,USD
Bonny Light,2024-11-22,105.42,496129,USD
Bonny Light,2024-11-23,106.37,199527,USD
Bonny Light,2024-11-24,108.91,664959,USD
Bonny Light,2024-11-25,109.0,576192,USD
Bonny Light,2024-11-26,106.27,888583,USD
Bonny Light,2024-11-27,102.73,307869,USD
Bonny Light,2024-11-28,102.13,886826,USD
Bonny Light,2024-11-29,101.58,268455,USD
Bonny Light,2024-11-30,99.13,795973,USD
Bonny Light,2024-12-01,94.82,424989,USD
Bonny Light,2024-12-02,94.07,866992,USD
Bonny Light,2024-12-03,97.55,907334,USD
Bonny Light,2024-12-04,98.41,911567,USD
Bonny Light,2024-12-05,99.08,122388,USD
Bonny Light,2024-12-06,98.83,439152,USD
Bonny Light,2024-12-07,98.22,345773,USD
Bonny Light,2024-12-08,99.28,372360,USD
Bonny Light,2024-12-09,97.04,754061,USD
Bonny Light,2024-12-10,101.13,905419,USD
Bonny Light,2024-12-11,99.01,939413,USD
Bonny Light,2024-12-12,100.26,338043,USD
Bonny Light,2024-12-13,98.31,224898,USD
Bonny Light,2024-12-14,98.63,370027,USD
Bonny Light,2024-12-15,100.1,835070,USD
Bonny Light,2024-12-16,97.02,785214,USD
Bonny Light,2024-12-17,95.26,969212,USD
Bonny Light,2024-12-18,93.62,107412,USD
Bonny Light,2024-12-19,93.18,952555,USD
Bonny Light,2024-12-20,93.74,408076,USD
Bonny Light,2024-12-21,97.27,628902,USD
Bonny Light,2024-12-22,96.25,386145,USD
Bonny Light,2024-12-23,99.62,138101,USD
Bonny Light,2024-12-24,100.4,110079,USD
Bonny Light,2024-12-25,98.23,697909,USD
Bonny Light,2024-12-26,97.98,292647,USD
Bonny Light,2024-12-27,95.28,593635,USD
Bonny Light,2024-12-28,94.68,204448,USD
Bonny Light,2024-12-29,93.94,197344,USD
Bonny Light,2024-12-30,94.3,557988,USD
Bonny Light,2024-12-31,95.55,950351,USD
Bonny Light,2025-01-01,95.45,801647,USD
Bonny Light,2025-01-02,93.48,420560,USD
Bonny Light,2025-01-03,97.96,952378,USD
Bonny Light,2025-01-04,100.79,308711,USD
Bonny Light,2025-01-05,104.47,142028,USD
Bonny Light,2025-01-06,104.18,498330,USD
Bonny Light,2025-01-07,104.88,203175,USD
Bonny Light,2025-01-08,104.48,897907,USD
Bonny Light,2025-01-09,104.85,756795,USD
Bonny Light,2025-01-10,105.32,381390,USD
Bonny Light,2025-01-11,102.9,260409,USD
Bonny Light,2025-01-12,102.34,458689,USD
Bonny Light,2025-01-13,104.44,252898,USD
Bonny Light,2025-01-14,106.34,426815,USD
Bonny Light,2025-01-15,105.74,956443,USD
Bonny Light,2025-01-16,106.26,453484,USD
Bonny Light,2025-01-17,105.8,103936,USD
Bonny Light,2025-01-18,107.14,819339,USD
Bonny Light,2025-01-19,104.05,220049,USD
Bonny Light,2025-01-20,105.11,792268,USD
Bonny Light,2025-01-21,108.1,485968,USD
Bonny Light,2025-01-22,106.78,319685,USD
Bonny Light,2025-01-23,109.44,756112,USD
Bonny Light,2025-01-24,110.05,414536,USD
Bonny Light,2025-01-25,109.95,929554,USD
Bonny Light,2025-01-26,109.33,925772,USD
Bonny Light,2025-01-27,112.07,505111,USD
Bonny Light,2025-01-28,111.62,305020,USD
Bonny Light,2025-01-29,114.96,279415,USD
Bonny Light,2025-01-30,118.0,644564,USD
Bonny Light,2025-01-31,117.11,719766,USD
Bonny Light,2025-02-01,116.81,139955,USD
Bonny Light,2025-02-02,113.18,835779,USD
Bonny Light,2025-02-03,113.14,109867,USD
Bonny Light,2025-02-04,113.34,252813,USD
Bonny Light,2025-02-05,115.68,809078,USD
Bonny Light,2025-02-06,118.85,328495,USD
Bonny Light,2025-02-07,120.0,390533,USD
Bonny Light,2025-02-08,120.0,590939,USD
Bonny Light,2025-02-09,119.69,893077,USD
Bonny Light,2025-02-10,117.38,479072,USD
Bonny Light,2025-02-11,117.99,272689,USD
Bonny Light,2025-02-12,120.0,622995,USD
Bonny Light,2025-02-13,114.96,207667,USD
Bonny Light,2025-02-14,115.26,475037,USD
Bonny Light,2025-02-15,111.85,932989,USD
Bonny Light,2025-02-16,110.39,438135,USD
Bonny Light,2025-02-17,110.76,733677,USD
Bonny Light,2025-02-18,113.98,334104,USD
Bonny Light,2025-02-19,114.07,848191,USD
Bonny Light,2025-02-20,115.46,428541,USD
Bonny Light,2025-02-21,116.05,106983,USD
Bonny Light,2025-02-22,114.69,527763,USD
Bonny Light,2025-02-23,115.67,981477,USD
Bonny Light,2025-02-24,113.31,517962,USD
Bonny Light,2025-02-25,113.38,546256,USD
Bonny Light,2025-02-26,116.07,937381,USD
Bonny Light,2025-02-27,116.51,366630,USD
Bonny Light,2025-02-28,117.1,590507,USD
Bonny Light,2025-03-01,116.49,535791,USD
Bonny Light,2025-03-02,113.53,848476,USD
Bonny Light,2025-03-03,113.14,115934,USD
Bonny Light,2025-03-04,114.93,875596,USD
Bonny Light,2025-03-05,115.78,122473,USD
Bonny Light,2025-03-06,113.52,459555,USD
Bonny Light,2025-03-07,110.03,914579,USD
Bonny Light,2025-03-08,108.65,882406,USD
Bonny Light,2025-03-09,108.28,664424,USD
Bonny Light,2025-03-10,108.05,402731,USD
Bonny Light,2025-03-11,107.85,220059,USD
Bonny Light,2025-03-12,107.92,717735,USD
Bonny Light,2025-03-13,108.84,152731,USD
Bonny Light,2025-03-14,108.1,293933,USD
Bonny Light,2025-03-15,106.31,648881,USD
Bonny Light,2025-03-16,107.46,753495,USD
Bonny Light,2025-03-17,109.3,643075,USD
Bonny Light,2025-03-18,108.26,450210,USD
Bonny Light,2025-03-19,112.37,248981,USD
Bonny Light,2025-03-20,115.46,462459,USD
Bonny Light,2025-03-21,113.32,784999,USD
Bonny Light,2025-03-22,109.96,534284,USD
Bonny Light,2025-03-23,109.67,474133,USD
Bonny Light,2025-03-24,110.28,808261,USD
Bonny Light,2025-03-25,114.35,148006,USD
Bonny Light,2025-03-26,118.33,458739,USD
Bonny Light,2025-03-27,119.73,708610,USD
Bonny Light,2025-03-28,119.03,406824,USD
Bonny Light,2025-03-29,120.0,895031,USD
Bonny Light,2025-03-30,120.0,244354,USD
Bonny Light,2025-03-31,117.47,137840,USD
Bonny Light,2025-04-01,115.02,638413,USD
Bonny Light,2025-04-02,114.33,766032,USD
Bonny Light,2025-04-03,116.38,664930,USD
Bonny Light,2025-04-04,114.4,738391,USD
Bonny Light,2025-04-05,113.71,869108,USD
Bonny Light,2025-04-06,116.77,199521,USD
Bonny Light,2025-04-07,117.62,854504,USD
Bonny Light,2025-04-08,120.0,974261,USD
Bonny Light,2025-04-09,120.0,175312,USD
Bonny Light,2025-04-10,120.0,915628,USD
Bonny Light,2025-04-11,119.35,555734,USD
Bonny Light,2025-04-12,120.0,849482,USD
Bonny Light,2025-04-13,120.0,209360,USD
Bonny Light,2025-04-14,119.83,505561,USD
Bonny Light,2025-04-15,120.0,481509,USD
Bonny Light,2025-04-16,120.0,593383,USD
Bonny Light,2025-04-17,120.0,957859,USD
Bonny Light,2025-04-18,120.0,831015,USD
Bonny Light,2025-04-19,118.37,711215,USD
Bonny Light,2025-04-20,120.0,874837,USD
Bonny Light,2025-04-21,120.0,839481,USD
Bonny Light,2025-04-22,116.95,882791,USD
Bonny Light,2025-04-23,115.89,488822,USD
Bonny Light,2025-04-24,114.67,103536,USD
Bonny Light,2025-04-25,116.26,545913,USD
Bonny Light,2025-04-26,116.76,348467,USD
Bonny Light,2025-04-27,115.98,499281,USD
Bonny Light,2025-04-28,115.48,803341,USD
Bonny Light,2025-04-29,114.52,236429,USD
Bonny Light,2025-04-30,115.84,711853,USD
Bonny Light,2025-05-01,116.3,829919,USD
Bonny Light,2025-05-02,115.71,905084,USD
Bonny Light,2025-05-03,114.79,743595,USD
Bonny Light,2025-05-04,117.58,472780,USD
Bonny Light,2025-05-05,119.97,140100,USD
Bonny Light,2025-05-06,120.0,525524,USD
Bonny Light,2025-05-07,120.0,909783,USD
Bonny Light,2025-05-08,117.49,885516,USD
Bonny Light,2025-05-09,115.49,817288,USD
Bonny Light,2025-05-10,113.3,293564,USD
Bonny Light,2025-05-11,113.39,690605,USD
Bonny Light,2025-05-12,115.6,954959,USD
Bonny Light,2025-05-13,114.84,825073,USD
Bonny Light,2025-05-14,117.36,416297,USD
Bonny Light,2025-05-15,116.29,250390,USD
Bonny Light,2025-05-16,116.1,913203,USD
Bonny Light,2025-05-17,115.32,315087,USD
Bonny Light,2025-05-18,114.98,926022,USD
Bonny Light,2025-05-19,114.85,225678,USD
Bonny Light,2025-05-20,111.43,158673,USD
Bonny Light,2025-05-21,112.21,144930,USD
Bonny Light,2025-05-22,112.03,408602,USD
Bonny Light,2025-05-23,115.25,476532,USD
Bonny Light,2025-05-24,116.49,387683,USD
Bonny Light,2025-05-25,117.18,442998,USD
Bonny Light,2025-05-26,120.0,533529,USD
Bonny Light,2025-05-27,120.0,460592,USD
Bonny Light,2025-05-28,120.0,342605,USD
Bonny Light,2025-05-29,119.05,190152,USD
Bonny Light,2025-05-30,116.81,114883,USD
Bonny Light,2025-05-31,113.4,833312,USD
Bonny Light,2025-06-01,115.5,166566,USD
Bonny Light,2025-06-02,111.82,257497,USD
Bonny Light,2025-06-03,112.31,955255,USD
Bonny Light,2025-06-04,114.08,998875,USD
Bonny Light,2025-06-05,111.18,872520,USD
Bonny Light,2025-06-06,109.33,998750,USD
Bonny Light,2025-06-07,111.76,803571,USD
Bonny Light,2025-06-08,112.82,419805,USD
Bonny Light,2025-06-09,115.24,719302,USD
Bonny Light,2025-06-10,115.78,119047,USD
Bonny Light,2025-06-11,113.98,309674,USD
Bonny Light,2025-06-12,113.15,914940,USD
Bonny Light,2025-06-13,115.03,580691,USD
Bonny Light,2025-06-14,111.97,296442,USD
Bonny Light,2025-06-15,110.98,552276,USD
Bonny Light,2025-06-16,109.73,344060,USD
Bonny Light,2025-06-17,109.62,152916,USD
Bonny Light,2025-06-18,110.93,756339,USD
Bonny Light,2025-06-19,113.29,351634,USD
Bonny Light,2025-06-20,110.66,613669,USD
Bonny Light,2025-06-21,108.98,517839,USD
Bonny Light,2025-06-22,106.56,934457,USD
Bonny Light,2025-06-23,106.53,195957,USD
Bonny Light,2025-06-24,104.32,411022,USD
Bonny Light,2025-06-25,105.08,954545,USD
Bonny Light,2025-06-26,103.1,997060,USD
Bonny Light,2025-06-27,105.76,870640,USD
Bonny Light,2025-06-28,102.41,205715,USD
Bonny Light,2025-06-29,100.8,285531,USD
Bonny Light,2025-06-30,104.15,462478,USD
Bonny Light,2025-07-01,104.59,327468,USD
Bonny Light,2025-07-02,103.64,380265,USD
Bonny Light,2025-07-03,109.18,612489,USD
Bonny Light,2025-07-04,108.67,469443,USD
Bonny Light,2025-07-05,109.9,214350,USD
Bonny Light,2025-07-06,108.36,193486,USD
Bonny Light,2025-07-07,106.5,376095,USD
Bonny Light,2025-07-08,107.84,527704,USD
Bonny Light,2025-07-09,111.42,661088,USD
Bonny Light,2025-07-10,110.55,679956,USD
Bonny Light,2025-07-11,108.55,390099,USD
Bonny Light,2025-07-12,110.61,494197,USD
Bonny Light,2025-07-13,109.76,105034,USD
Bonny Light,2025-07-14,110.56,138504,USD
Bonny Light,2025-07-15,109.63,580004,USD
Bonny Light,2025-07-16,109.02,872195,USD
Bonny Light,2025-07-17,107.33,459369,USD
Bonny Light,2025-07-18,108.74,557104,USD
Bonny Light,2025-07-19,109.59,918746,USD
Bonny Light,2025-07-20,110.38,558320,USD
Bonny Light,2025-07-21,109.03,608760,USD
Bonny Light,2025-07-22,109.71,323822,USD
Bonny Light,2025-07-23,113.61,331287,USD
Bonny Light,2025-07-24,111.62,146966,USD
Bonny Light,2025-07-25,110.1,988116,USD
Bonny Light,2025-07-26,108.68,375405,USD
Bonny Light,2025-07-27,108.94,872161,USD
Bonny Light,2025-07-28,106.82,710254,USD
Bonny Light,2025-07-29,107.89,743370,USD
Bonny Light,2025-07-30,104.35,755294,USD
Bonny Light,2025-07-31,106.01,883094,USD
Bonny Light,2025-08-01,106.76,621042,USD
Bonny Light,2025-08-02,110.6,836390,USD
Bonny Light,2025-08-03,108.7,105086,USD
Bonny Light,2025-08-04,110.85,302536,USD
Bonny Light,2025-08-05,110.68,529115,USD
Bonny Light,2025-08-06,110.11,259421,USD
Bonny Light,2025-08-07,108.12,427264,USD
Bonny Light,2025-08-08,107.22,316481,USD
Bonny Light,2025-08-09,106.41,563992,USD
Bonny Light,2025-08-10,103.51,780960,USD
Bonny Light,2025-08-11,104.24,378597,USD
Bonny Light,2025-08-12,104.69,492716,USD
Bonny Light,2025-08-13,105.9,810920,USD
Bonny Light,2025-08-14,104.75,405743,USD
Bonny Light,2025-08-15,106.5,942359,USD
Bonny Light,2025-08-16,109.28,794501,USD
Bonny Light,2025-08-17,108.86,927577,USD
Bonny Light,2025-08-18,106.99,629820,USD
Bonny Light,2025-08-19,107.14,800556,USD
Bonny Light,2025-08-20,107.2,898060,USD
Bonny Light,2025-08-21,106.88,703596,USD
Bonny Light,2025-08-22,108.1,892673,USD
Bonny Light,2025-08-23,107.43,781891,USD
Bonny Light,2025-08-24,105.42,578774,USD
Bonny Light,2025-08-25,105.76,421116,USD
Bonny Light,2025-08-26,107.08,919551,USD
Bonny Light,2025-08-27,108.57,113347,USD
Bonny Light,2025-08-28,107.78,173151,USD
Bonny Light,2025-08-29,108.4,118760,USD
Bonny Light,2025-08-30,111.25,988222,USD
Bonny Light,2025-08-31,114.08,458238,USD
Bonny Light,2025-09-01,116.3,843047,USD
Bonny Light,2025-09-02,113.3,943096,USD
Bonny Light,2025-09-03,112.65,671422,USD
Bonny Light,2025-09-04,115.32,870669,USD
Bonny Light,2025-09-05,112.31,252751,USD
Bonny Light,2025-09-06,112.21,100141,USD
Bonny Light,2025-09-07,111.03,319455,USD
Bonny Light,2025-09-08,111.69,368088,USD
Bonny Light,2025-09-09,107.56,707206,USD
Bonny Light,2025-09-10,110.01,150074,USD
Bonny Light,2025-09-11,110.0,403268,USD
Bonny Light,2025-09-12,107.87,366232,USD
Bonny Light,2025-09-13,106.42,158541,USD
Bonny Light,2025-09-14,107.15,977385,USD
Bonny Light,2025-09-15,105.56,731557,USD
Bonny Light,2025-09-16,109.06,780698,USD
Bonny Light,2025-09-17,108.82,486894,USD
Bonny Light,2025-09-18,111.84,109925,USD
Bonny Light,2025-09-19,112.18,282838,USD
Bonny Light,2025-09-20,113.59,927643,USD
Bonny Light,2025-09-21,114.86,840725,USD
Bonny Light,2025-09-22,113.91,307846,USD
Bonny Light,2025-09-23,115.34,103714,USD
Bonny Light,2025-09-24,114.56,118922,USD
Bonny Light,2025-09-25,111.38,720857,USD
Bonny Light,2025-09-26,110.97,609007,USD
Bonny Light,2025-09-27,108.57,813000,USD
Bonny Light,2025-09-28,107.72,474463,USD
Bonny Light,2025-09-29,107.65,181754,USD
Bonny Light,2025-09-30,105.83,216043,USD
Bonny Light,2025-10-01,106.95,932151,USD
Bonny Light,2025-10-02,106.14,843631,USD
Bonny Light,2025-10-03,103.69,594240,USD
Bonny Light,2025-10-04,101.91,749667,USD
Bonny Light,2025-10-05,102.12,849003,USD
Bonny Light,2025-10-06,101.62,861713,USD
Bonny Light,2025-10-07,102.21,559904,USD
Bonny Light,2025-10-08,102.44,922433,USD
Bonny Light,2025-10-09,100.48,593308,USD
Bonny Light,2025-10-10,99.26,507713,USD
Bonny Light,2025-10-11,100.98,185487,USD
Bonny Light,2025-10-12,99.32,388687,USD
Bonny Light,2025-10-13,102.41,242319,USD
Bonny Light,2025-10-14,99.57,874544,USD
Bonny Light,2025-10-15,101.22,521082,USD
Bonny Light,2025-10-16,101.01,347536,USD
Bonny Light,2025-10-17,99.07,452554,USD
Bonny Light,2025-10-18,99.23,630344,USD
Bonny Light,2025-10-19,97.63,797249,USD
Bonny Light,2025-10-20,96.52,952112,USD
Bonny Light,2025-10-21,95.76,944729,USD
Bonny Light,2025-10-22,97.24,385250,USD
Bonny Light,2025-10-23,95.99,318096,USD
Bonny Light,2025-10-24,96.45,796311,USD
Bonny Light,2025-10-25,98.01,485876,USD
Bonny Light,2025-10-26,98.11,882831,USD
Bonny Light,2025-10-27,98.88,963850,USD
Bonny Light,2025-10-28,98.79,396223,USD
Bonny Light,2025-10-29,99.87,165414,USD
Bonny Light,2025-10-30,97.37,853039,USD
Bonny Light,2025-10-31,100.24,869425,USD
Bonny Light,2025-11-01,96.52,976818,USD
Bonny Light,2025-11-02,95.15,774204,USD
Bonny Light,2025-11-03,94.96,608655,USD
Bonny Light,2025-11-04,91.24,552158,USD
Bonny Light,2025-11-05,90.23,404811,USD
Bonny Light,2025-11-06,90.77,889162,USD
Bonny Light,2025-11-07,93.95,589189,USD
Bonny Light,2025-11-08,95.12,601497,USD
Bonny Light,2025-11-09,94.25,286156,USD
Bonny Light,2025-11-10,91.27,859965,USD
Bonny Light,2025-11-11,93.86,507969,USD
Bonny Light,2025-11-12,92.9,456421,USD
Bonny Light,2025-11-13,93.43,984917,USD
Bonny Light,2025-11-14,92.57,349987,USD
Bonny Light,2025-11-15,93.35,396834,USD
Bonny Light,2025-11-16,95.84,774573,USD
Bonny Light,2025-11-17,97.29,558886,USD
Bonny Light,2025-11-18,96.76,211492,USD
Bonny Light,2025-11-19,99.4,607997,USD
Bonny Light,2025-11-20,103.1,937505,USD
Bonny Light,2025-11-21,105.08,485508,USD
Bonny Light,2025-11-22,104.27,517402,USD
Bonny Light,2025-11-23,105.93,473570,USD
Bonny Light,2025-11-24,107.89,270420,USD
Bonny Light,2025-11-25,107.39,593083,USD
Bonny Light,2025-11-26,111.09,146548,USD
Bonny Light,2025-11-27,113.47,289934,USD
Bonny Light,2025-11-28,113.07,664695,USD
Bonny Light,2025-11-29,112.26,609567,USD
Bonny Light,2025-11-30,114.16,345725,USD
Bonny Light,2025-12-01,118.51,320056,USD
Bonny Light,2025-12-02,116.13,259488,USD
Bonny Light,2025-12-03,117.01,885732,USD
Bonny Light,2025-12-04,118.63,466177,USD
Bonny Light,2025-12-05,120.0,335778,USD
Bonny Light,2025-12-06,120.0,783038,USD
Bonny Light,2025-12-07,119.06,367372,USD
Bonny Light,2025-12-08,116.49,199947,USD
Bonny Light,2025-12-09,115.88,750485,USD
Bonny Light,2025-12-10,117.45,996047,USD
Bonny Light,2025-12-11,116.31,168957,USD
Bonny Light,2025-12-12,119.13,810055,USD
Bonny Light,2025-12-13,118.88,783997,USD
Bonny Light,2025-12-14,117.62,635471,USD
Bonny Light,2025-12-15,113.51,976546,USD
Bonny Light,2025-12-16,114.63,342421,USD
Bonny Light,2025-12-17,114.17,990167,USD
Bonny Light,2025-12-18,113.31,652051,USD
Bonny Light,2025-12-19,117.33,345278,USD
Bonny Light,2025-12-20,116.18,202645,USD
Bonny Light,2025-12-21,115.51,412904,USD
Bonny Light,2025-12-22,116.65,192326,USD
Bonny Light,2025-12-23,119.43,867012,USD
Bonny Light,2025-12-24,120.0,703166,USD
Bonny Light,2025-12-25,120.0,257657,USD
Bonny Light,2025-12-26,120.0,125438,USD
Bonny Light,2025-12-27,119.24,113419,USD
Bonny Light,2025-12-28,118.49,486594,USD
Bonny Light,2025-12-29,117.36,538696,USD
Bonny Light,2025-12-30,118.17,636524,USD
Bonny Light,2025-12-31,116.48,365017,USD
Bonny Light,2026-01-01,114.32,439137,USD
Bonny Light,2026-01-02,113.64,665364,USD
Bonny Light,2026-01-03,110.58,409440,USD
Bonny Light,2026-01-04,111.12,652628,USD
Bonny Light,2026-01-05,111.93,598060,USD
Bonny Light,2026-01-06,113.09,426063,USD
Bonny Light,2026-01-07,114.85,135319,USD
Bonny Light,2026-01-08,114.22,989184,USD
Bonny Light,2026-01-09,116.73,134198,USD
Bonny Light,2026-01-10,119.0,644976,USD
Bonny Light,2026-01-11,117.05,350129,USD
Bonny Light,2026-01-12,116.98,901283,USD
Bonny Light,2026-01-13,112.58,165413,USD
Bonny Light,2026-01-14,115.12,742709,USD
Bonny Light,2026-01-15,116.84,559236,USD
Bonny Light,2026-01-16,119.89,490405,USD
Bonny Light,2026-01-17,117.03,947133,USD
Bonny Light,2026-01-18,118.03,629915,USD
Bonny Light,2026-01-19,117.03,825116,USD
Bonny Light,2026-01-20,113.29,245454,USD
Bonny Light,2026-01-21,115.32,383940,USD
Bonny Light,2026-01-22,112.97,813251,USD
Bonny Light,2026-01-23,113.7,161516,USD
Bonny Light,2026-01-24,112.68,111333,USD
Bonny Light,2026-01-25,113.04,416644,USD
Bonny Light,2026-01-26,114.83,309335,USD
Bonny Light,2026-01-27,115.2,992437,USD
Bonny Light,2026-01-28,120.0,984894,USD
Bonny Light,2026-01-29,118.27,542026,USD
Bonny Light,2026-01-30,120.0,714231,USD
Bonny Light,2026-01-31,119.4,167745,USD
Bonny Light,2026-02-01,118.02,166024,USD
Bonny Light,2026-02-02,117.88,806296,USD
Bonny Light,2026-02-03,115.07,536946,USD
Bonny Light,2026-02-04,113.85,595265,USD
Bonny Light,2026-02-05,113.37,344141,USD
Bonny Light,2026-02-06,113.9,200182,USD
Bonny Light,2026-02-07,114.02,290912,USD
Bonny Light,2026-02-08,115.03,794628,USD
Bonny Light,2026-02-09,114.97,908406,USD
Bonny Light,2026-02-10,117.22,798525,USD
Bonny Light,2026-02-11,118.57,581566,USD
Bonny Light,2026-02-12,119.41,383091,USD
Bonny Light,2026-02-13,120.0,604999,USD
Bonny Light,2026-02-14,120.0,983554,USD
Bonny Light,2026-02-15,120.0,469938,USD
Bonny Light,2026-02-16,119.31,799148,USD
Bonny Light,2026-02-17,119.76,434275,USD
Bonny Light,2026-02-18,119.54,649578,USD
Bonny Light,2026-02-19,118.77,207325,USD
Bonny Light,2026-02-20,119.15,396740,USD
Bonny Light,2026-02-21,119.92,451675,USD
Bonny Light,2026-02-22,120.0,704478,USD
Bonny Light,2026-02-23,120.0,450248,USD
Bonny Light,2026-02-24,120.0,292530,USD
Bonny Light,2026-02-25,119.99,476070,USD
Bonny Light,2026-02-26,120.0,787611,USD
Bonny Light,2026-02-27,118.45,363200,USD
Bonny Light,2026-02-28,114.68,989550,USD
Bonny Light,2026-03-01,111.64,522821,USD
Bonny Light,2026-03-02,112.61,541961,USD
Bonny Light,2026-03-03,112.0,639258,USD
Bonny Light,2026-03-04,111.54,949801,USD
Bonny Light,2026-03-05,109.95,630554,USD
Bonny Light,2026-03-06,112.35,919369,USD
Bonny Light,2026-03-07,109.37,346591,USD
Bonny Light,2026-03-08,110.55,255156,USD
Bonny Light,2026-03-09,110.56,747697,USD
Bonny Light,2026-03-10,113.68,416097,USD
Bonny Light,2026-03-11,115.66,382491,USD
Bonny Light,2026-03-12,113.57,477689,USD
Bonny Light,2026-03-13,114.92,269357,USD
Bonny Light,2026-03-14,115.83,226291,USD
Bonny Light,2026-03-15,115.7,628630,USD
Bonny Light,2026-03-16,116.89,805332,USD
Bonny Light,2026-03-17,115.67,201346,USD
Bonny Light,2026-03-18,115.87,894156,USD
Bonny Light,2026-03-19,115.92,960907,USD
Bonny Light,2026-03-20,114.42,269512,USD
Bonny Light,2026-03-21,113.82,550445,USD
Bonny Light,2026-03-22,112.89,693758,USD
Bonny Light,2026-03-23,113.67,391219,USD
Bonny Light,2026-03-24,116.21,520299,USD
Bonny Light,2026-03-25,113.72,830829,USD
Bonny Light,2026-03-26,114.56,157811,USD
Bonny Light,2026-03-27,113.56,274648,USD
Bonny Light,2026-03-28,115.41,327411,USD
Bonny Light,2026-03-29,116.22,394472,USD
Bonny Light,2026-03-30,113.3,830040,USD
Bonny Light,2026-03-31,113.68,796272,USD
Bonny Light,2026-04-01,113.44,797344,USD
Bonny Light,2026-04-02,111.13,403596,USD
Bonny Light,2026-04-03,110.16,647819,USD
Bonny Light,2026-04-04,110.44,237387,USD
Bonny Light,2026-04-05,109.53,353398,USD
Bonny Light,2026-04-06,111.62,856800,USD
Bonny Light,2026-04-07,111.37,433003,USD
Bonny Light,2026-04-08,110.27,356320,USD
Bonny Light,2026-04-09,110.66,157530,USD
Arab Light,2024-04-09,65.65,743218,USD
Arab Light,2024-04-10,67.52,381651,USD
Arab Light,2024-04-11,67.64,616745,USD
Arab Light,2024-04-12,59.8,510494,USD
Arab Light,2024-04-13,60.37,285066,USD
Arab Light,2024-04-14,59.76,962664,USD
Arab Light,2024-04-15,62.94,334727,USD
Arab Light,2024-04-16,63.74,697112,USD
Arab Light,2024-04-17,64.07,884145,USD
Arab Light,2024-04-18,63.15,640111,USD
Arab Light,2024-04-19,65.3,240635,USD
Arab Light,2024-04-20,62.2,769363,USD
Arab Light,2024-04-21,62.61,575252,USD
Arab Light,2024-04-22,59.48,998828,USD
Arab Light,2024-04-23,58.28,164539,USD
Arab Light,2024-04-24,59.92,292565,USD
Arab Light,2024-04-25,60.59,974837,USD
Arab Light,2024-04-26,60.95,802876,USD
Arab Light,2024-04-27,59.04,430000,USD
Arab Light,2024-04-28,58.94,235403,USD
Arab Light,2024-04-29,59.69,519370,USD
Arab Light,2024-04-30,61.56,512891,USD
Arab Light,2024-05-01,62.56,634246,USD
Arab Light,2024-05-02,64.21,987374,USD
Arab Light,2024-05-03,61.59,144148,USD
Arab Light,2024-05-04,61.9,326888,USD
Arab Light,2024-05-05,63.85,959400,USD
Arab Light,2024-05-06,59.71,263347,USD
Arab Light,2024-05-07,59.3,320006,USD
Arab Light,2024-05-08,60.07,921921,USD
Arab Light,2024-05-09,62.31,308771,USD
Arab Light,2024-05-10,62.54,725468,USD
Arab Light,2024-05-11,62.54,377555,USD
Arab Light,2024-05-12,63.13,113873,USD
Arab Light,2024-05-13,63.92,835174,USD
Arab Light,2024-05-14,62.31,303697,USD
Arab Light,2024-05-15,61.39,521721,USD
Arab Light,2024-05-16,58.02,254996,USD
Arab Light,2024-05-17,56.81,786007,USD
Arab Light,2024-05-18,54.78,295899,USD
Arab Light,2024-05-19,53.15,223025,USD
Arab Light,2024-05-20,57.48,734952,USD
Arab Light,2024-05-21,59.59,712192,USD
Arab Light,2024-05-22,57.59,713363,USD
Arab Light,2024-05-23,55.15,414502,USD
Arab Light,2024-05-24,54.05,344875,USD
Arab Light,2024-05-25,51.55,179481,USD
Arab Light,2024-05-26,52.09,297775,USD
Arab Light,2024-05-27,52.59,158294,USD
Arab Light,2024-05-28,50.93,454091,USD
Arab Light,2024-05-29,52.3,157721,USD
Arab Light,2024-05-30,53.68,823956,USD
Arab Light,2024-05-31,52.39,286376,USD
Arab Light,2024-06-01,50.68,166755,USD
Arab Light,2024-06-02,49.91,992954,USD
Arab Light,2024-06-03,51.02,788948,USD
Arab Light,2024-06-04,55.13,856069,USD
Arab Light,2024-06-05,56.19,438183,USD
Arab Light,2024-06-06,54.04,984234,USD
Arab Light,2024-06-07,54.68,281301,USD
Arab Light,2024-06-08,54.92,877561,USD
Arab Light,2024-06-09,55.04,813560,USD
Arab Light,2024-06-10,52.58,489378,USD
Arab Light,2024-06-11,53.22,482777,USD
Arab Light,2024-06-12,53.18,643664,USD
Arab Light,2024-06-13,50.96,114552,USD
Arab Light,2024-06-14,54.38,632501,USD
Arab Light,2024-06-15,51.98,272698,USD
Arab Light,2024-06-16,52.88,687944,USD
Arab Light,2024-06-17,52.6,234488,USD
Arab Light,2024-06-18,51.93,622158,USD
Arab Light,2024-06-19,54.43,329708,USD
Arab Light,2024-06-20,56.26,180324,USD
Arab Light,2024-06-21,55.99,951259,USD
Arab Light,2024-06-22,54.43,295956,USD
Arab Light,2024-06-23,53.55,645013,USD
Arab Light,2024-06-24,53.01,711885,USD
Arab Light,2024-06-25,54.88,537783,USD
Arab Light,2024-06-26,55.61,221011,USD
Arab Light,2024-06-27,57.56,651809,USD
Arab Light,2024-06-28,55.04,577902,USD
Arab Light,2024-06-29,57.16,893192,USD
Arab Light,2024-06-30,59.99,627414,USD
Arab Light,2024-07-01,58.56,710364,USD
Arab Light,2024-07-02,60.15,911974,USD
Arab Light,2024-07-03,62.78,752310,USD
Arab Light,2024-07-04,61.7,153573,USD
Arab Light,2024-07-05,59.64,970587,USD
Arab Light,2024-07-06,60.1,830266,USD
Arab Light,2024-07-07,56.66,131415,USD
Arab Light,2024-07-08,58.75,587477,USD
Arab Light,2024-07-09,57.08,821728,USD
Arab Light,2024-07-10,56.61,923569,USD
Arab Light,2024-07-11,57.99,294841,USD
Arab Light,2024-07-12,59.09,337215,USD
Arab Light,2024-07-13,60.4,953125,USD
Arab Light,2024-07-14,58.96,745153,USD
Arab Light,2024-07-15,59.58,448893,USD
Arab Light,2024-07-16,61.3,483185,USD
Arab Light,2024-07-17,60.16,596993,USD
Arab Light,2024-07-18,63.76,601895,USD
Arab Light,2024-07-19,63.38,523684,USD
Arab Light,2024-07-20,59.81,449584,USD
Arab Light,2024-07-21,59.42,643280,USD
Arab Light,2024-07-22,62.02,905968,USD
Arab Light,2024-07-23,60.24,918424,USD
Arab Light,2024-07-24,58.32,684318,USD
Arab Light,2024-07-25,59.1,761872,USD
Arab Light,2024-07-26,57.03,873679,USD
Arab Light,2024-07-27,54.89,422885,USD
Arab Light,2024-07-28,53.32,923198,USD
Arab Light,2024-07-29,56.5,541107,USD
Arab Light,2024-07-30,57.5,125972,USD
Arab Light,2024-07-31,57.63,746910,USD
Arab Light,2024-08-01,56.17,293797,USD
Arab Light,2024-08-02,57.86,470707,USD
Arab Light,2024-08-03,59.07,771777,USD
Arab Light,2024-08-04,62.42,787597,USD
Arab Light,2024-08-05,60.62,992733,USD
Arab Light,2024-08-06,58.59,249058,USD
Arab Light,2024-08-07,55.07,283665,USD
Arab Light,2024-08-08,56.12,455144,USD
Arab Light,2024-08-09,56.61,261860,USD
Arab Light,2024-08-10,55.87,361585,USD
Arab Light,2024-08-11,52.32,310221,USD
Arab Light,2024-08-12,55.18,339605,USD
Arab Light,2024-08-13,55.57,642962,USD
Arab Light,2024-08-14,57.96,501264,USD
Arab Light,2024-08-15,60.56,411920,USD
Arab Light,2024-08-16,61.55,389129,USD
Arab Light,2024-08-17,62.84,192717,USD
Arab Light,2024-08-18,61.64,403234,USD
Arab Light,2024-08-19,61.86,777879,USD
Arab Light,2024-08-20,63.87,770920,USD
Arab Light,2024-08-21,62.3,321244,USD
Arab Light,2024-08-22,64.15,457708,USD
Arab Light,2024-08-23,65.85,289378,USD
Arab Light,2024-08-24,67.5,675655,USD
Arab Light,2024-08-25,67.58,255630,USD
Arab Light,2024-08-26,66.15,632375,USD
Arab Light,2024-08-27,69.74,760657,USD
Arab Light,2024-08-28,72.46,749940,USD
Arab Light,2024-08-29,72.59,653566,USD
Arab Light,2024-08-30,73.08,942315,USD
Arab Light,2024-08-31,72.57,223268,USD
Arab Light,2024-09-01,69.16,779070,USD
Arab Light,2024-09-02,68.99,749466,USD
Arab Light,2024-09-03,70.0,511282,USD
Arab Light,2024-09-04,68.92,395445,USD
Arab Light,2024-09-05,68.31,695701,USD
Arab Light,2024-09-06,67.69,595387,USD
Arab Light,2024-09-07,67.93,740693,USD
Arab Light,2024-09-08,67.5,152587,USD
Arab Light,2024-09-09,65.84,913371,USD
Arab Light,2024-09-10,66.08,916405,USD
Arab Light,2024-09-11,66.99,830307,USD
Arab Light,2024-09-12,67.4,845684,USD
Arab Light,2024-09-13,63.86,296019,USD
Arab Light,2024-09-14,65.13,394480,USD
Arab Light,2024-09-15,62.93,332776,USD
Arab Light,2024-09-16,63.79,521254,USD
Arab Light,2024-09-17,64.75,930858,USD
Arab Light,2024-09-18,61.87,773280,USD
Arab Light,2024-09-19,63.64,539153,USD
Arab Light,2024-09-20,67.2,267907,USD
Arab Light,2024-09-21,66.65,182177,USD
Arab Light,2024-09-22,67.52,775013,USD
Arab Light,2024-09-23,66.64,125456,USD
Arab Light,2024-09-24,64.4,223361,USD
Arab Light,2024-09-25,66.38,435983,USD
Arab Light,2024-09-26,67.3,887118,USD
Arab Light,2024-09-27,65.98,235663,USD
Arab Light,2024-09-28,63.83,658503,USD
Arab Light,2024-09-29,67.53,785507,USD
Arab Light,2024-09-30,64.91,591132,USD
Arab Light,2024-10-01,66.11,369157,USD
Arab Light,2024-10-02,66.46,423247,USD
Arab Light,2024-10-03,68.0,260679,USD
Arab Light,2024-10-04,71.01,438532,USD
Arab Light,2024-10-05,66.1,260447,USD
Arab Light,2024-10-06,64.13,931987,USD
Arab Light,2024-10-07,63.91,712054,USD
Arab Light,2024-10-08,67.11,907554,USD
Arab Light,2024-10-09,66.3,588431,USD
Arab Light,2024-10-10,65.14,819109,USD
Arab Light,2024-10-11,60.93,363451,USD
Arab Light,2024-10-12,59.59,256921,USD
Arab Light,2024-10-13,60.71,841417,USD
Arab Light,2024-10-14,60.5,532946,USD
Arab Light,2024-10-15,59.1,602851,USD
Arab Light,2024-10-16,62.83,152241,USD
Arab Light,2024-10-17,62.27,835376,USD
Arab Light,2024-10-18,62.52,842452,USD
Arab Light,2024-10-19,61.01,533179,USD
Arab Light,2024-10-20,58.77,636996,USD
Arab Light,2024-10-21,60.16,368008,USD
Arab Light,2024-10-22,56.95,149941,USD
Arab Light,2024-10-23,57.89,232163,USD
Arab Light,2024-10-24,52.45,595928,USD
Arab Light,2024-10-25,53.1,939932,USD
Arab Light,2024-10-26,51.02,276128,USD
Arab Light,2024-10-27,49.31,417227,USD
Arab Light,2024-10-28,48.77,256183,USD
Arab Light,2024-10-29,46.38,370532,USD
Arab Light,2024-10-30,42.71,690959,USD
Arab Light,2024-10-31,42.36,273108,USD
Arab Light,2024-11-01,43.86,343650,USD
Arab Light,2024-11-02,44.31,509509,USD
Arab Light,2024-11-03,46.55,234673,USD
Arab Light,2024-11-04,43.09,948846,USD
Arab Light,2024-11-05,42.3,895663,USD
Arab Light,2024-11-06,42.37,302552,USD
Arab Light,2024-11-07,40.66,469699,USD
Arab Light,2024-11-08,40.81,400793,USD
Arab Light,2024-11-09,42.92,287099,USD
Arab Light,2024-11-10,43.93,521258,USD
Arab Light,2024-11-11,46.35,295735,USD
Arab Light,2024-11-12,46.92,568080,USD
Arab Light,2024-11-13,46.72,460629,USD
Arab Light,2024-11-14,49.75,406098,USD
Arab Light,2024-11-15,49.99,260835,USD
Arab Light,2024-11-16,53.53,741446,USD
Arab Light,2024-11-17,55.35,893788,USD
Arab Light,2024-11-18,54.02,962513,USD
Arab Light,2024-11-19,53.62,491510,USD
Arab Light,2024-11-20,56.64,591862,USD
Arab Light,2024-11-21,58.88,284731,USD
Arab Light,2024-11-22,60.35,597678,USD
Arab Light,2024-11-23,61.59,539705,USD
Arab Light,2024-11-24,59.04,958290,USD
Arab Light,2024-11-25,56.87,805260,USD
Arab Light,2024-11-26,57.34,250630,USD
Arab Light,2024-11-27,61.57,980611,USD
Arab Light,2024-11-28,59.9,544419,USD
Arab Light,2024-11-29,59.37,886598,USD
Arab Light,2024-11-30,58.7,135075,USD
Arab Light,2024-12-01,59.83,863011,USD
Arab Light,2024-12-02,60.37,616990,USD
Arab Light,2024-12-03,62.43,831808,USD
Arab Light,2024-12-04,63.02,597472,USD
Arab Light,2024-12-05,63.45,970882,USD
Arab Light,2024-12-06,63.44,448809,USD
Arab Light,2024-12-07,65.84,651765,USD
Arab Light,2024-12-08,65.86,883801,USD
Arab Light,2024-12-09,64.48,292115,USD
Arab Light,2024-12-10,65.82,485707,USD
Arab Light,2024-12-11,65.59,422530,USD
Arab Light,2024-12-12,67.39,668792,USD
Arab Light,2024-12-13,61.91,820623,USD
Arab Light,2024-12-14,64.54,580348,USD
Arab Light,2024-12-15,64.14,404632,USD
Arab Light,2024-12-16,66.69,602244,USD
Arab Light,2024-12-17,68.54,150953,USD
Arab Light,2024-12-18,67.47,354363,USD
Arab Light,2024-12-19,65.84,706078,USD
Arab Light,2024-12-20,64.05,575118,USD
Arab Light,2024-12-21,61.84,294333,USD
Arab Light,2024-12-22,64.16,654259,USD
Arab Light,2024-12-23,63.79,363096,USD
Arab Light,2024-12-24,67.17,975934,USD
Arab Light,2024-12-25,65.87,903824,USD
Arab Light,2024-12-26,64.92,154692,USD
Arab Light,2024-12-27,65.95,313433,USD
Arab Light,2024-12-28,69.19,661901,USD
Arab Light,2024-12-29,68.15,313859,USD
Arab Light,2024-12-30,69.75,833506,USD
Arab Light,2024-12-31,69.76,390870,USD
Arab Light,2025-01-01,70.82,265365,USD
Arab Light,2025-01-02,69.28,560338,USD
Arab Light,2025-01-03,70.65,950388,USD
Arab Light,2025-01-04,70.13,105515,USD
Arab Light,2025-01-05,69.26,917823,USD
Arab Light,2025-01-06,69.19,566566,USD
Arab Light,2025-01-07,70.37,723618,USD
Arab Light,2025-01-08,70.06,880856,USD
Arab Light,2025-01-09,69.21,976885,USD
Arab Light,2025-01-10,68.96,115455,USD
Arab Light,2025-01-11,68.66,109081,USD
Arab Light,2025-01-12,69.67,720241,USD
Arab Light,2025-01-13,68.94,608985,USD
Arab Light,2025-01-14,68.16,673574,USD
Arab Light,2025-01-15,66.64,963106,USD
Arab Light,2025-01-16,67.78,674865,USD
Arab Light,2025-01-17,68.05,472849,USD
Arab Light,2025-01-18,70.43,979464,USD
Arab Light,2025-01-19,72.52,957963,USD
Arab Light,2025-01-20,72.98,707819,USD
Arab Light,2025-01-21,72.8,136017,USD
Arab Light,2025-01-22,72.81,280766,USD
Arab Light,2025-01-23,71.64,374441,USD
Arab Light,2025-01-24,70.14,424058,USD
Arab Light,2025-01-25,68.38,138125,USD
Arab Light,2025-01-26,68.03,706550,USD
Arab Light,2025-01-27,63.32,670995,USD
Arab Light,2025-01-28,66.47,844911,USD
Arab Light,2025-01-29,70.28,958215,USD
Arab Light,2025-01-30,68.33,855662,USD
Arab Light,2025-01-31,72.1,259363,USD
Arab Light,2025-02-01,70.17,604469,USD
Arab Light,2025-02-02,70.2,934874,USD
Arab Light,2025-02-03,70.97,466601,USD
Arab Light,2025-02-04,71.17,347115,USD
Arab Light,2025-02-05,70.13,129233,USD
Arab Light,2025-02-06,68.99,816893,USD
Arab Light,2025-02-07,70.62,359395,USD
Arab Light,2025-02-08,73.06,648983,USD
Arab Light,2025-02-09,69.72,604426,USD
Arab Light,2025-02-10,70.23,463359,USD
Arab Light,2025-02-11,71.43,876142,USD
Arab Light,2025-02-12,71.79,955495,USD
Arab Light,2025-02-13,69.16,662857,USD
Arab Light,2025-02-14,70.19,855433,USD
Arab Light,2025-02-15,72.33,950039,USD
Arab Light,2025-02-16,70.78,535591,USD
Arab Light,2025-02-17,69.71,731676,USD
Arab Light,2025-02-18,70.11,725470,USD
Arab Light,2025-02-19,69.98,461192,USD
Arab Light,2025-02-20,68.92,252855,USD
Arab Light,2025-02-21,66.67,195675,USD
Arab Light,2025-02-22,65.77,284339,USD
Arab Light,2025-02-23,61.76,371282,USD
Arab Light,2025-02-24,63.0,741320,USD
Arab Light,2025-02-25,61.65,671456,USD
Arab Light,2025-02-26,63.21,972579,USD
Arab Light,2025-02-27,62.78,256275,USD
Arab Light,2025-02-28,63.06,182125,USD
Arab Light,2025-03-01,60.01,492803,USD
Arab Light,2025-03-02,61.4,397817,USD
Arab Light,2025-03-03,66.55,588201,USD
Arab Light,2025-03-04,65.83,159774,USD
Arab Light,2025-03-05,66.07,596645,USD
Arab Light,2025-03-06,66.56,733006,USD
Arab Light,2025-03-07,64.08,282230,USD
Arab Light,2025-03-08,62.04,652111,USD
Arab Light,2025-03-09,63.12,470763,USD
Arab Light,2025-03-10,61.57,201045,USD
Arab Light,2025-03-11,61.13,754066,USD
Arab Light,2025-03-12,61.41,744265,USD
Arab Light,2025-03-13,62.56,785772,USD
Arab Light,2025-03-14,62.22,923390,USD
Arab Light,2025-03-15,61.93,226240,USD
Arab Light,2025-03-16,66.62,589140,USD
Arab Light,2025-03-17,68.52,189150,USD
Arab Light,2025-03-18,67.85,456102,USD
Arab Light,2025-03-19,67.58,269739,USD
Arab Light,2025-03-20,71.21,578907,USD
Arab Light,2025-03-21,72.36,490813,USD
Arab Light,2025-03-22,74.54,297431,USD
Arab Light,2025-03-23,73.82,760796,USD
Arab Light,2025-03-24,72.88,367570,USD
Arab Light,2025-03-25,75.88,523487,USD
Arab Light,2025-03-26,75.75,553759,USD
Arab Light,2025-03-27,75.6,864222,USD
Arab Light,2025-03-28,74.75,165415,USD
Arab Light,2025-03-29,76.84,611936,USD
Arab Light,2025-03-30,79.15,996391,USD
Arab Light,2025-03-31,79.54,557341,USD
Arab Light,2025-04-01,77.4,104319,USD
Arab Light,2025-04-02,76.35,558202,USD
Arab Light,2025-04-03,78.89,554119,USD
Arab Light,2025-04-04,79.32,924821,USD
Arab Light,2025-04-05,81.44,233471,USD
Arab Light,2025-04-06,82.23,869802,USD
Arab Light,2025-04-07,80.32,270787,USD
Arab Light,2025-04-08,81.34,933850,USD
Arab Light,2025-04-09,81.26,382127,USD
Arab Light,2025-04-10,80.25,698569,USD
Arab Light,2025-04-11,79.41,484211,USD
Arab Light,2025-04-12,81.46,983726,USD
Arab Light,2025-04-13,81.97,494885,USD
Arab Light,2025-04-14,82.32,310668,USD
Arab Light,2025-04-15,85.56,198487,USD
Arab Light,2025-04-16,84.24,343422,USD
Arab Light,2025-04-17,84.06,844701,USD
Arab Light,2025-04-18,82.9,122197,USD
Arab Light,2025-04-19,83.87,313235,USD
Arab Light,2025-04-20,84.27,724271,USD
Arab Light,2025-04-21,83.59,233454,USD
Arab Light,2025-04-22,83.13,731832,USD
Arab Light,2025-04-23,84.97,402470,USD
Arab Light,2025-04-24,87.34,252799,USD
Arab Light,2025-04-25,86.27,755950,USD
Arab Light,2025-04-26,91.54,497224,USD
Arab Light,2025-04-27,89.01,290323,USD
Arab Light,2025-04-28,87.03,339171,USD
Arab Light,2025-04-29,86.49,132912,USD
Arab Light,2025-04-30,85.07,267772,USD
Arab Light,2025-05-01,83.43,701413,USD
Arab Light,2025-05-02,85.75,745195,USD
Arab Light,2025-05-03,86.8,119295,USD
Arab Light,2025-05-04,86.99,764787,USD
Arab Light,2025-05-05,85.99,255206,USD
Arab Light,2025-05-06,84.08,641177,USD
Arab Light,2025-05-07,82.1,585555,USD
Arab Light,2025-05-08,84.4,721828,USD
Arab Light,2025-05-09,86.62,794394,USD
Arab Light,2025-05-10,86.12,158198,USD
Arab Light,2025-05-11,83.45,601766,USD
Arab Light,2025-05-12,84.67,961199,USD
Arab Light,2025-05-13,84.19,362362,USD
Arab Light,2025-05-14,86.11,310965,USD
Arab Light,2025-05-15,84.1,594347,USD
Arab Light,2025-05-16,84.27,101200,USD
Arab Light,2025-05-17,82.09,974096,USD
Arab Light,2025-05-18,80.72,754518,USD
Arab Light,2025-05-19,79.31,565120,USD
Arab Light,2025-05-20,78.79,292103,USD
Arab Light,2025-05-21,81.28,654213,USD
Arab Light,2025-05-22,81.56,670409,USD
Arab Light,2025-05-23,83.11,938712,USD
Arab Light,2025-05-24,83.26,561450,USD
Arab Light,2025-05-25,82.48,267902,USD
Arab Light,2025-05-26,78.71,672709,USD
Arab Light,2025-05-27,76.79,277883,USD
Arab Light,2025-05-28,76.79,531668,USD
Arab Light,2025-05-29,77.12,713381,USD
Arab Light,2025-05-30,79.05,405125,USD
Arab Light,2025-05-31,75.93,693216,USD
Arab Light,2025-06-01,80.17,145518,USD
Arab Light,2025-06-02,76.38,393566,USD
Arab Light,2025-06-03,76.26,964825,USD
Arab Light,2025-06-04,75.13,558903,USD
Arab Light,2025-06-05,73.24,876724,USD
Arab Light,2025-06-06,76.32,870736,USD
Arab Light,2025-06-07,75.27,379014,USD
Arab Light,2025-06-08,72.02,849570,USD
Arab Light,2025-06-09,69.59,139912,USD
Arab Light,2025-06-10,71.79,608899,USD
Arab Light,2025-06-11,69.44,492660,USD
Arab Light,2025-06-12,66.66,487644,USD
Arab Light,2025-06-13,67.03,551532,USD
Arab Light,2025-06-14,66.49,881045,USD
Arab Light,2025-06-15,67.39,679817,USD
Arab Light,2025-06-16,66.61,331670,USD
Arab Light,2025-06-17,68.04,443296,USD
Arab Light,2025-06-18,65.44,386448,USD
Arab Light,2025-06-19,62.52,659020,USD
Arab Light,2025-06-20,63.07,831162,USD
Arab Light,2025-06-21,62.53,528834,USD
Arab Light,2025-06-22,61.66,115808,USD
Arab Light,2025-06-23,62.88,657287,USD
Arab Light,2025-06-24,67.48,909405,USD
Arab Light,2025-06-25,64.6,972933,USD
Arab Light,2025-06-26,67.18,175427,USD
Arab Light,2025-06-27,68.49,244644,USD
Arab Light,2025-06-28,67.53,501368,USD
Arab Light,2025-06-29,70.79,377746,USD
Arab Light,2025-06-30,68.37,664224,USD
Arab Light,2025-07-01,69.2,256418,USD
Arab Light,2025-07-02,68.82,308026,USD
Arab Light,2025-07-03,67.86,900092,USD
Arab Light,2025-07-04,65.69,141266,USD
Arab Light,2025-07-05,71.29,106527,USD
Arab Light,2025-07-06,70.31,339895,USD
Arab Light,2025-07-07,65.88,410386,USD
Arab Light,2025-07-08,67.53,265717,USD
Arab Light,2025-07-09,68.18,856325,USD
Arab Light,2025-07-10,67.62,133457,USD
Arab Light,2025-07-11,66.87,226730,USD
Arab Light,2025-07-12,66.71,169899,USD
Arab Light,2025-07-13,68.38,963754,USD
Arab Light,2025-07-14,69.06,940125,USD
Arab Light,2025-07-15,70.06,298116,USD
Arab Light,2025-07-16,71.05,882783,USD
Arab Light,2025-07-17,72.82,817220,USD
Arab Light,2025-07-18,75.2,336210,USD
Arab Light,2025-07-19,73.87,395732,USD
Arab Light,2025-07-20,74.24,452199,USD
Arab Light,2025-07-21,70.53,963935,USD
Arab Light,2025-07-22,72.8,869874,USD
Arab Light,2025-07-23,71.45,492045,USD
Arab Light,2025-07-24,74.22,921606,USD
Arab Light,2025-07-25,72.86,779438,USD
Arab Light,2025-07-26,73.61,448823,USD
Arab Light,2025-07-27,73.08,618606,USD
Arab Light,2025-07-28,72.24,806059,USD
Arab Light,2025-07-29,73.14,636546,USD
Arab Light,2025-07-30,75.53,117308,USD
Arab Light,2025-07-31,74.96,200981,USD
Arab Light,2025-08-01,77.56,692000,USD
Arab Light,2025-08-02,76.13,623010,USD
Arab Light,2025-08-03,78.56,311453,USD
Arab Light,2025-08-04,78.77,498223,USD
Arab Light,2025-08-05,79.4,325489,USD
Arab Light,2025-08-06,77.17,400457,USD
Arab Light,2025-08-07,76.24,182744,USD
Arab Light,2025-08-08,76.19,717336,USD
Arab Light,2025-08-09,78.33,725204,USD
Arab Light,2025-08-10,77.91,107290,USD
Arab Light,2025-08-11,76.34,802839,USD
Arab Light,2025-08-12,76.79,992356,USD
Arab Light,2025-08-13,80.72,313582,USD
Arab Light,2025-08-14,81.39,493837,USD
Arab Light,2025-08-15,80.95,338982,USD
Arab Light,2025-08-16,81.42,500890,USD
Arab Light,2025-08-17,79.72,934959,USD
Arab Light,2025-08-18,82.62,185011,USD
Arab Light,2025-08-19,85.49,303388,USD
Arab Light,2025-08-20,83.72,690771,USD
Arab Light,2025-08-21,86.53,399389,USD
Arab Light,2025-08-22,87.02,633392,USD
Arab Light,2025-08-23,88.37,772817,USD
Arab Light,2025-08-24,88.36,757488,USD
Arab Light,2025-08-25,88.49,520292,USD
Arab Light,2025-08-26,87.29,935058,USD
Arab Light,2025-08-27,85.54,470211,USD
Arab Light,2025-08-28,83.7,319032,USD
Arab Light,2025-08-29,85.91,848021,USD
Arab Light,2025-08-30,86.26,353838,USD
Arab Light,2025-08-31,84.6,923726,USD
Arab Light,2025-09-01,84.79,463836,USD
Arab Light,2025-09-02,81.63,514597,USD
Arab Light,2025-09-03,79.93,326583,USD
Arab Light,2025-09-04,82.36,850829,USD
Arab Light,2025-09-05,81.35,373764,USD
Arab Light,2025-09-06,83.48,147405,USD
Arab Light,2025-09-07,83.31,900230,USD
Arab Light,2025-09-08,84.68,624296,USD
Arab Light,2025-09-09,82.52,597646,USD
Arab Light,2025-09-10,83.56,830159,USD
Arab Light,2025-09-11,79.4,294798,USD
Arab Light,2025-09-12,78.55,270022,USD
Arab Light,2025-09-13,81.1,783087,USD
Arab Light,2025-09-14,81.16,157488,USD
Arab Light,2025-09-15,79.37,420776,USD
Arab Light,2025-09-16,81.72,464189,USD
Arab Light,2025-09-17,85.96,486143,USD
Arab Light,2025-09-18,85.46,957929,USD
Arab Light,2025-09-19,82.43,865407,USD
Arab Light,2025-09-20,82.52,584054,USD
Arab Light,2025-09-21,84.02,802646,USD
Arab Light,2025-09-22,83.63,971796,USD
Arab Light,2025-09-23,79.68,704933,USD
Arab Light,2025-09-24,80.95,365839,USD
Arab Light,2025-09-25,79.54,119249,USD
Arab Light,2025-09-26,78.67,928350,USD
Arab Light,2025-09-27,75.71,891266,USD
Arab Light,2025-09-28,71.13,599508,USD
Arab Light,2025-09-29,68.91,319108,USD
Arab Light,2025-09-30,67.87,525214,USD
Arab Light,2025-10-01,66.8,542452,USD
Arab Light,2025-10-02,69.81,305576,USD
Arab Light,2025-10-03,67.81,480713,USD
Arab Light,2025-10-04,69.76,393463,USD
Arab Light,2025-10-05,70.04,220202,USD
Arab Light,2025-10-06,73.4,198873,USD
Arab Light,2025-10-07,73.25,482215,USD
Arab Light,2025-10-08,69.47,860596,USD
Arab Light,2025-10-09,69.15,641938,USD
Arab Light,2025-10-10,64.65,547520,USD
Arab Light,2025-10-11,62.4,136394,USD
Arab Light,2025-10-12,62.11,229219,USD
Arab Light,2025-10-13,61.87,694924,USD
Arab Light,2025-10-14,63.73,776643,USD
Arab Light,2025-10-15,64.6,504720,USD
Arab Light,2025-10-16,67.71,561462,USD
Arab Light,2025-10-17,69.58,528085,USD
Arab Light,2025-10-18,71.17,679548,USD
Arab Light,2025-10-19,75.18,651569,USD
Arab Light,2025-10-20,76.94,567768,USD
Arab Light,2025-10-21,79.64,713617,USD
Arab Light,2025-10-22,76.49,101276,USD
Arab Light,2025-10-23,75.88,603967,USD
Arab Light,2025-10-24,76.66,425330,USD
Arab Light,2025-10-25,76.81,454719,USD
Arab Light,2025-10-26,75.32,648014,USD
Arab Light,2025-10-27,76.94,718995,USD
Arab Light,2025-10-28,79.05,499415,USD
Arab Light,2025-10-29,78.89,356417,USD
Arab Light,2025-10-30,78.38,975033,USD
Arab Light,2025-10-31,77.38,602664,USD
Arab Light,2025-11-01,79.09,507822,USD
Arab Light,2025-11-02,78.53,383714,USD
Arab Light,2025-11-03,78.62,810494,USD
Arab Light,2025-11-04,81.06,261418,USD
Arab Light,2025-11-05,81.64,361862,USD
Arab Light,2025-11-06,81.73,814917,USD
Arab Light,2025-11-07,80.58,786717,USD
Arab Light,2025-11-08,80.56,251712,USD
Arab Light,2025-11-09,79.13,952180,USD
Arab Light,2025-11-10,79.58,362551,USD
Arab Light,2025-11-11,78.66,951401,USD
Arab Light,2025-11-12,77.99,740713,USD
Arab Light,2025-11-13,77.98,527255,USD
Arab Light,2025-11-14,81.39,199019,USD
Arab Light,2025-11-15,78.24,979430,USD
Arab Light,2025-11-16,78.99,816922,USD
Arab Light,2025-11-17,76.75,806798,USD
Arab Light,2025-11-18,76.2,209848,USD
Arab Light,2025-11-19,75.09,601201,USD
Arab Light,2025-11-20,73.9,808350,USD
Arab Light,2025-11-21,72.78,518084,USD
Arab Light,2025-11-22,72.28,773299,USD
Arab Light,2025-11-23,70.9,952504,USD
Arab Light,2025-11-24,69.53,958738,USD
Arab Light,2025-11-25,68.43,406202,USD
Arab Light,2025-11-26,67.24,386319,USD
Arab Light,2025-11-27,65.58,918573,USD
Arab Light,2025-11-28,66.77,845083,USD
Arab Light,2025-11-29,66.0,691140,USD
Arab Light,2025-11-30,65.59,688424,USD
Arab Light,2025-12-01,65.03,993533,USD
Arab Light,2025-12-02,63.76,710584,USD
Arab Light,2025-12-03,62.04,170903,USD
Arab Light,2025-12-04,63.42,349211,USD
Arab Light,2025-12-05,61.79,273478,USD
Arab Light,2025-12-06,60.25,617280,USD
Arab Light,2025-12-07,62.24,265552,USD
Arab Light,2025-12-08,61.18,518164,USD
Arab Light,2025-12-09,61.15,150254,USD
Arab Light,2025-12-10,60.49,979951,USD
Arab Light,2025-12-11,60.39,177928,USD
Arab Light,2025-12-12,63.34,633200,USD
Arab Light,2025-12-13,61.92,611387,USD
Arab Light,2025-12-14,63.11,832789,USD
Arab Light,2025-12-15,64.48,891391,USD
Arab Light,2025-12-16,65.7,943913,USD
Arab Light,2025-12-17,68.54,811593,USD
Arab Light,2025-12-18,64.64,727425,USD
Arab Light,2025-12-19,61.96,336084,USD
Arab Light,2025-12-20,60.19,300276,USD
Arab Light,2025-12-21,59.23,767447,USD
Arab Light,2025-12-22,59.71,724083,USD
Arab Light,2025-12-23,58.04,665974,USD
Arab Light,2025-12-24,56.35,785953,USD
Arab Light,2025-12-25,56.52,917790,USD
Arab Light,2025-12-26,57.46,827661,USD
Arab Light,2025-12-27,57.4,818364,USD
Arab Light,2025-12-28,58.45,214483,USD
Arab Light,2025-12-29,55.43,362492,USD
Arab Light,2025-12-30,54.05,210930,USD
Arab Light,2025-12-31,52.2,630135,USD
Arab Light,2026-01-01,51.13,328827,USD
Arab Light,2026-01-02,50.97,687420,USD
Arab Light,2026-01-03,47.56,209174,USD
Arab Light,2026-01-04,46.47,976373,USD
Arab Light,2026-01-05,45.08,457437,USD
Arab Light,2026-01-06,42.21,541413,USD
Arab Light,2026-01-07,43.31,166707,USD
Arab Light,2026-01-08,43.24,458793,USD
Arab Light,2026-01-09,42.18,223192,USD
Arab Light,2026-01-10,45.43,966678,USD
Arab Light,2026-01-11,42.71,848381,USD
Arab Light,2026-01-12,46.09,215321,USD
Arab Light,2026-01-13,45.57,560893,USD
Arab Light,2026-01-14,44.03,483652,USD
Arab Light,2026-01-15,43.03,217913,USD
Arab Light,2026-01-16,42.21,578030,USD
Arab Light,2026-01-17,45.91,231738,USD
Arab Light,2026-01-18,46.41,986508,USD
Arab Light,2026-01-19,44.27,186625,USD
Arab Light,2026-01-20,45.64,165044,USD
Arab Light,2026-01-21,44.85,888297,USD
Arab Light,2026-01-22,39.86,378712,USD
Arab Light,2026-01-23,41.18,367405,USD
Arab Light,2026-01-24,42.56,751415,USD
Arab Light,2026-01-25,41.86,702750,USD
Arab Light,2026-01-26,40.57,656238,USD
Arab Light,2026-01-27,42.16,514059,USD
Arab Light,2026-01-28,40.77,678860,USD
Arab Light,2026-01-29,42.83,893991,USD
Arab Light,2026-01-30,41.48,564445,USD
Arab Light,2026-01-31,41.18,411375,USD
Arab Light,2026-02-01,41.88,537047,USD
Arab Light,2026-02-02,42.15,519571,USD
Arab Light,2026-02-03,40.65,328155,USD
Arab Light,2026-02-04,41.23,927081,USD
Arab Light,2026-02-05,42.51,787959,USD
Arab Light,2026-02-06,40.45,855873,USD
Arab Light,2026-02-07,41.21,597652,USD
Arab Light,2026-02-08,40.84,726885,USD
Arab Light,2026-02-09,38.91,966803,USD
Arab Light,2026-02-10,39.4,210588,USD
Arab Light,2026-02-11,40.91,656737,USD
Arab Light,2026-02-12,39.73,854334,USD
Arab Light,2026-02-13,35.05,929660,USD
Arab Light,2026-02-14,35.65,132627,USD
Arab Light,2026-02-15,34.83,863862,USD
Arab Light,2026-02-16,35.91,225276,USD
Arab Light,2026-02-17,37.8,526185,USD
Arab Light,2026-02-18,38.19,771910,USD
Arab Light,2026-02-19,39.44,932796,USD
Arab Light,2026-02-20,41.05,502150,USD
Arab Light,2026-02-21,39.86,602153,USD
Arab Light,2026-02-22,39.01,266450,USD
Arab Light,2026-02-23,39.66,422276,USD
Arab Light,2026-02-24,42.02,904805,USD
Arab Light,2026-02-25,39.67,711162,USD
Arab Light,2026-02-26,40.53,787043,USD
Arab Light,2026-02-27,42.7,235659,USD
Arab Light,2026-02-28,42.28,350953,USD
Arab Light,2026-03-01,42.16,314855,USD
Arab Light,2026-03-02,42.01,925869,USD
Arab Light,2026-03-03,41.74,579158,USD
Arab Light,2026-03-04,40.19,908823,USD
Arab Light,2026-03-05,39.84,681937,USD
Arab Light,2026-03-06,38.34,415646,USD
Arab Light,2026-03-07,39.45,940151,USD
Arab Light,2026-03-08,36.2,131483,USD
Arab Light,2026-03-09,37.73,967558,USD
Arab Light,2026-03-10,39.58,937640,USD
Arab Light,2026-03-11,39.82,283840,USD
Arab Light,2026-03-12,43.02,590712,USD
Arab Light,2026-03-13,43.75,810740,USD
Arab Light,2026-03-14,44.24,275740,USD
Arab Light,2026-03-15,40.91,108285,USD
Arab Light,2026-03-16,42.89,280198,USD
Arab Light,2026-03-17,41.13,963942,USD
Arab Light,2026-03-18,39.16,441178,USD
Arab Light,2026-03-19,39.49,270412,USD
Arab Light,2026-03-20,38.0,425118,USD
Arab Light,2026-03-21,37.55,924122,USD
Arab Light,2026-03-22,39.7,548144,USD
Arab Light,2026-03-23,42.61,165857,USD
Arab Light,2026-03-24,41.44,180530,USD
Arab Light,2026-03-25,41.07,811373,USD
Arab Light,2026-03-26,45.41,924643,USD
Arab Light,2026-03-27,48.3,550626,USD
Arab Light,2026-03-28,44.95,983449,USD
Arab Light,2026-03-29,46.6,338925,USD
Arab Light,2026-03-30,45.11,287868,USD
Arab Light,2026-03-31,43.97,415632,USD
Arab Light,2026-04-01,45.6,295081,USD
Arab Light,2026-04-02,42.02,691653,USD
Arab Light,2026-04-03,44.04,114082,USD
Arab Light,2026-04-04,46.58,899360,USD
Arab Light,2026-04-05,45.93,320329,USD
Arab Light,2026-04-06,48.87,359946,USD
Arab Light,2026-04-07,49.69,468106,USD
Arab Light,2026-04-08,47.46,123384,USD
Arab Light,2026-04-09,47.61,237525,USD
Forties,2024-04-09,63.69,270726,USD
Forties,2024-04-10,64.08,404068,USD
Forties,2024-04-11,61.73,705383,USD
Forties,2024-04-12,64.85,629822,USD
Forties,2024-04-13,65.93,542746,USD
Forties,2024-04-14,65.07,840282,USD
Forties,2024-04-15,65.51,793440,USD
Forties,2024-04-16,65.43,969355,USD
Forties,2024-04-17,59.53,779908,USD
Forties,2024-04-18,62.74,892262,USD
Forties,2024-04-19,62.62,818834,USD
Forties,2024-04-20,62.94,289581,USD
Forties,2024-04-21,60.33,412657,USD
Forties,2024-04-22,60.7,938222,USD
Forties,2024-04-23,61.44,633658,USD
Forties,2024-04-24,59.46,208664,USD
Forties,2024-04-25,60.82,268460,USD
Forties,2024-04-26,57.07,820561,USD
Forties,2024-04-27,56.68,772988,USD
Forties,2024-04-28,54.0,353440,USD
Forties,2024-04-29,54.07,960940,USD
Forties,2024-04-30,53.3,452149,USD
Forties,2024-05-01,54.19,725146,USD
Forties,2024-05-02,54.04,747254,USD
Forties,2024-05-03,54.86,719979,USD
Forties,2024-05-04,54.97,905529,USD
Forties,2024-05-05,57.09,361369,USD
Forties,2024-05-06,58.89,373130,USD
Forties,2024-05-07,57.49,606493,USD
Forties,2024-05-08,59.44,324417,USD
Forties,2024-05-09,60.17,268218,USD
Forties,2024-05-10,62.49,587831,USD
Forties,2024-05-11,60.57,416375,USD
Forties,2024-05-12,58.21,156987,USD
Forties,2024-05-13,55.88,681409,USD
Forties,2024-05-14,58.82,420623,USD
Forties,2024-05-15,61.19,721497,USD
Forties,2024-05-16,62.99,202565,USD
Forties,2024-05-17,60.43,125921,USD
Forties,2024-05-18,62.25,473347,USD
Forties,2024-05-19,59.81,734341,USD
Forties,2024-05-20,54.85,377959,USD
Forties,2024-05-21,54.05,718139,USD
Forties,2024-05-22,53.71,611043,USD
Forties,2024-05-23,56.36,583621,USD
Forties,2024-05-24,54.41,522320,USD
Forties,2024-05-25,58.95,694002,USD
Forties,2024-05-26,59.33,360062,USD
Forties,2024-05-27,59.11,675451,USD
Forties,2024-05-28,58.89,885585,USD
Forties,2024-05-29,56.51,780942,USD
Forties,2024-05-30,55.86,849240,USD
Forties,2024-05-31,56.39,874655,USD
Forties,2024-06-01,58.26,113873,USD
Forties,2024-06-02,57.53,546727,USD
Forties,2024-06-03,57.89,525436,USD
Forties,2024-06-04,59.42,253389,USD
Forties,2024-06-05,58.64,417216,USD
Forties,2024-06-06,60.64,939041,USD
Forties,2024-06-07,61.74,888666,USD
Forties,2024-06-08,63.39,169564,USD
Forties,2024-06-09,59.94,332083,USD
Forties,2024-06-10,59.38,887668,USD
Forties,2024-06-11,58.15,412450,USD
Forties,2024-06-12,54.32,513024,USD
Forties,2024-06-13,57.87,972614,USD
Forties,2024-06-14,59.69,478056,USD
Forties,2024-06-15,56.78,155031,USD
Forties,2024-06-16,59.52,188877,USD
Forties,2024-06-17,59.42,162632,USD
Forties,2024-06-18,60.32,751595,USD
Forties,2024-06-19,59.14,608515,USD
Forties,2024-06-20,61.13,790028,USD
Forties,2024-06-21,60.97,830748,USD
Forties,2024-06-22,61.98,512213,USD
Forties,2024-06-23,64.21,878209,USD
Forties,2024-06-24,65.49,449915,USD
Forties,2024-06-25,64.73,207190,USD
Forties,2024-06-26,64.57,731348,USD
Forties,2024-06-27,61.25,987758,USD
Forties,2024-06-28,62.97,569634,USD
Forties,2024-06-29,57.44,585490,USD
Forties,2024-06-30,56.91,101552,USD
Forties,2024-07-01,56.93,187899,USD
Forties,2024-07-02,57.54,284424,USD
Forties,2024-07-03,56.36,905242,USD
Forties,2024-07-04,56.17,558799,USD
Forties,2024-07-05,56.54,257909,USD
Forties,2024-07-06,56.86,866159,USD
Forties,2024-07-07,57.12,490030,USD
Forties,2024-07-08,56.41,136220,USD
Forties,2024-07-09,56.87,777912,USD
Forties,2024-07-10,59.46,835414,USD
Forties,2024-07-11,59.3,924392,USD
Forties,2024-07-12,59.73,236500,USD
Forties,2024-07-13,59.54,173771,USD
Forties,2024-07-14,62.01,526079,USD
Forties,2024-07-15,61.5,846358,USD
Forties,2024-07-16,59.78,953993,USD
Forties,2024-07-17,61.14,154703,USD
Forties,2024-07-18,60.53,550133,USD
Forties,2024-07-19,61.77,480116,USD
Forties,2024-07-20,60.85,273640,USD
Forties,2024-07-21,58.72,283497,USD
Forties,2024-07-22,58.63,818138,USD
Forties,2024-07-23,55.89,612073,USD
Forties,2024-07-24,56.46,720406,USD
Forties,2024-07-25,58.07,700846,USD
Forties,2024-07-26,61.81,162736,USD
Forties,2024-07-27,60.82,873866,USD
Forties,2024-07-28,59.38,791229,USD
Forties,2024-07-29,60.95,111378,USD
Forties,2024-07-30,62.36,832272,USD
Forties,2024-07-31,63.91,104033,USD
Forties,2024-08-01,67.69,239861,USD
Forties,2024-08-02,67.71,684811,USD
Forties,2024-08-03,71.99,231282,USD
Forties,2024-08-04,71.31,266700,USD
Forties,2024-08-05,70.02,303898,USD
Forties,2024-08-06,68.56,455634,USD
Forties,2024-08-07,66.99,798376,USD
Forties,2024-08-08,70.89,747341,USD
Forties,2024-08-09,73.25,988213,USD
Forties,2024-08-10,76.91,898239,USD
Forties,2024-08-11,73.37,367166,USD
Forties,2024-08-12,70.91,237166,USD
Forties,2024-08-13,70.31,376001,USD
Forties,2024-08-14,69.42,965421,USD
Forties,2024-08-15,69.85,435220,USD
Forties,2024-08-16,69.92,511863,USD
Forties,2024-08-17,67.94,228848,USD
Forties,2024-08-18,66.84,950571,USD
Forties,2024-08-19,66.35,267700,USD
Forties,2024-08-20,64.09,427492,USD
Forties,2024-08-21,63.84,344525,USD
Forties,2024-08-22,61.69,416714,USD
Forties,2024-08-23,61.38,984931,USD
Forties,2024-08-24,59.65,395949,USD
Forties,2024-08-25,61.46,168080,USD
Forties,2024-08-26,62.27,516547,USD
Forties,2024-08-27,63.04,784451,USD
Forties,2024-08-28,64.42,570860,USD
Forties,2024-08-29,65.34,374121,USD
Forties,2024-08-30,67.16,132066,USD
Forties,2024-08-31,67.43,368328,USD
Forties,2024-09-01,68.78,234221,USD
Forties,2024-09-02,69.48,833057,USD
Forties,2024-09-03,70.16,680574,USD
Forties,2024-09-04,67.31,107699,USD
Forties,2024-09-05,65.37,850246,USD
Forties,2024-09-06,65.83,553667,USD
Forties,2024-09-07,64.38,574020,USD
Forties,2024-09-08,64.22,156767,USD
Forties,2024-09-09,63.19,810229,USD
Forties,2024-09-10,62.23,136450,USD
Forties,2024-09-11,62.29,651401,USD
Forties,2024-09-12,61.74,599122,USD
Forties,2024-09-13,64.43,819846,USD
Forties,2024-09-14,61.75,651746,USD
Forties,2024-09-15,62.83,665451,USD
Forties,2024-09-16,64.29,972317,USD
Forties,2024-09-17,67.14,277559,USD
Forties,2024-09-18,67.25,704760,USD
Forties,2024-09-19,68.5,189515,USD
Forties,2024-09-20,71.16,736219,USD
Forties,2024-09-21,69.98,136125,USD
Forties,2024-09-22,68.26,996270,USD
Forties,2024-09-23,68.45,907566,USD
Forties,2024-09-24,68.0,747551,USD
Forties,2024-09-25,69.3,497893,USD
Forties,2024-09-26,66.72,390303,USD
Forties,2024-09-27,69.23,481990,USD
Forties,2024-09-28,69.7,413828,USD
Forties,2024-09-29,69.19,460134,USD
Forties,2024-09-30,69.18,589828,USD
Forties,2024-10-01,71.13,960848,USD
Forties,2024-10-02,72.09,435129,USD
Forties,2024-10-03,72.03,434415,USD
Forties,2024-10-04,71.63,766274,USD
Forties,2024-10-05,71.3,793027,USD
Forties,2024-10-06,72.52,626589,USD
Forties,2024-10-07,71.95,293384,USD
Forties,2024-10-08,73.0,923334,USD
Forties,2024-10-09,68.23,976041,USD
Forties,2024-10-10,66.56,172464,USD
Forties,2024-10-11,65.18,605618,USD
Forties,2024-10-12,65.1,166045,USD
Forties,2024-10-13,64.68,464703,USD
Forties,2024-10-14,63.4,883043,USD
Forties,2024-10-15,61.24,771639,USD
Forties,2024-10-16,59.7,789471,USD
Forties,2024-10-17,62.74,500765,USD
Forties,2024-10-18,61.46,773703,USD
Forties,2024-10-19,57.4,911998,USD
Forties,2024-10-20,57.47,129551,USD
Forties,2024-10-21,56.19,521568,USD
Forties,2024-10-22,55.58,939205,USD
Forties,2024-10-23,57.27,667547,USD
Forties,2024-10-24,56.8,454753,USD
Forties,2024-10-25,56.12,253096,USD
Forties,2024-10-26,49.48,960633,USD
Forties,2024-10-27,48.3,490355,USD
Forties,2024-10-28,47.76,546426,USD
Forties,2024-10-29,48.45,412965,USD
Forties,2024-10-30,45.1,843723,USD
Forties,2024-10-31,42.68,506925,USD
Forties,2024-11-01,43.42,153981,USD
Forties,2024-11-02,43.46,539161,USD
Forties,2024-11-03,42.37,650378,USD
Forties,2024-11-04,43.22,315518,USD
Forties,2024-11-05,42.45,396156,USD
Forties,2024-11-06,44.1,638374,USD
Forties,2024-11-07,42.94,474968,USD
Forties,2024-11-08,41.22,418274,USD
Forties,2024-11-09,46.11,610000,USD
Forties,2024-11-10,47.33,688751,USD
Forties,2024-11-11,45.84,784726,USD
Forties,2024-11-12,45.08,865702,USD
Forties,2024-11-13,43.92,548712,USD
Forties,2024-11-14,40.9,579994,USD
Forties,2024-11-15,40.25,749329,USD
Forties,2024-11-16,40.48,155773,USD
Forties,2024-11-17,43.05,506093,USD
Forties,2024-11-18,42.8,234180,USD
Forties,2024-11-19,41.87,265461,USD
Forties,2024-11-20,44.72,947270,USD
Forties,2024-11-21,47.07,407885,USD
Forties,2024-11-22,47.28,401759,USD
Forties,2024-11-23,47.31,226625,USD
Forties,2024-11-24,47.98,297707,USD
Forties,2024-11-25,46.8,516280,USD
Forties,2024-11-26,46.75,477046,USD
Forties,2024-11-27,45.5,984293,USD
Forties,2024-11-28,47.91,262692,USD
Forties,2024-11-29,46.28,760477,USD
Forties,2024-11-30,46.64,995278,USD
Forties,2024-12-01,47.1,536267,USD
Forties,2024-12-02,49.69,851526,USD
Forties,2024-12-03,48.74,180114,USD
Forties,2024-12-04,47.42,344564,USD
Forties,2024-12-05,48.52,801003,USD
Forties,2024-12-06,49.36,667959,USD
Forties,2024-12-07,53.09,451750,USD
Forties,2024-12-08,53.34,857177,USD
Forties,2024-12-09,55.71,582342,USD
Forties,2024-12-10,57.83,896706,USD
Forties,2024-12-11,56.49,799878,USD
Forties,2024-12-12,53.71,543474,USD
Forties,2024-12-13,53.09,432397,USD
Forties,2024-12-14,54.66,899862,USD
Forties,2024-12-15,57.29,399487,USD
Forties,2024-12-16,51.47,349002,USD
Forties,2024-12-17,49.83,891345,USD
Forties,2024-12-18,50.5,801282,USD
Forties,2024-12-19,51.7,642369,USD
Forties,2024-12-20,49.8,266081,USD
Forties,2024-12-21,48.54,729318,USD
Forties,2024-12-22,45.39,674851,USD
Forties,2024-12-23,48.51,782143,USD
Forties,2024-12-24,48.88,656073,USD
Forties,2024-12-25,47.6,893124,USD
Forties,2024-12-26,49.82,653419,USD
Forties,2024-12-27,50.19,296594,USD
Forties,2024-12-28,52.79,588169,USD
Forties,2024-12-29,55.69,528214,USD
Forties,2024-12-30,53.8,852501,USD
Forties,2024-12-31,56.15,295439,USD
Forties,2025-01-01,58.42,985824,USD
Forties,2025-01-02,59.28,397193,USD
Forties,2025-01-03,60.29,582068,USD
Forties,2025-01-04,60.53,231300,USD
Forties,2025-01-05,58.3,597734,USD
Forties,2025-01-06,55.93,548690,USD
Forties,2025-01-07,59.14,888088,USD
Forties,2025-01-08,59.51,253679,USD
Forties,2025-01-09,59.01,133037,USD
Forties,2025-01-10,60.15,464613,USD
Forties,2025-01-11,58.8,885268,USD
Forties,2025-01-12,57.96,745042,USD
Forties,2025-01-13,58.0,199209,USD
Forties,2025-01-14,56.93,410901,USD
Forties,2025-01-15,57.87,785144,USD
Forties,2025-01-16,57.6,846460,USD
Forties,2025-01-17,58.53,271713,USD
Forties,2025-01-18,59.64,273469,USD
Forties,2025-01-19,61.8,372253,USD
Forties,2025-01-20,61.19,283283,USD
Forties,2025-01-21,59.25,679598,USD
Forties,2025-01-22,63.92,922787,USD
Forties,2025-01-23,66.51,555404,USD
Forties,2025-01-24,63.24,342013,USD
Forties,2025-01-25,68.29,150426,USD
Forties,2025-01-26,67.1,595443,USD
Forties,2025-01-27,66.86,376564,USD
Forties,2025-01-28,64.65,939366,USD
Forties,2025-01-29,64.85,905069,USD
Forties,2025-01-30,63.77,652143,USD
Forties,2025-01-31,61.61,186117,USD
Forties,2025-02-01,59.05,923965,USD
Forties,2025-02-02,57.55,867259,USD
Forties,2025-02-03,58.88,937653,USD
Forties,2025-02-04,64.08,939185,USD
Forties,2025-02-05,65.04,587291,USD
Forties,2025-02-06,63.2,116619,USD
Forties,2025-02-07,62.5,901945,USD
Forties,2025-02-08,64.31,634307,USD
Forties,2025-02-09,63.68,202058,USD
Forties,2025-02-10,66.33,490354,USD
Forties,2025-02-11,70.69,195024,USD
Forties,2025-02-12,67.04,992261,USD
Forties,2025-02-13,65.56,574122,USD
Forties,2025-02-14,64.3,583487,USD
Forties,2025-02-15,67.29,564988,USD
Forties,2025-02-16,66.63,648725,USD
Forties,2025-02-17,68.59,115649,USD
Forties,2025-02-18,68.94,464663,USD
Forties,2025-02-19,68.53,512855,USD
Forties,2025-02-20,69.74,983387,USD
Forties,2025-02-21,72.76,852225,USD
Forties,2025-02-22,66.83,764703,USD
Forties,2025-02-23,69.12,906251,USD
Forties,2025-02-24,68.99,960603,USD
Forties,2025-02-25,69.41,500145,USD
Forties,2025-02-26,71.38,797364,USD
Forties,2025-02-27,71.91,178594,USD
Forties,2025-02-28,75.27,933473,USD
Forties,2025-03-01,71.02,666610,USD
Forties,2025-03-02,69.64,706454,USD
Forties,2025-03-03,70.69,360943,USD
Forties,2025-03-04,69.79,268015,USD
Forties,2025-03-05,72.89,968912,USD
Forties,2025-03-06,71.63,828353,USD
Forties,2025-03-07,71.83,361267,USD
Forties,2025-03-08,70.33,845249,USD
Forties,2025-03-09,70.13,551116,USD
Forties,2025-03-10,66.76,315259,USD
Forties,2025-03-11,64.11,502049,USD
Forties,2025-03-12,68.32,426462,USD
Forties,2025-03-13,68.36,401723,USD
Forties,2025-03-14,67.63,101187,USD
Forties,2025-03-15,65.42,454103,USD
Forties,2025-03-16,63.5,218666,USD
Forties,2025-03-17,67.41,667167,USD
Forties,2025-03-18,67.56,823379,USD
Forties,2025-03-19,69.79,829361,USD
Forties,2025-03-20,64.19,484931,USD
Forties,2025-03-21,63.05,475962,USD
Forties,2025-03-22,66.57,784185,USD
Forties,2025-03-23,65.56,301755,USD
Forties,2025-03-24,63.54,423198,USD
Forties,2025-03-25,64.4,818353,USD
Forties,2025-03-26,61.48,807951,USD
Forties,2025-03-27,58.16,851985,USD
Forties,2025-03-28,61.26,756886,USD
Forties,2025-03-29,59.74,521491,USD
Forties,2025-03-30,60.99,875645,USD
Forties,2025-03-31,64.99,629140,USD
Forties,2025-04-01,65.08,858121,USD
Forties,2025-04-02,66.25,210911,USD
Forties,2025-04-03,62.91,721189,USD
Forties,2025-04-04,61.22,211687,USD
Forties,2025-04-05,64.7,477916,USD
Forties,2025-04-06,63.99,445905,USD
Forties,2025-04-07,61.38,764552,USD
Forties,2025-04-08,62.44,120418,USD
Forties,2025-04-09,65.16,937920,USD
Forties,2025-04-10,64.15,621299,USD
Forties,2025-04-11,65.22,519970,USD
Forties,2025-04-12,67.09,493625,USD
Forties,2025-04-13,66.71,167809,USD
Forties,2025-04-14,66.03,183573,USD
Forties,2025-04-15,69.93,811673,USD
Forties,2025-04-16,67.48,106957,USD
Forties,2025-04-17,67.75,480802,USD
Forties,2025-04-18,67.53,169219,USD
Forties,2025-04-19,67.3,284584,USD
Forties,2025-04-20,69.05,507280,USD
Forties,2025-04-21,70.27,555898,USD
Forties,2025-04-22,70.87,765596,USD
Forties,2025-04-23,67.55,644502,USD
Forties,2025-04-24,65.7,802695,USD
Forties,2025-04-25,65.18,427407,USD
Forties,2025-04-26,65.37,764795,USD
Forties,2025-04-27,68.82,916560,USD
Forties,2025-04-28,68.96,560357,USD
Forties,2025-04-29,70.6,339110,USD
Forties,2025-04-30,70.46,214832,USD
Forties,2025-05-01,71.91,489434,USD
Forties,2025-05-02,71.92,605147,USD
Forties,2025-05-03,69.76,403980,USD
Forties,2025-05-04,70.92,430181,USD
Forties,2025-05-05,71.85,784747,USD
Forties,2025-05-06,68.99,211981,USD
Forties,2025-05-07,68.85,410545,USD
Forties,2025-05-08,68.69,506884,USD
Forties,2025-05-09,67.46,370568,USD
Forties,2025-05-10,65.19,805521,USD
Forties,2025-05-11,65.65,399202,USD
Forties,2025-05-12,68.86,900137,USD
Forties,2025-05-13,70.22,852208,USD
Forties,2025-05-14,67.12,552884,USD
Forties,2025-05-15,70.13,791861,USD
Forties,2025-05-16,72.78,488486,USD
Forties,2025-05-17,71.67,399004,USD
Forties,2025-05-18,75.13,999824,USD
Forties,2025-05-19,72.15,543693,USD
Forties,2025-05-20,71.12,138114,USD
Forties,2025-05-21,70.24,602935,USD
Forties,2025-05-22,67.39,725796,USD
Forties,2025-05-23,67.82,766996,USD
Forties,2025-05-24,66.2,991424,USD
Forties,2025-05-25,63.7,436838,USD
Forties,2025-05-26,63.13,814010,USD
Forties,2025-05-27,66.27,792120,USD
Forties,2025-05-28,68.05,945296,USD
Forties,2025-05-29,68.89,621984,USD
Forties,2025-05-30,67.8,782475,USD
Forties,2025-05-31,64.97,685795,USD
Forties,2025-06-01,62.73,549703,USD
Forties,2025-06-02,64.37,772072,USD
Forties,2025-06-03,62.74,267022,USD
Forties,2025-06-04,62.98,297395,USD
Forties,2025-06-05,63.85,553569,USD
Forties,2025-06-06,60.64,282844,USD
Forties,2025-06-07,60.6,880610,USD
Forties,2025-06-08,61.29,863877,USD
Forties,2025-06-09,65.04,273476,USD
Forties,2025-06-10,65.24,719557,USD
Forties,2025-06-11,66.78,175351,USD
Forties,2025-06-12,65.73,795824,USD
Forties,2025-06-13,67.79,538752,USD
Forties,2025-06-14,65.17,429672,USD
Forties,2025-06-15,66.11,137142,USD
Forties,2025-06-16,66.42,926967,USD
Forties,2025-06-17,68.88,445487,USD
Forties,2025-06-18,69.75,524658,USD
Forties,2025-06-19,69.28,581193,USD
Forties,2025-06-20,71.34,118175,USD
Forties,2025-06-21,72.18,745279,USD
Forties,2025-06-22,70.15,624340,USD
Forties,2025-06-23,69.8,419585,USD
Forties,2025-06-24,67.54,546095,USD
Forties,2025-06-25,68.22,175590,USD
Forties,2025-06-26,69.12,901278,USD
Forties,2025-06-27,72.47,226035,USD
Forties,2025-06-28,72.09,703647,USD
Forties,2025-06-29,71.37,115176,USD
Forties,2025-06-30,68.32,236449,USD
Forties,2025-07-01,67.93,190016,USD
Forties,2025-07-02,67.32,722719,USD
Forties,2025-07-03,67.49,226637,USD
Forties,2025-07-04,66.82,950645,USD
Forties,2025-07-05,66.16,938609,USD
Forties,2025-07-06,66.32,570688,USD
Forties,2025-07-07,66.08,169164,USD
Forties,2025-07-08,65.38,453649,USD
Forties,2025-07-09,64.66,445349,USD
Forties,2025-07-10,68.72,207241,USD
Forties,2025-07-11,67.95,826748,USD
Forties,2025-07-12,67.45,221715,USD
Forties,2025-07-13,64.03,303380,USD
Forties,2025-07-14,66.11,675521,USD
Forties,2025-07-15,61.57,633566,USD
Forties,2025-07-16,59.61,542140,USD
Forties,2025-07-17,60.7,702548,USD
Forties,2025-07-18,57.09,124023,USD
Forties,2025-07-19,55.71,267764,USD
Forties,2025-07-20,55.6,604457,USD
Forties,2025-07-21,55.33,624705,USD
Forties,2025-07-22,53.89,232362,USD
Forties,2025-07-23,55.44,913006,USD
Forties,2025-07-24,57.12,107637,USD
Forties,2025-07-25,58.27,703522,USD
Forties,2025-07-26,57.28,904950,USD
Forties,2025-07-27,57.55,612141,USD
Forties,2025-07-28,56.32,132106,USD
Forties,2025-07-29,61.2,272163,USD
Forties,2025-07-30,61.81,345996,USD
Forties,2025-07-31,60.82,872212,USD
Forties,2025-08-01,65.18,408143,USD
Forties,2025-08-02,64.42,124736,USD
Forties,2025-08-03,64.95,346325,USD
Forties,2025-08-04,66.53,739600,USD
Forties,2025-08-05,65.39,983448,USD
Forties,2025-08-06,64.1,729034,USD
Forties,2025-08-07,67.42,999513,USD
Forties,2025-08-08,69.39,944528,USD
Forties,2025-08-09,70.97,202286,USD
Forties,2025-08-10,72.55,958940,USD
Forties,2025-08-11,73.47,289872,USD
Forties,2025-08-12,77.5,322720,USD
Forties,2025-08-13,77.59,640425,USD
Forties,2025-08-14,75.94,497366,USD
Forties,2025-08-15,73.54,576271,USD
Forties,2025-08-16,72.73,368729,USD
Forties,2025-08-17,66.75,243068,USD
Forties,2025-08-18,69.52,252322,USD
Forties,2025-08-19,70.31,197699,USD
Forties,2025-08-20,68.64,956349,USD
Forties,2025-08-21,70.77,742886,USD
Forties,2025-08-22,68.37,571328,USD
Forties,2025-08-23,66.39,171230,USD
Forties,2025-08-24,66.54,109510,USD
Forties,2025-08-25,69.63,706164,USD
Forties,2025-08-26,70.4,292704,USD
Forties,2025-08-27,64.99,596604,USD
Forties,2025-08-28,63.06,323694,USD
Forties,2025-08-29,61.43,440835,USD
Forties,2025-08-30,61.84,673209,USD
Forties,2025-08-31,59.02,569644,USD
Forties,2025-09-01,56.36,539397,USD
Forties,2025-09-02,55.79,461093,USD
Forties,2025-09-03,57.07,220598,USD
Forties,2025-09-04,58.52,179667,USD
Forties,2025-09-05,58.67,872020,USD
Forties,2025-09-06,60.45,152336,USD
Forties,2025-09-07,65.54,874631,USD
Forties,2025-09-08,68.97,187848,USD
Forties,2025-09-09,67.92,879257,USD
Forties,2025-09-10,65.02,944994,USD
Forties,2025-09-11,64.21,846926,USD
Forties,2025-09-12,62.31,903390,USD
Forties,2025-09-13,63.22,925625,USD
Forties,2025-09-14,60.85,517358,USD
Forties,2025-09-15,60.65,438215,USD
Forties,2025-09-16,58.76,619892,USD
Forties,2025-09-17,58.1,994597,USD
Forties,2025-09-18,58.02,589186,USD
Forties,2025-09-19,59.24,240274,USD
Forties,2025-09-20,59.17,270313,USD
Forties,2025-09-21,57.95,819304,USD
Forties,2025-09-22,59.52,344380,USD
Forties,2025-09-23,59.56,277017,USD
Forties,2025-09-24,58.52,782061,USD
Forties,2025-09-25,59.79,804689,USD
Forties,2025-09-26,60.22,262698,USD
Forties,2025-09-27,61.31,702056,USD
Forties,2025-09-28,63.63,849036,USD
Forties,2025-09-29,61.37,672976,USD
Forties,2025-09-30,66.27,368161,USD
Forties,2025-10-01,67.13,310463,USD
Forties,2025-10-02,64.78,171923,USD
Forties,2025-10-03,67.39,437658,USD
Forties,2025-10-04,65.97,537403,USD
Forties,2025-10-05,69.44,420525,USD
Forties,2025-10-06,67.3,967390,USD
Forties,2025-10-07,67.1,582787,USD
Forties,2025-10-08,68.72,767883,USD
Forties,2025-10-09,70.03,744697,USD
Forties,2025-10-10,70.69,998096,USD
Forties,2025-10-11,72.72,727871,USD
Forties,2025-10-12,71.8,722247,USD
Forties,2025-10-13,73.96,910338,USD
Forties,2025-10-14,72.64,296693,USD
Forties,2025-10-15,69.9,990593,USD
Forties,2025-10-16,73.09,530949,USD
Forties,2025-10-17,71.94,688454,USD
Forties,2025-10-18,69.28,168480,USD
Forties,2025-10-19,70.63,865326,USD
Forties,2025-10-20,70.95,160906,USD
Forties,2025-10-21,71.65,119475,USD
Forties,2025-10-22,70.97,309832,USD
Forties,2025-10-23,71.97,804462,USD
Forties,2025-10-24,74.93,771535,USD
Forties,2025-10-25,75.52,679859,USD
Forties,2025-10-26,72.51,251765,USD
Forties,2025-10-27,72.49,151878,USD
Forties,2025-10-28,73.37,943535,USD
Forties,2025-10-29,76.72,572658,USD
Forties,2025-10-30,78.18,851264,USD
Forties,2025-10-31,76.56,735316,USD
Forties,2025-11-01,76.45,454297,USD
Forties,2025-11-02,78.03,455536,USD
Forties,2025-11-03,79.07,607796,USD
Forties,2025-11-04,80.24,110923,USD
Forties,2025-11-05,77.62,539779,USD
Forties,2025-11-06,78.95,443202,USD
Forties,2025-11-07,79.4,788671,USD
Forties,2025-11-08,80.82,458539,USD
Forties,2025-11-09,81.14,387185,USD
Forties,2025-11-10,80.84,103622,USD
Forties,2025-11-11,83.07,461480,USD
Forties,2025-11-12,84.0,711422,USD
Forties,2025-11-13,81.66,538774,USD
Forties,2025-11-14,81.88,857834,USD
Forties,2025-11-15,81.23,748291,USD
Forties,2025-11-16,80.32,899999,USD
Forties,2025-11-17,81.32,389974,USD
Forties,2025-11-18,81.66,308292,USD
Forties,2025-11-19,82.63,326570,USD
Forties,2025-11-20,84.52,234637,USD
Forties,2025-11-21,84.36,843376,USD
Forties,2025-11-22,86.16,928244,USD
Forties,2025-11-23,84.94,484744,USD
Forties,2025-11-24,87.29,576534,USD
Forties,2025-11-25,86.24,716004,USD
Forties,2025-11-26,84.15,860311,USD
Forties,2025-11-27,84.89,276197,USD
Forties,2025-11-28,84.8,760492,USD
Forties,2025-11-29,84.95,356189,USD
Forties,2025-11-30,82.64,773103,USD
Forties,2025-12-01,80.42,601133,USD
Forties,2025-12-02,79.72,722793,USD
Forties,2025-12-03,81.12,777653,USD
Forties,2025-12-04,80.5,534535,USD
Forties,2025-12-05,78.32,420118,USD
Forties,2025-12-06,80.67,294279,USD
Forties,2025-12-07,78.42,738451,USD
Forties,2025-12-08,78.64,650290,USD
Forties,2025-12-09,80.05,162039,USD
Forties,2025-12-10,79.22,653546,USD
Forties,2025-12-11,80.63,981200,USD
Forties,2025-12-12,83.75,500787,USD
Forties,2025-12-13,85.07,154329,USD
Forties,2025-12-14,84.92,562844,USD
Forties,2025-12-15,85.08,637435,USD
Forties,2025-12-16,81.01,521032,USD
Forties,2025-12-17,79.92,380274,USD
Forties,2025-12-18,75.95,609584,USD
Forties,2025-12-19,74.21,314131,USD
Forties,2025-12-20,74.21,274745,USD
Forties,2025-12-21,74.81,529360,USD
Forties,2025-12-22,75.84,252602,USD
Forties,2025-12-23,79.68,835728,USD
Forties,2025-12-24,76.83,845312,USD
Forties,2025-12-25,75.01,674672,USD
Forties,2025-12-26,75.53,766735,USD
Forties,2025-12-27,77.13,852801,USD
Forties,2025-12-28,75.82,557720,USD
Forties,2025-12-29,76.17,174212,USD
Forties,2025-12-30,76.83,958216,USD
Forties,2025-12-31,80.18,264821,USD
Forties,2026-01-01,77.56,652658,USD
Forties,2026-01-02,78.53,750384,USD
Forties,2026-01-03,80.19,868195,USD
Forties,2026-01-04,81.37,169544,USD
Forties,2026-01-05,83.97,548727,USD
Forties,2026-01-06,81.79,271608,USD
Forties,2026-01-07,77.47,451034,USD
Forties,2026-01-08,79.93,828778,USD
Forties,2026-01-09,79.19,152257,USD
Forties,2026-01-10,79.04,870619,USD
Forties,2026-01-11,79.15,427931,USD
Forties,2026-01-12,79.4,944740,USD
Forties,2026-01-13,81.29,789267,USD
Forties,2026-01-14,82.18,441225,USD
Forties,2026-01-15,79.46,362812,USD
Forties,2026-01-16,79.28,800313,USD
Forties,2026-01-17,79.9,518656,USD
Forties,2026-01-18,80.99,177858,USD
Forties,2026-01-19,80.67,517439,USD
Forties,2026-01-20,79.57,648208,USD
Forties,2026-01-21,81.58,581470,USD
Forties,2026-01-22,80.79,217395,USD
Forties,2026-01-23,82.09,574692,USD
Forties,2026-01-24,83.93,563097,USD
Forties,2026-01-25,84.43,920120,USD
Forties,2026-01-26,83.11,183920,USD
Forties,2026-01-27,84.01,355909,USD
Forties,2026-01-28,83.48,688549,USD
Forties,2026-01-29,88.22,474210,USD
Forties,2026-01-30,89.93,369992,USD
Forties,2026-01-31,91.56,679270,USD
Forties,2026-02-01,93.91,319345,USD
Forties,2026-02-02,90.02,191738,USD
Forties,2026-02-03,89.84,156449,USD
Forties,2026-02-04,92.06,926851,USD
Forties,2026-02-05,90.96,907076,USD
Forties,2026-02-06,87.95,818241,USD
Forties,2026-02-07,88.24,292341,USD
Forties,2026-02-08,86.47,563484,USD
Forties,2026-02-09,84.92,389644,USD
Forties,2026-02-10,84.6,886516,USD
Forties,2026-02-11,82.23,613497,USD
Forties,2026-02-12,81.79,250276,USD
Forties,2026-02-13,82.33,618019,USD
Forties,2026-02-14,86.44,815164,USD
Forties,2026-02-15,85.5,776176,USD
Forties,2026-02-16,85.22,285748,USD
Forties,2026-02-17,86.44,595821,USD
Forties,2026-02-18,85.77,287099,USD
Forties,2026-02-19,84.55,456907,USD
Forties,2026-02-20,86.8,737523,USD
Forties,2026-02-21,90.0,694347,USD
Forties,2026-02-22,89.31,216573,USD
Forties,2026-02-23,88.04,858675,USD
Forties,2026-02-24,86.49,407178,USD
Forties,2026-02-25,87.77,969953,USD
Forties,2026-02-26,90.36,338131,USD
Forties,2026-02-27,91.17,289047,USD
Forties,2026-02-28,92.54,712880,USD
Forties,2026-03-01,94.62,597371,USD
Forties,2026-03-02,97.89,343002,USD
Forties,2026-03-03,98.77,417491,USD
Forties,2026-03-04,98.0,591678,USD
Forties,2026-03-05,99.5,732375,USD
Forties,2026-03-06,101.84,824952,USD
Forties,2026-03-07,101.35,757968,USD
Forties,2026-03-08,97.39,647857,USD
Forties,2026-03-09,96.57,888600,USD
Forties,2026-03-10,94.17,979853,USD
Forties,2026-03-11,89.31,710198,USD
Forties,2026-03-12,88.58,608846,USD
Forties,2026-03-13,88.44,186468,USD
Forties,2026-03-14,89.45,514458,USD
Forties,2026-03-15,90.79,486289,USD
Forties,2026-03-16,90.18,324117,USD
Forties,2026-03-17,91.33,945277,USD
Forties,2026-03-18,92.31,275674,USD
Forties,2026-03-19,93.25,228966,USD
Forties,2026-03-20,91.79,756192,USD
Forties,2026-03-21,93.33,326717,USD
Forties,2026-03-22,93.74,320330,USD
Forties,2026-03-23,93.65,438733,USD
Forties,2026-03-24,92.36,540904,USD
Forties,2026-03-25,91.7,440821,USD
Forties,2026-03-26,93.55,589824,USD
Forties,2026-03-27,94.68,128976,USD
Forties,2026-03-28,93.57,654720,USD
Forties,2026-03-29,93.87,716526,USD
Forties,2026-03-30,94.91,919976,USD
Forties,2026-03-31,93.92,831778,USD
Forties,2026-04-01,95.42,923333,USD
Forties,2026-04-02,92.05,388598,USD
Forties,2026-04-03,93.53,937024,USD
Forties,2026-04-04,94.87,206115,USD
Forties,2026-04-05,95.46,259512,USD
Forties,2026-04-06,95.07,714006,USD
Forties,2026-04-07,93.38,356737,USD
Forties,2026-04-08,93.5,568334,USD
Forties,2026-04-09,94.41,659694,USD
Basra Light,2024-04-09,66.55,546429,USD
Basra Light,2024-04-10,65.18,468168,USD
Basra Light,2024-04-11,64.46,125666,USD
Basra Light,2024-04-12,63.8,476744,USD
Basra Light,2024-04-13,60.99,139865,USD
Basra Light,2024-04-14,63.44,170293,USD
Basra Light,2024-04-15,67.85,948846,USD
Basra Light,2024-04-16,70.52,461570,USD
Basra Light,2024-04-17,68.97,163817,USD
Basra Light,2024-04-18,72.54,453921,USD
Basra Light,2024-04-19,72.21,295510,USD
Basra Light,2024-04-20,73.72,930425,USD
Basra Light,2024-04-21,75.1,438548,USD
Basra Light,2024-04-22,70.55,331373,USD
Basra Light,2024-04-23,70.76,775929,USD
Basra Light,2024-04-24,69.09,463306,USD
Basra Light,2024-04-25,65.36,741395,USD
Basra Light,2024-04-26,65.84,524424,USD
Basra Light,2024-04-27,67.05,801284,USD
Basra Light,2024-04-28,65.97,186097,USD
Basra Light,2024-04-29,66.31,134125,USD
Basra Light,2024-04-30,68.88,381774,USD
Basra Light,2024-05-01,68.54,445744,USD
Basra Light,2024-05-02,66.1,205337,USD
Basra Light,2024-05-03,67.83,114452,USD
Basra Light,2024-05-04,67.19,596611,USD
Basra Light,2024-05-05,65.97,157600,USD
Basra Light,2024-05-06,65.49,668783,USD
Basra Light,2024-05-07,64.95,654210,USD
Basra Light,2024-05-08,61.73,434007,USD
Basra Light,2024-05-09,62.38,187020,USD
Basra Light,2024-05-10,63.0,981722,USD
Basra Light,2024-05-11,62.57,682893,USD
Basra Light,2024-05-12,63.04,129876,USD
Basra Light,2024-05-13,64.38,997086,USD
Basra Light,2024-05-14,64.97,327552,USD
Basra Light,2024-05-15,63.68,452783,USD
Basra Light,2024-05-16,61.97,325491,USD
Basra Light,2024-05-17,65.89,401001,USD
Basra Light,2024-05-18,66.53,818751,USD
Basra Light,2024-05-19,66.31,512693,USD
Basra Light,2024-05-20,67.41,241464,USD
Basra Light,2024-05-21,66.35,289415,USD
Basra Light,2024-05-22,68.1,218608,USD
Basra Light,2024-05-23,67.48,210010,USD
Basra Light,2024-05-24,63.9,611855,USD
Basra Light,2024-05-25,63.8,506473,USD
Basra Light,2024-05-26,61.87,226944,USD
Basra Light,2024-05-27,61.55,838970,USD
Basra Light,2024-05-28,60.97,202114,USD
Basra Light,2024-05-29,61.81,148075,USD
Basra Light,2024-05-30,64.86,435528,USD
Basra Light,2024-05-31,66.4,711708,USD
Basra Light,2024-06-01,67.03,158386,USD
Basra Light,2024-06-02,67.34,273062,USD
Basra Light,2024-06-03,68.04,175297,USD
Basra Light,2024-06-04,70.8,345981,USD
Basra Light,2024-06-05,71.86,332239,USD
Basra Light,2024-06-06,68.31,165663,USD
Basra Light,2024-06-07,66.47,507136,USD
Basra Light,2024-06-08,68.58,214899,USD
Basra Light,2024-06-09,69.17,911427,USD
Basra Light,2024-06-10,71.87,545924,USD
Basra Light,2024-06-11,73.28,390779,USD
Basra Light,2024-06-12,73.52,429077,USD
Basra Light,2024-06-13,73.74,749731,USD
Basra Light,2024-06-14,72.65,796167,USD
Basra Light,2024-06-15,72.28,259176,USD
Basra Light,2024-06-16,69.97,695914,USD
Basra Light,2024-06-17,68.45,865815,USD
Basra Light,2024-06-18,66.49,512620,USD
Basra Light,2024-06-19,66.48,176089,USD
Basra Light,2024-06-20,65.59,986810,USD
Basra Light,2024-06-21,62.54,607345,USD
Basra Light,2024-06-22,63.65,169180,USD
Basra Light,2024-06-23,62.94,393191,USD
Basra Light,2024-06-24,64.61,131578,USD
Basra Light,2024-06-25,65.59,513411,USD
Basra Light,2024-06-26,69.8,916867,USD
Basra Light,2024-06-27,69.81,382681,USD
Basra Light,2024-06-28,68.76,262434,USD
Basra Light,2024-06-29,67.21,718844,USD
Basra Light,2024-06-30,68.52,414338,USD
Basra Light,2024-07-01,70.02,133616,USD
Basra Light,2024-07-02,70.06,550238,USD
Basra Light,2024-07-03,70.6,349183,USD
Basra Light,2024-07-04,72.78,457913,USD
Basra Light,2024-07-05,74.19,136959,USD
Basra Light,2024-07-06,74.84,164384,USD
Basra Light,2024-07-07,72.59,338437,USD
Basra Light,2024-07-08,71.13,299142,USD
Basra Light,2024-07-09,70.48,940558,USD
Basra Light,2024-07-10,69.95,229770,USD
Basra Light,2024-07-11,68.65,939713,USD
Basra Light,2024-07-12,67.13,780142,USD
Basra Light,2024-07-13,66.67,852678,USD
Basra Light,2024-07-14,67.01,467373,USD
Basra Light,2024-07-15,68.02,839964,USD
Basra Light,2024-07-16,64.84,800786,USD
Basra Light,2024-07-17,63.97,113165,USD
Basra Light,2024-07-18,60.98,891389,USD
Basra Light,2024-07-19,61.0,396448,USD
Basra Light,2024-07-20,60.98,431320,USD
Basra Light,2024-07-21,60.81,899527,USD
Basra Light,2024-07-22,60.34,122992,USD
Basra Light,2024-07-23,59.51,433831,USD
Basra Light,2024-07-24,59.34,255376,USD
Basra Light,2024-07-25,60.41,492444,USD
Basra Light,2024-07-26,59.71,346418,USD
Basra Light,2024-07-27,57.57,333452,USD
Basra Light,2024-07-28,58.1,591623,USD
Basra Light,2024-07-29,59.62,542342,USD
Basra Light,2024-07-30,57.39,794790,USD
Basra Light,2024-07-31,54.9,236064,USD
Basra Light,2024-08-01,52.62,829272,USD
Basra Light,2024-08-02,52.42,583993,USD
Basra Light,2024-08-03,55.65,153589,USD
Basra Light,2024-08-04,58.49,616444,USD
Basra Light,2024-08-05,59.03,338775,USD
Basra Light,2024-08-06,56.7,590385,USD
Basra Light,2024-08-07,59.52,538808,USD
Basra Light,2024-08-08,62.45,895488,USD
Basra Light,2024-08-09,60.86,104691,USD
Basra Light,2024-08-10,60.9,730658,USD
Basra Light,2024-08-11,62.41,870062,USD
Basra Light,2024-08-12,64.91,259857,USD
Basra Light,2024-08-13,64.67,243250,USD
Basra Light,2024-08-14,66.38,903183,USD
Basra Light,2024-08-15,67.11,679366,USD
Basra Light,2024-08-16,63.01,982000,USD
Basra Light,2024-08-17,63.63,387726,USD
Basra Light,2024-08-18,64.07,647661,USD
Basra Light,2024-08-19,67.41,454132,USD
Basra Light,2024-08-20,67.56,944008,USD
Basra Light,2024-08-21,68.53,106832,USD
Basra Light,2024-08-22,71.89,770572,USD
Basra Light,2024-08-23,73.01,914479,USD
Basra Light,2024-08-24,72.04,977079,USD
Basra Light,2024-08-25,71.98,299858,USD
Basra Light,2024-08-26,70.55,569843,USD
Basra Light,2024-08-27,70.46,441960,USD
Basra Light,2024-08-28,70.22,452292,USD
Basra Light,2024-08-29,69.55,990929,USD
Basra Light,2024-08-30,69.99,988583,USD
Basra Light,2024-08-31,67.12,812817,USD
Basra Light,2024-09-01,70.98,199398,USD
Basra Light,2024-09-02,70.77,497033,USD
Basra Light,2024-09-03,70.82,732429,USD
Basra Light,2024-09-04,73.59,771176,USD
Basra Light,2024-09-05,74.69,513840,USD
Basra Light,2024-09-06,73.97,289166,USD
Basra Light,2024-09-07,73.5,775281,USD
Basra Light,2024-09-08,75.6,593229,USD
Basra Light,2024-09-09,77.99,626022,USD
Basra Light,2024-09-10,77.08,451505,USD
Basra Light,2024-09-11,79.8,929979,USD
Basra Light,2024-09-12,77.06,236535,USD
Basra Light,2024-09-13,80.08,781825,USD
Basra Light,2024-09-14,80.85,573068,USD
Basra Light,2024-09-15,83.54,856924,USD
Basra Light,2024-09-16,84.84,785631,USD
Basra Light,2024-09-17,84.04,426355,USD
Basra Light,2024-09-18,83.93,215004,USD
Basra Light,2024-09-19,83.2,148037,USD
Basra Light,2024-09-20,81.93,719660,USD
Basra Light,2024-09-21,82.93,968217,USD
Basra Light,2024-09-22,79.69,888000,USD
Basra Light,2024-09-23,79.46,338416,USD
Basra Light,2024-09-24,79.72,168753,USD
Basra Light,2024-09-25,76.55,319101,USD
Basra Light,2024-09-26,77.26,991652,USD
Basra Light,2024-09-27,78.56,614784,USD
Basra Light,2024-09-28,79.55,883912,USD
Basra Light,2024-09-29,80.5,353204,USD
Basra Light,2024-09-30,80.82,635787,USD
Basra Light,2024-10-01,79.03,891737,USD
Basra Light,2024-10-02,82.2,981822,USD
Basra Light,2024-10-03,77.28,524744,USD
Basra Light,2024-10-04,77.0,867463,USD
Basra Light,2024-10-05,76.19,587952,USD
Basra Light,2024-10-06,76.45,115570,USD
Basra Light,2024-10-07,75.08,524806,USD
Basra Light,2024-10-08,77.3,818810,USD
Basra Light,2024-10-09,74.53,404111,USD
Basra Light,2024-10-10,73.48,998357,USD
Basra Light,2024-10-11,73.11,367369,USD
Basra Light,2024-10-12,74.12,310656,USD
Basra Light,2024-10-13,75.14,312554,USD
Basra Light,2024-10-14,77.02,439294,USD
Basra Light,2024-10-15,83.59,899854,USD
Basra Light,2024-10-16,85.16,442509,USD
Basra Light,2024-10-17,84.91,771735,USD
Basra Light,2024-10-18,86.64,937228,USD
Basra Light,2024-10-19,86.42,488398,USD
Basra Light,2024-10-20,83.52,676802,USD
Basra Light,2024-10-21,80.8,904696,USD
Basra Light,2024-10-22,80.37,968122,USD
Basra Light,2024-10-23,78.45,806765,USD
Basra Light,2024-10-24,78.35,727427,USD
Basra Light,2024-10-25,79.98,978248,USD
Basra Light,2024-10-26,79.37,602068,USD
Basra Light,2024-10-27,75.85,626055,USD
Basra Light,2024-10-28,76.99,495678,USD
Basra Light,2024-10-29,76.18,327437,USD
Basra Light,2024-10-30,75.81,278069,USD
Basra Light,2024-10-31,80.36,647714,USD
Basra Light,2024-11-01,82.24,449362,USD
Basra Light,2024-11-02,84.63,528609,USD
Basra Light,2024-11-03,84.07,988995,USD
Basra Light,2024-11-04,88.01,145326,USD
Basra Light,2024-11-05,86.42,688005,USD
Basra Light,2024-11-06,83.55,607435,USD
Basra Light,2024-11-07,87.94,241707,USD
Basra Light,2024-11-08,84.45,226750,USD
Basra Light,2024-11-09,83.66,715388,USD
Basra Light,2024-11-10,84.83,703911,USD
Basra Light,2024-11-11,84.29,681116,USD
Basra Light,2024-11-12,83.12,938730,USD
Basra Light,2024-11-13,83.27,665143,USD
Basra Light,2024-11-14,83.3,739099,USD
Basra Light,2024-11-15,83.68,150588,USD
Basra Light,2024-11-16,86.28,800662,USD
Basra Light,2024-11-17,87.57,793100,USD
Basra Light,2024-11-18,87.26,720355,USD
Basra Light,2024-11-19,87.9,404299,USD
Basra Light,2024-11-20,82.33,393421,USD
Basra Light,2024-11-21,82.16,680980,USD
Basra Light,2024-11-22,82.96,982532,USD
Basra Light,2024-11-23,81.6,824102,USD
Basra Light,2024-11-24,80.86,392397,USD
Basra Light,2024-11-25,82.75,565343,USD
Basra Light,2024-11-26,80.8,743046,USD
Basra Light,2024-11-27,82.75,599576,USD
Basra Light,2024-11-28,86.11,550918,USD
Basra Light,2024-11-29,85.43,643925,USD
Basra Light,2024-11-30,83.5,588313,USD
Basra Light,2024-12-01,82.24,496197,USD
Basra Light,2024-12-02,85.43,721455,USD
Basra Light,2024-12-03,83.4,141328,USD
Basra Light,2024-12-04,81.48,187202,USD
Basra Light,2024-12-05,77.97,312310,USD
Basra Light,2024-12-06,77.19,118224,USD
Basra Light,2024-12-07,77.63,747359,USD
Basra Light,2024-12-08,80.49,931128,USD
Basra Light,2024-12-09,79.89,639370,USD
Basra Light,2024-12-10,80.99,960230,USD
Basra Light,2024-12-11,79.77,622208,USD
Basra Light,2024-12-12,77.51,443374,USD
Basra Light,2024-12-13,80.04,761189,USD
Basra Light,2024-12-14,80.42,810863,USD
Basra Light,2024-12-15,81.71,254471,USD
Basra Light,2024-12-16,82.03,258898,USD
Basra Light,2024-12-17,79.1,671495,USD
Basra Light,2024-12-18,80.98,827299,USD
Basra Light,2024-12-19,79.63,517408,USD
Basra Light,2024-12-20,80.63,993508,USD
Basra Light,2024-12-21,78.47,660331,USD
Basra Light,2024-12-22,76.44,831746,USD
Basra Light,2024-12-23,75.24,860325,USD
Basra Light,2024-12-24,73.55,312622,USD
Basra Light,2024-12-25,71.22,917544,USD
Basra Light,2024-12-26,75.53,473933,USD
Basra Light,2024-12-27,75.61,667912,USD
Basra Light,2024-12-28,72.46,671032,USD
Basra Light,2024-12-29,70.22,631955,USD
Basra Light,2024-12-30,68.66,431719,USD
Basra Light,2024-12-31,67.74,473677,USD
Basra Light,2025-01-01,69.17,132566,USD
Basra Light,2025-01-02,69.62,319294,USD
Basra Light,2025-01-03,69.64,486730,USD
Basra Light,2025-01-04,66.84,756133,USD
Basra Light,2025-01-05,67.91,895471,USD
Basra Light,2025-01-06,65.0,919609,USD
Basra Light,2025-01-07,64.62,277822,USD
Basra Light,2025-01-08,65.2,105839,USD
Basra Light,2025-01-09,65.85,268241,USD
Basra Light,2025-01-10,66.16,673249,USD
Basra Light,2025-01-11,66.56,682174,USD
Basra Light,2025-01-12,66.78,973264,USD
Basra Light,2025-01-13,64.24,588711,USD
Basra Light,2025-01-14,61.6,445151,USD
Basra Light,2025-01-15,63.26,410518,USD
Basra Light,2025-01-16,64.94,570060,USD
Basra Light,2025-01-17,62.89,172037,USD
Basra Light,2025-01-18,63.23,779949,USD
Basra Light,2025-01-19,63.97,152197,USD
Basra Light,2025-01-20,63.99,625176,USD
Basra Light,2025-01-21,65.96,425100,USD
Basra Light,2025-01-22,65.1,334438,USD
Basra Light,2025-01-23,64.4,115149,USD
Basra Light,2025-01-24,66.39,451260,USD
Basra Light,2025-01-25,63.89,488788,USD
Basra Light,2025-01-26,65.46,151043,USD
Basra Light,2025-01-27,68.42,471981,USD
Basra Light,2025-01-28,69.44,478209,USD
Basra Light,2025-01-29,69.31,576329,USD
Basra Light,2025-01-30,66.88,954046,USD
Basra Light,2025-01-31,67.22,573848,USD
Basra Light,2025-02-01,65.8,564609,USD
Basra Light,2025-02-02,65.24,136695,USD
Basra Light,2025-02-03,65.95,705044,USD
Basra Light,2025-02-04,64.29,655154,USD
Basra Light,2025-02-05,62.12,255327,USD
Basra Light,2025-02-06,61.08,513313,USD
Basra Light,2025-02-07,55.92,976546,USD
Basra Light,2025-02-08,58.61,487353,USD
Basra Light,2025-02-09,59.36,508454,USD
Basra Light,2025-02-10,57.92,546611,USD
Basra Light,2025-02-11,56.67,910249,USD
Basra Light,2025-02-12,58.94,737336,USD
Basra Light,2025-02-13,56.29,800807,USD
Basra Light,2025-02-14,52.25,970314,USD
Basra Light,2025-02-15,54.9,650197,USD
Basra Light,2025-02-16,53.17,702954,USD
Basra Light,2025-02-17,55.72,332017,USD
Basra Light,2025-02-18,57.36,569255,USD
Basra Light,2025-02-19,55.41,714948,USD
Basra Light,2025-02-20,56.72,499540,USD
Basra Light,2025-02-21,53.66,637264,USD
Basra Light,2025-02-22,55.71,825336,USD
Basra Light,2025-02-23,53.72,333924,USD
Basra Light,2025-02-24,55.78,726026,USD
Basra Light,2025-02-25,53.24,733689,USD
Basra Light,2025-02-26,51.36,455368,USD
Basra Light,2025-02-27,54.56,329335,USD
Basra Light,2025-02-28,55.52,183869,USD
Basra Light,2025-03-01,53.81,944013,USD
Basra Light,2025-03-02,54.34,916001,USD
Basra Light,2025-03-03,54.82,467744,USD
Basra Light,2025-03-04,54.36,119477,USD
Basra Light,2025-03-05,54.83,806402,USD
Basra Light,2025-03-06,57.12,321223,USD
Basra Light,2025-03-07,58.7,706478,USD
Basra Light,2025-03-08,59.75,302032,USD
Basra Light,2025-03-09,57.99,161607,USD
Basra Light,2025-03-10,55.43,756499,USD
Basra Light,2025-03-11,55.29,313809,USD
Basra Light,2025-03-12,56.92,356471,USD
Basra Light,2025-03-13,53.11,440189,USD
Basra Light,2025-03-14,52.19,173981,USD
Basra Light,2025-03-15,53.1,395522,USD
Basra Light,2025-03-16,55.7,435181,USD
Basra Light,2025-03-17,51.09,810920,USD
Basra Light,2025-03-18,50.93,444030,USD
Basra Light,2025-03-19,49.88,682820,USD
Basra Light,2025-03-20,49.9,988189,USD
Basra Light,2025-03-21,50.95,372024,USD
Basra Light,2025-03-22,47.73,187348,USD
Basra Light,2025-03-23,45.89,489394,USD
Basra Light,2025-03-24,44.26,366505,USD
Basra Light,2025-03-25,43.56,897792,USD
Basra Light,2025-03-26,45.72,650842,USD
Basra Light,2025-03-27,43.72,484463,USD
Basra Light,2025-03-28,42.41,632896,USD
Basra Light,2025-03-29,39.78,415677,USD
Basra Light,2025-03-30,39.1,891790,USD
Basra Light,2025-03-31,38.59,496281,USD
Basra Light,2025-04-01,38.24,885309,USD
Basra Light,2025-04-02,42.92,592241,USD
Basra Light,2025-04-03,44.53,747720,USD
Basra Light,2025-04-04,44.46,200394,USD
Basra Light,2025-04-05,45.48,852266,USD
Basra Light,2025-04-06,44.34,590671,USD
Basra Light,2025-04-07,48.48,495204,USD
Basra Light,2025-04-08,50.18,712179,USD
Basra Light,2025-04-09,51.59,384689,USD
Basra Light,2025-04-10,54.27,244859,USD
Basra Light,2025-04-11,57.74,670338,USD
Basra Light,2025-04-12,55.79,444377,USD
Basra Light,2025-04-13,58.18,123656,USD
Basra Light,2025-04-14,59.05,505558,USD
Basra Light,2025-04-15,59.61,686328,USD
Basra Light,2025-04-16,62.77,565008,USD
Basra Light,2025-04-17,60.98,243807,USD
Basra Light,2025-04-18,60.94,444734,USD
Basra Light,2025-04-19,60.63,675772,USD
Basra Light,2025-04-20,61.47,580377,USD
Basra Light,2025-04-21,62.39,100227,USD
Basra Light,2025-04-22,64.69,786856,USD
Basra Light,2025-04-23,64.83,912627,USD
Basra Light,2025-04-24,68.18,917601,USD
Basra Light,2025-04-25,72.98,996869,USD
Basra Light,2025-04-26,74.04,368938,USD
Basra Light,2025-04-27,72.06,906280,USD
Basra Light,2025-04-28,70.96,770039,USD
Basra Light,2025-04-29,72.36,143335,USD
Basra Light,2025-04-30,73.28,554464,USD
Basra Light,2025-05-01,74.08,699982,USD
Basra Light,2025-05-02,77.79,836086,USD
Basra Light,2025-05-03,79.85,246624,USD
Basra Light,2025-05-04,79.11,343797,USD
Basra Light,2025-05-05,78.86,441918,USD
Basra Light,2025-05-06,78.01,824743,USD
Basra Light,2025-05-07,76.41,686902,USD
Basra Light,2025-05-08,80.29,147505,USD
Basra Light,2025-05-09,81.19,677230,USD
Basra Light,2025-05-10,78.92,796721,USD
Basra Light,2025-05-11,82.04,715582,USD
Basra Light,2025-05-12,80.68,967054,USD
Basra Light,2025-05-13,81.21,641587,USD
Basra Light,2025-05-14,78.3,998783,USD
Basra Light,2025-05-15,78.52,411566,USD
Basra Light,2025-05-16,75.67,573303,USD
Basra Light,2025-05-17,71.96,263747,USD
Basra Light,2025-05-18,73.6,391542,USD
Basra Light,2025-05-19,76.14,480806,USD
Basra Light,2025-05-20,76.8,912983,USD
Basra Light,2025-05-21,82.16,542614,USD
Basra Light,2025-05-22,80.95,759950,USD
Basra Light,2025-05-23,77.64,230985,USD
Basra Light,2025-05-24,78.6,645511,USD
Basra Light,2025-05-25,76.76,456055,USD
Basra Light,2025-05-26,76.71,563298,USD
Basra Light,2025-05-27,78.82,683581,USD
Basra Light,2025-05-28,77.83,360962,USD
Basra Light,2025-05-29,77.78,548516,USD
Basra Light,2025-05-30,80.21,978928,USD
Basra Light,2025-05-31,79.91,226521,USD
Basra Light,2025-06-01,80.87,393100,USD
Basra Light,2025-06-02,82.09,884221,USD
Basra Light,2025-06-03,81.8,560298,USD
Basra Light,2025-06-04,81.58,293951,USD
Basra Light,2025-06-05,81.61,122296,USD
Basra Light,2025-06-06,80.41,882142,USD
Basra Light,2025-06-07,81.27,678991,USD
Basra Light,2025-06-08,80.11,664862,USD
Basra Light,2025-06-09,79.19,910753,USD
Basra Light,2025-06-10,77.38,628645,USD
Basra Light,2025-06-11,79.99,379685,USD
Basra Light,2025-06-12,77.46,656337,USD
Basra Light,2025-06-13,81.24,407454,USD
Basra Light,2025-06-14,81.07,937432,USD
Basra Light,2025-06-15,80.34,663670,USD
Basra Light,2025-06-16,78.53,367381,USD
Basra Light,2025-06-17,76.9,619482,USD
Basra Light,2025-06-18,75.73,745783,USD
Basra Light,2025-06-19,81.81,384883,USD
Basra Light,2025-06-20,80.64,804358,USD
Basra Light,2025-06-21,81.66,697429,USD
Basra Light,2025-06-22,81.26,700301,USD
Basra Light,2025-06-23,85.23,171817,USD
Basra Light,2025-06-24,85.73,765470,USD
Basra Light,2025-06-25,83.48,168626,USD
Basra Light,2025-06-26,82.62,767255,USD
Basra Light,2025-06-27,87.5,395521,USD
Basra Light,2025-06-28,89.21,960089,USD
Basra Light,2025-06-29,89.18,934362,USD
Basra Light,2025-06-30,87.45,367898,USD
Basra Light,2025-07-01,85.92,497180,USD
Basra Light,2025-07-02,83.91,658573,USD
Basra Light,2025-07-03,80.95,786273,USD
Basra Light,2025-07-04,82.52,128965,USD
Basra Light,2025-07-05,83.69,142960,USD
Basra Light,2025-07-06,84.03,620326,USD
Basra Light,2025-07-07,86.95,147328,USD
Basra Light,2025-07-08,88.44,873263,USD
Basra Light,2025-07-09,85.8,925285,USD
Basra Light,2025-07-10,92.0,849744,USD
Basra Light,2025-07-11,92.05,583862,USD
Basra Light,2025-07-12,93.88,810939,USD
Basra Light,2025-07-13,93.96,918165,USD
Basra Light,2025-07-14,94.22,858224,USD
Basra Light,2025-07-15,91.21,200033,USD
Basra Light,2025-07-16,90.1,827306,USD
Basra Light,2025-07-17,91.13,650800,USD
Basra Light,2025-07-18,90.89,713714,USD
Basra Light,2025-07-19,88.12,670467,USD
Basra Light,2025-07-20,89.91,567337,USD
Basra Light,2025-07-21,89.59,555280,USD
Basra Light,2025-07-22,89.82,823210,USD
Basra Light,2025-07-23,87.19,293907,USD
Basra Light,2025-07-24,83.98,783725,USD
Basra Light,2025-07-25,84.32,607907,USD
Basra Light,2025-07-26,86.94,594298,USD
Basra Light,2025-07-27,88.67,445985,USD
Basra Light,2025-07-28,90.08,475012,USD
Basra Light,2025-07-29,90.59,382969,USD
Basra Light,2025-07-30,88.26,166204,USD
Basra Light,2025-07-31,84.23,548597,USD
Basra Light,2025-08-01,89.48,426538,USD
Basra Light,2025-08-02,89.14,651796,USD
Basra Light,2025-08-03,88.08,972312,USD
Basra Light,2025-08-04,88.28,735275,USD
Basra Light,2025-08-05,86.46,229076,USD
Basra Light,2025-08-06,85.62,250969,USD
Basra Light,2025-08-07,89.33,845297,USD
Basra Light,2025-08-08,90.08,812386,USD
Basra Light,2025-08-09,91.31,750960,USD
Basra Light,2025-08-10,91.14,163601,USD
Basra Light,2025-08-11,93.46,915274,USD
Basra Light,2025-08-12,95.71,435638,USD
Basra Light,2025-08-13,95.32,398867,USD
Basra Light,2025-08-14,95.39,156019,USD
Basra Light,2025-08-15,98.07,285798,USD
Basra Light,2025-08-16,98.25,574696,USD
Basra Light,2025-08-17,97.64,559897,USD
Basra Light,2025-08-18,97.15,171233,USD
Basra Light,2025-08-19,96.3,196043,USD
Basra Light,2025-08-20,96.46,594997,USD
Basra Light,2025-08-21,95.66,616039,USD
Basra Light,2025-08-22,95.81,854652,USD
Basra Light,2025-08-23,94.49,633227,USD
Basra Light,2025-08-24,95.29,705027,USD
Basra Light,2025-08-25,96.38,670088,USD
Basra Light,2025-08-26,97.83,710764,USD
Basra Light,2025-08-27,98.97,394954,USD
Basra Light,2025-08-28,101.1,438364,USD
Basra Light,2025-08-29,101.42,735605,USD
Basra Light,2025-08-30,101.56,994520,USD
Basra Light,2025-08-31,100.47,501451,USD
Basra Light,2025-09-01,102.12,380882,USD
Basra Light,2025-09-02,101.15,440876,USD
Basra Light,2025-09-03,97.88,670004,USD
Basra Light,2025-09-04,96.7,292349,USD
Basra Light,2025-09-05,98.52,700205,USD
Basra Light,2025-09-06,99.88,114351,USD
Basra Light,2025-09-07,100.46,867736,USD
Basra Light,2025-09-08,105.13,182234,USD
Basra Light,2025-09-09,105.93,489353,USD
Basra Light,2025-09-10,104.45,553685,USD
Basra Light,2025-09-11,102.79,831210,USD
Basra Light,2025-09-12,103.92,585476,USD
Basra Light,2025-09-13,106.95,484575,USD
Basra Light,2025-09-14,107.06,328569,USD
Basra Light,2025-09-15,107.93,307081,USD
Basra Light,2025-09-16,108.91,106928,USD
Basra Light,2025-09-17,113.68,847058,USD
Basra Light,2025-09-18,115.69,161902,USD
Basra Light,2025-09-19,118.22,425850,USD
Basra Light,2025-09-20,116.66,504179,USD
Basra Light,2025-09-21,115.68,420247,USD
Basra Light,2025-09-22,114.56,907852,USD
Basra Light,2025-09-23,114.21,134154,USD
Basra Light,2025-09-24,114.47,947520,USD
Basra Light,2025-09-25,115.2,279693,USD
Basra Light,2025-09-26,115.17,505561,USD
Basra Light,2025-09-27,114.0,398343,USD
Basra Light,2025-09-28,112.06,760891,USD
Basra Light,2025-09-29,112.99,754311,USD
Basra Light,2025-09-30,114.51,250280,USD
Basra Light,2025-10-01,114.24,340603,USD
Basra Light,2025-10-02,111.22,247432,USD
Basra Light,2025-10-03,113.21,136132,USD
Basra Light,2025-10-04,112.86,322459,USD
Basra Light,2025-10-05,110.37,333083,USD
Basra Light,2025-10-06,110.45,756326,USD
Basra Light,2025-10-07,112.59,132139,USD
Basra Light,2025-10-08,111.89,267775,USD
Basra Light,2025-10-09,107.39,208172,USD
Basra Light,2025-10-10,106.94,962457,USD
Basra Light,2025-10-11,105.68,174845,USD
Basra Light,2025-10-12,106.12,980401,USD
Basra Light,2025-10-13,106.25,524100,USD
Basra Light,2025-10-14,105.39,900641,USD
Basra Light,2025-10-15,104.42,920514,USD
Basra Light,2025-10-16,107.18,765938,USD
Basra Light,2025-10-17,108.29,695639,USD
Basra Light,2025-10-18,109.35,580602,USD
Basra Light,2025-10-19,111.2,313260,USD
Basra Light,2025-10-20,110.84,365312,USD
Basra Light,2025-10-21,114.19,821751,USD
Basra Light,2025-10-22,114.94,248897,USD
Basra Light,2025-10-23,115.27,684270,USD
Basra Light,2025-10-24,115.99,189549,USD
Basra Light,2025-10-25,115.54,690545,USD
Basra Light,2025-10-26,114.37,958724,USD
Basra Light,2025-10-27,116.71,865657,USD
Basra Light,2025-10-28,114.61,900968,USD
Basra Light,2025-10-29,112.66,970409,USD
Basra Light,2025-10-30,112.55,593498,USD
Basra Light,2025-10-31,111.01,183620,USD
Basra Light,2025-11-01,108.0,582450,USD
Basra Light,2025-11-02,105.98,695071,USD
Basra Light,2025-11-03,104.49,831652,USD
Basra Light,2025-11-04,105.33,710687,USD
Basra Light,2025-11-05,105.07,904500,USD
Basra Light,2025-11-06,107.03,879196,USD
Basra Light,2025-11-07,102.95,939530,USD
Basra Light,2025-11-08,100.84,743648,USD
Basra Light,2025-11-09,99.01,362332,USD
Basra Light,2025-11-10,99.53,971958,USD
Basra Light,2025-11-11,98.28,736798,USD
Basra Light,2025-11-12,97.73,760603,USD
Basra Light,2025-11-13,95.74,522003,USD
Basra Light,2025-11-14,93.62,119610,USD
Basra Light,2025-11-15,92.3,868386,USD
Basra Light,2025-11-16,94.39,822367,USD
Basra Light,2025-11-17,91.85,564684,USD
Basra Light,2025-11-18,94.19,500346,USD
Basra Light,2025-11-19,96.06,535156,USD
Basra Light,2025-11-20,95.19,849450,USD
Basra Light,2025-11-21,95.32,558792,USD
Basra Light,2025-11-22,96.0,570840,USD
Basra Light,2025-11-23,97.4,176302,USD
Basra Light,2025-11-24,95.57,615991,USD
Basra Light,2025-11-25,97.22,573564,USD
Basra Light,2025-11-26,97.5,223356,USD
Basra Light,2025-11-27,95.8,283414,USD
Basra Light,2025-11-28,96.1,127997,USD
Basra Light,2025-11-29,94.38,522454,USD
Basra Light,2025-11-30,94.44,939650,USD
Basra Light,2025-12-01,93.66,301788,USD
Basra Light,2025-12-02,94.06,706296,USD
Basra Light,2025-12-03,94.58,591482,USD
Basra Light,2025-12-04,97.22,962031,USD
Basra Light,2025-12-05,98.5,418596,USD
Basra Light,2025-12-06,99.4,598927,USD
Basra Light,2025-12-07,96.3,613223,USD
Basra Light,2025-12-08,98.31,312989,USD
Basra Light,2025-12-09,97.6,765360,USD
Basra Light,2025-12-10,95.61,924568,USD
Basra Light,2025-12-11,99.83,192733,USD
Basra Light,2025-12-12,98.58,914017,USD
Basra Light,2025-12-13,101.46,814997,USD
Basra Light,2025-12-14,102.17,330832,USD
Basra Light,2025-12-15,103.3,180671,USD
Basra Light,2025-12-16,103.37,714744,USD
Basra Light,2025-12-17,101.72,400600,USD
Basra Light,2025-12-18,103.24,132228,USD
Basra Light,2025-12-19,103.8,669439,USD
Basra Light,2025-12-20,104.33,417275,USD
Basra Light,2025-12-21,104.57,753873,USD
Basra Light,2025-12-22,104.16,921342,USD
Basra Light,2025-12-23,105.7,771359,USD
Basra Light,2025-12-24,106.77,667618,USD
Basra Light,2025-12-25,108.54,685871,USD
Basra Light,2025-12-26,108.22,458519,USD
Basra Light,2025-12-27,107.74,589354,USD
Basra Light,2025-12-28,106.8,348071,USD
Basra Light,2025-12-29,107.1,252838,USD
Basra Light,2025-12-30,104.07,820369,USD
Basra Light,2025-12-31,109.45,232644,USD
Basra Light,2026-01-01,108.31,392118,USD
Basra Light,2026-01-02,110.86,793143,USD
Basra Light,2026-01-03,110.12,300679,USD
Basra Light,2026-01-04,107.36,989422,USD
Basra Light,2026-01-05,108.61,956911,USD
Basra Light,2026-01-06,112.17,821287,USD
Basra Light,2026-01-07,113.3,748898,USD
Basra Light,2026-01-08,116.72,864341,USD
Basra Light,2026-01-09,119.14,702901,USD
Basra Light,2026-01-10,117.37,434140,USD
Basra Light,2026-01-11,118.92,232571,USD
Basra Light,2026-01-12,112.76,997446,USD
Basra Light,2026-01-13,113.56,650087,USD
Basra Light,2026-01-14,112.27,848390,USD
Basra Light,2026-01-15,114.5,653576,USD
Basra Light,2026-01-16,112.33,593774,USD
Basra Light,2026-01-17,114.41,670633,USD
Basra Light,2026-01-18,115.99,908445,USD
Basra Light,2026-01-19,116.33,973885,USD
Basra Light,2026-01-20,115.28,484692,USD
Basra Light,2026-01-21,116.8,314553,USD
Basra Light,2026-01-22,113.26,785548,USD
Basra Light,2026-01-23,111.85,849238,USD
Basra Light,2026-01-24,111.95,515376,USD
Basra Light,2026-01-25,112.29,374737,USD
Basra Light,2026-01-26,110.93,468270,USD
Basra Light,2026-01-27,109.61,992607,USD
Basra Light,2026-01-28,110.81,417236,USD
Basra Light,2026-01-29,109.09,511534,USD
Basra Light,2026-01-30,108.5,192879,USD
Basra Light,2026-01-31,106.32,579738,USD
Basra Light,2026-02-01,106.53,609941,USD
Basra Light,2026-02-02,106.24,751571,USD
Basra Light,2026-02-03,102.57,188388,USD
Basra Light,2026-02-04,100.04,571470,USD
Basra Light,2026-02-05,94.1,766466,USD
Basra Light,2026-02-06,96.8,849253,USD
Basra Light,2026-02-07,95.58,659853,USD
Basra Light,2026-02-08,96.44,172290,USD
Basra Light,2026-02-09,94.6,219249,USD
Basra Light,2026-02-10,97.63,875845,USD
Basra Light,2026-02-11,94.49,127654,USD
Basra Light,2026-02-12,96.95,583579,USD
Basra Light,2026-02-13,97.29,974485,USD
Basra Light,2026-02-14,98.75,222806,USD
Basra Light,2026-02-15,101.49,572986,USD
Basra Light,2026-02-16,102.11,181959,USD
Basra Light,2026-02-17,105.75,755838,USD
Basra Light,2026-02-18,108.44,785090,USD
Basra Light,2026-02-19,109.84,294230,USD
Basra Light,2026-02-20,112.16,463812,USD
Basra Light,2026-02-21,112.3,381270,USD
Basra Light,2026-02-22,110.66,302854,USD
Basra Light,2026-02-23,115.63,108795,USD
Basra Light,2026-02-24,115.91,802185,USD
Basra Light,2026-02-25,116.63,483962,USD
Basra Light,2026-02-26,114.18,401345,USD
Basra Light,2026-02-27,117.06,120747,USD
Basra Light,2026-02-28,117.73,972460,USD
Basra Light,2026-03-01,118.93,784348,USD
Basra Light,2026-03-02,120.0,450154,USD
Basra Light,2026-03-03,118.73,908836,USD
Basra Light,2026-03-04,120.0,259500,USD
Basra Light,2026-03-05,120.0,387289,USD
Basra Light,2026-03-06,116.42,481813,USD
Basra Light,2026-03-07,118.75,570873,USD
Basra Light,2026-03-08,118.7,426213,USD
Basra Light,2026-03-09,117.62,564162,USD
Basra Light,2026-03-10,114.66,771503,USD
Basra Light,2026-03-11,114.07,441688,USD
Basra Light,2026-03-12,113.27,424358,USD
Basra Light,2026-03-13,115.84,391738,USD
Basra Light,2026-03-14,114.89,551708,USD
Basra Light,2026-03-15,112.26,746825,USD
Basra Light,2026-03-16,113.48,592400,USD
Basra Light,2026-03-17,116.16,319145,USD
Basra Light,2026-03-18,115.7,894858,USD
Basra Light,2026-03-19,119.81,887553,USD
Basra Light,2026-03-20,120.0,835824,USD
Basra Light,2026-03-21,120.0,489987,USD
Basra Light,2026-03-22,120.0,592639,USD
Basra Light,2026-03-23,120.0,101031,USD
Basra Light,2026-03-24,118.97,354163,USD
Basra Light,2026-03-25,120.0,799437,USD
Basra Light,2026-03-26,120.0,555333,USD
Basra Light,2026-03-27,120.0,548762,USD
Basra Light,2026-03-28,120.0,647641,USD
Basra Light,2026-03-29,119.57,446612,USD
Basra Light,2026-03-30,120.0,103194,USD
Basra Light,2026-03-31,119.29,553733,USD
Basra Light,2026-04-01,119.46,823810,USD
Basra Light,2026-04-02,116.07,807551,USD
Basra Light,2026-04-03,116.81,342745,USD
Basra Light,2026-04-04,118.2,252996,USD
Basra Light,2026-04-05,120.0,914620,USD
Basra Light,2026-04-06,120.0,813115,USD
Basra Light,2026-04-07,120.0,331028,USD
Basra Light,2026-04-08,120.0,495791,USD
Basra Light,2026-04-09,118.62,727593,USD
